0	0.0707107	6.4e+06
0.001	0.141421	6.4e+06
0.002	0.212132	6.4e+06
0.003	0.282843	6.4e+06
0.004	0.353553	6.4e+06
0.005	0.424264	6.4e+06
0.006	0.494975	6.4e+06
0.007	0.565685	6.4e+06
0.008	0.636396	6.4e+06
0.009	0.707107	6.4e+06
0.01	0.777817	6.4e+06
0.011	0.848528	6.4e+06
0.012	0.919239	6.4e+06
0.013	0.989949	6.4e+06
0.014	1.06066	6.4e+06
0.015	1.13137	6.4e+06
0.016	1.20208	6.4e+06
0.017	1.27279	6.4e+06
0.018	1.3435	6.4e+06
0.019	1.41421	6.4e+06
0.02	1.48492	6.4e+06
0.021	1.55563	6.4e+06
0.022	1.62635	6.4e+06
0.023	1.69706	6.4e+06
0.024	1.76777	6.4e+06
0.025	1.83848	6.4e+06
0.026	1.90919	6.4e+06
0.027	1.9799	6.4e+06
0.028	2.05061	6.4e+06
0.029	2.12132	6.4e+06
0.03	2.19203	6.4e+06
0.031	2.26274	6.4e+06
0.032	2.33345	6.4e+06
0.033	2.40416	6.4e+06
0.034	2.47487	6.4e+06
0.035	2.54558	6.4e+06
0.036	2.6163	6.4e+06
0.037	2.68701	6.4e+06
0.038	2.75772	6.4e+06
0.039	2.82843	6.4e+06
0.04	2.89914	6.4e+06
0.041	2.96985	6.4e+06
0.042	3.04056	6.4e+06
0.043	3.11127	6.4e+06
0.044	3.18198	6.4e+06
0.045	3.25269	6.4e+06
0.046	3.3234	6.4e+06
0.047	3.39411	6.4e+06
0.048	3.46482	6.4e+06
0.049	3.53553	6.4e+06
0.05	3.60624	6.4e+06
0.051	3.67696	6.4e+06
0.052	3.74767	6.4e+06
0.053	3.81838	6.4e+06
0.054	3.88909	6.4e+06
0.055	3.9598	6.4e+06
0.056	4.03051	6.4e+06
0.057	4.10122	6.4e+06
0.058	4.17193	6.4e+06
0.059	4.24264	6.4e+06
0.06	4.31335	6.4e+06
0.061	4.38406	6.4e+06
0.062	4.45477	6.4e+06
0.063	4.52548	6.4e+06
0.064	4.59619	6.4e+06
0.065	4.6669	6.4e+06
0.066	4.73762	6.4e+06
0.067	4.80833	6.4e+06
0.068	4.87904	6.4e+06
0.069	4.94975	6.4e+06
0.07	5.02046	6.40001e+06
0.071	5.09117	6.40001e+06
0.072	5.16188	6.40001e+06
0.073	5.23259	6.40001e+06
0.074	5.3033	6.40001e+06
0.075	5.37401	6.40001e+06
0.076	5.44472	6.40001e+06
0.077	5.51543	6.40001e+06
0.078	5.58614	6.40001e+06
0.079	5.65685	6.40001e+06
0.08	5.72756	6.40001e+06
0.081	5.79828	6.40001e+06
0.082	5.86899	6.40001e+06
0.083	5.9397	6.40001e+06
0.084	6.01041	6.40001e+06
0.085	6.08112	6.40001e+06
0.086	6.15183	6.40001e+06
0.087	6.22254	6.40001e+06
0.088	6.29325	6.40001e+06
0.089	6.36396	6.40001e+06
0.09	6.43467	6.40001e+06
0.091	6.50538	6.40001e+06
0.092	6.57609	6.40001e+06
0.093	6.6468	6.40001e+06
0.094	6.71751	6.40001e+06
0.095	6.78823	6.40001e+06
0.096	6.85894	6.40001e+06
0.097	6.92965	6.40001e+06
0.098	7.00036	6.40001e+06
0.099	7.07107	6.40001e+06
0.1	7.14178	6.40001e+06
0.101	7.21249	6.40001e+06
0.102	7.2832	6.40001e+06
0.103	7.35391	6.40001e+06
0.104	7.42462	6.40001e+06
0.105	7.49533	6.40001e+06
0.106	7.56604	6.40001e+06
0.107	7.63675	6.40001e+06
0.108	7.70746	6.40001e+06
0.109	7.77817	6.40001e+06
0.11	7.84889	6.40001e+06
0.111	7.9196	6.40001e+06
0.112	7.99031	6.40001e+06
0.113	8.06102	6.40001e+06
0.114	8.13173	6.40001e+06
0.115	8.20244	6.40001e+06
0.116	8.27315	6.40001e+06
0.117	8.34386	6.40001e+06
0.118	8.41457	6.40001e+06
0.119	8.48528	6.40001e+06
0.12	8.55599	6.40001e+06
0.121	8.6267	6.40001e+06
0.122	8.69741	6.40001e+06
0.123	8.76812	6.40001e+06
0.124	8.83883	6.40001e+06
0.125	8.90955	6.40001e+06
0.126	8.98026	6.40001e+06
0.127	9.05097	6.40001e+06
0.128	9.12168	6.40001e+06
0.129	9.19239	6.40001e+06
0.13	9.2631	6.40001e+06
0.131	9.33381	6.40001e+06
0.132	9.40452	6.40001e+06
0.133	9.47523	6.40001e+06
0.134	9.54594	6.40001e+06
0.135	9.61665	6.40001e+06
0.136	9.68736	6.40001e+06
0.137	9.75807	6.40001e+06
0.138	9.82878	6.40001e+06
0.139	9.89949	6.40001e+06
0.14	9.97021	6.40001e+06
0.141	10.0409	6.40001e+06
0.142	10.1116	6.40001e+06
0.143	10.1823	6.40001e+06
0.144	10.253	6.40001e+06
0.145	10.3238	6.40001e+06
0.146	10.3945	6.40001e+06
0.147	10.4652	6.40001e+06
0.148	10.5359	6.40001e+06
0.149	10.6066	6.40001e+06
0.15	10.6773	6.40001e+06
0.151	10.748	6.40001e+06
0.152	10.8187	6.40001e+06
0.153	10.8894	6.40001e+06
0.154	10.9602	6.40001e+06
0.155	11.0309	6.40001e+06
0.156	11.1016	6.40001e+06
0.157	11.1723	6.40001e+06
0.158	11.243	6.40001e+06
0.159	11.3137	6.40001e+06
0.16	11.3844	6.40001e+06
0.161	11.4551	6.40001e+06
0.162	11.5258	6.40001e+06
0.163	11.5966	6.40001e+06
0.164	11.6673	6.40001e+06
0.165	11.738	6.40001e+06
0.166	11.8087	6.40001e+06
0.167	11.8794	6.40001e+06
0.168	11.9501	6.40001e+06
0.169	12.0208	6.40001e+06
0.17	12.0915	6.40001e+06
0.171	12.1622	6.40001e+06
0.172	12.2329	6.40001e+06
0.173	12.3037	6.40001e+06
0.174	12.3744	6.40001e+06
0.175	12.4451	6.40001e+06
0.176	12.5158	6.40001e+06
0.177	12.5865	6.40001e+06
0.178	12.6572	6.40001e+06
0.179	12.7279	6.40001e+06
0.18	12.7986	6.40001e+06
0.181	12.8693	6.40001e+06
0.182	12.9401	6.40001e+06
0.183	13.0108	6.40001e+06
0.184	13.0815	6.40001e+06
0.185	13.1522	6.40001e+06
0.186	13.2229	6.40001e+06
0.187	13.2936	6.40001e+06
0.188	13.3643	6.40001e+06
0.189	13.435	6.40001e+06
0.19	13.5057	6.40001e+06
0.191	13.5765	6.40001e+06
0.192	13.6472	6.40001e+06
0.193	13.7179	6.40001e+06
0.194	13.7886	6.40001e+06
0.195	13.8593	6.40001e+06
0.196	13.93	6.40001e+06
0.197	14.0007	6.40001e+06
0.198	14.0714	6.40001e+06
0.199	14.1421	6.40001e+06
0.2	14.2128	6.40001e+06
0.201	14.2836	6.40001e+06
0.202	14.3543	6.40001e+06
0.203	14.425	6.40001e+06
0.204	14.4957	6.40001e+06
0.205	14.5664	6.40001e+06
0.206	14.6371	6.40001e+06
0.207	14.7078	6.40001e+06
0.208	14.7785	6.40001e+06
0.209	14.8492	6.40001e+06
0.21	14.92	6.40001e+06
0.211	14.9907	6.40001e+06
0.212	15.0614	6.40001e+06
0.213	15.1321	6.40001e+06
0.214	15.2028	6.40002e+06
0.215	15.2735	6.40002e+06
0.216	15.3442	6.40002e+06
0.217	15.4149	6.40002e+06
0.218	15.4856	6.40002e+06
0.219	15.5563	6.40002e+06
0.22	15.6271	6.40002e+06
0.221	15.6978	6.40002e+06
0.222	15.7685	6.40002e+06
0.223	15.8392	6.40002e+06
0.224	15.9099	6.40002e+06
0.225	15.9806	6.40002e+06
0.226	16.0513	6.40002e+06
0.227	16.122	6.40002e+06
0.228	16.1927	6.40002e+06
0.229	16.2635	6.40002e+06
0.23	16.3342	6.40002e+06
0.231	16.4049	6.40002e+06
0.232	16.4756	6.40002e+06
0.233	16.5463	6.40002e+06
0.234	16.617	6.40002e+06
0.235	16.6877	6.40002e+06
0.236	16.7584	6.40002e+06
0.237	16.8291	6.40002e+06
0.238	16.8999	6.40002e+06
0.239	16.9706	6.40002e+06
0.24	17.0413	6.40002e+06
0.241	17.112	6.40002e+06
0.242	17.1827	6.40002e+06
0.243	17.2534	6.40002e+06
0.244	17.3241	6.40002e+06
0.245	17.3948	6.40002e+06
0.246	17.4655	6.40002e+06
0.247	17.5362	6.40002e+06
0.248	17.607	6.40002e+06
0.249	17.6777	6.40002e+06
0.25	17.7484	6.40002e+06
0.251	17.8191	6.40002e+06
0.252	17.8898	6.40002e+06
0.253	17.9605	6.40002e+06
0.254	18.0312	6.40002e+06
0.255	18.1019	6.40002e+06
0.256	18.1726	6.40002e+06
0.257	18.2434	6.40002e+06
0.258	18.3141	6.40002e+06
0.259	18.3848	6.40002e+06
0.26	18.4555	6.40002e+06
0.261	18.5262	6.40002e+06
0.262	18.5969	6.40002e+06
0.263	18.6676	6.40002e+06
0.264	18.7383	6.40002e+06
0.265	18.809	6.40002e+06
0.266	18.8798	6.40002e+06
0.267	18.9505	6.40002e+06
0.268	19.0212	6.40002e+06
0.269	19.0919	6.40002e+06
0.27	19.1626	6.40002e+06
0.271	19.2333	6.40002e+06
0.272	19.304	6.40002e+06
0.273	19.3747	6.40002e+06
0.274	19.4454	6.40002e+06
0.275	19.5161	6.40002e+06
0.276	19.5869	6.40002e+06
0.277	19.6576	6.40002e+06
0.278	19.7283	6.40002e+06
0.279	19.799	6.40002e+06
0.28	19.8697	6.40002e+06
0.281	19.9404	6.40002e+06
0.282	20.0111	6.40002e+06
0.283	20.0818	6.40002e+06
0.284	20.1525	6.40002e+06
0.285	20.2233	6.40002e+06
0.286	20.294	6.40002e+06
0.287	20.3647	6.40002e+06
0.288	20.4354	6.40002e+06
0.289	20.5061	6.40002e+06
0.29	20.5768	6.40002e+06
0.291	20.6475	6.40002e+06
0.292	20.7182	6.40002e+06
0.293	20.7889	6.40002e+06
0.294	20.8597	6.40002e+06
0.295	20.9304	6.40002e+06
0.296	21.0011	6.40002e+06
0.297	21.0718	6.40002e+06
0.298	21.1425	6.40002e+06
0.299	21.2132	6.40002e+06
0.3	21.2839	6.40002e+06
0.301	21.3546	6.40002e+06
0.302	21.4253	6.40002e+06
0.303	21.496	6.40002e+06
0.304	21.5668	6.40002e+06
0.305	21.6375	6.40002e+06
0.306	21.7082	6.40002e+06
0.307	21.7789	6.40002e+06
0.308	21.8496	6.40002e+06
0.309	21.9203	6.40002e+06
0.31	21.991	6.40002e+06
0.311	22.0617	6.40002e+06
0.312	22.1324	6.40002e+06
0.313	22.2032	6.40002e+06
0.314	22.2739	6.40002e+06
0.315	22.3446	6.40002e+06
0.316	22.4153	6.40002e+06
0.317	22.486	6.40002e+06
0.318	22.5567	6.40002e+06
0.319	22.6274	6.40002e+06
0.32	22.6981	6.40002e+06
0.321	22.7688	6.40002e+06
0.322	22.8395	6.40002e+06
0.323	22.9103	6.40002e+06
0.324	22.981	6.40002e+06
0.325	23.0517	6.40002e+06
0.326	23.1224	6.40002e+06
0.327	23.1931	6.40002e+06
0.328	23.2638	6.40002e+06
0.329	23.3345	6.40002e+06
0.33	23.4052	6.40002e+06
0.331	23.4759	6.40002e+06
0.332	23.5467	6.40002e+06
0.333	23.6174	6.40002e+06
0.334	23.6881	6.40002e+06
0.335	23.7588	6.40002e+06
0.336	23.8295	6.40002e+06
0.337	23.9002	6.40002e+06
0.338	23.9709	6.40002e+06
0.339	24.0416	6.40002e+06
0.34	24.1123	6.40002e+06
0.341	24.1831	6.40002e+06
0.342	24.2538	6.40002e+06
0.343	24.3245	6.40002e+06
0.344	24.3952	6.40002e+06
0.345	24.4659	6.40002e+06
0.346	24.5366	6.40002e+06
0.347	24.6073	6.40002e+06
0.348	24.678	6.40002e+06
0.349	24.7487	6.40002e+06
0.35	24.8194	6.40002e+06
0.351	24.8902	6.40002e+06
0.352	24.9609	6.40002e+06
0.353	25.0316	6.40002e+06
0.354	25.1023	6.40002e+06
0.355	25.173	6.40002e+06
0.356	25.2437	6.40002e+06
0.357	25.3144	6.40002e+06
0.358	25.3851	6.40002e+06
0.359	25.4558	6.40002e+06
0.36	25.5266	6.40003e+06
0.361	25.5973	6.40003e+06
0.362	25.668	6.40003e+06
0.363	25.7387	6.40003e+06
0.364	25.8094	6.40003e+06
0.365	25.8801	6.40003e+06
0.366	25.9508	6.40003e+06
0.367	26.0215	6.40003e+06
0.368	26.0922	6.40003e+06
0.369	26.163	6.40003e+06
0.37	26.2337	6.40003e+06
0.371	26.3044	6.40003e+06
0.372	26.3751	6.40003e+06
0.373	26.4458	6.40003e+06
0.374	26.5165	6.40003e+06
0.375	26.5872	6.40003e+06
0.376	26.6579	6.40003e+06
0.377	26.7286	6.40003e+06
0.378	26.7993	6.40003e+06
0.379	26.8701	6.40003e+06
0.38	26.9408	6.40003e+06
0.381	27.0115	6.40003e+06
0.382	27.0822	6.40003e+06
0.383	27.1529	6.40003e+06
0.384	27.2236	6.40003e+06
0.385	27.2943	6.40003e+06
0.386	27.365	6.40003e+06
0.387	27.4357	6.40003e+06
0.388	27.5065	6.40003e+06
0.389	27.5772	6.40003e+06
0.39	27.6479	6.40003e+06
0.391	27.7186	6.40003e+06
0.392	27.7893	6.40003e+06
0.393	27.86	6.40003e+06
0.394	27.9307	6.40003e+06
0.395	28.0014	6.40003e+06
0.396	28.0721	6.40003e+06
0.397	28.1428	6.40003e+06
0.398	28.2136	6.40003e+06
0.399	28.2843	6.40003e+06
0.4	28.355	6.40003e+06
0.401	28.4257	6.40003e+06
0.402	28.4964	6.40003e+06
0.403	28.5671	6.40003e+06
0.404	28.6378	6.40003e+06
0.405	28.7085	6.40003e+06
0.406	28.7792	6.40003e+06
0.407	28.85	6.40003e+06
0.408	28.9207	6.40003e+06
0.409	28.9914	6.40003e+06
0.41	29.0621	6.40003e+06
0.411	29.1328	6.40003e+06
0.412	29.2035	6.40003e+06
0.413	29.2742	6.40003e+06
0.414	29.3449	6.40003e+06
0.415	29.4156	6.40003e+06
0.416	29.4864	6.40003e+06
0.417	29.5571	6.40003e+06
0.418	29.6278	6.40003e+06
0.419	29.6985	6.40003e+06
0.42	29.7692	6.40003e+06
0.421	29.8399	6.40003e+06
0.422	29.9106	6.40003e+06
0.423	29.9813	6.40003e+06
0.424	30.052	6.40003e+06
0.425	30.1227	6.40003e+06
0.426	30.1935	6.40003e+06
0.427	30.2642	6.40003e+06
0.428	30.3349	6.40003e+06
0.429	30.4056	6.40003e+06
0.43	30.4763	6.40003e+06
0.431	30.547	6.40003e+06
0.432	30.6177	6.40003e+06
0.433	30.6884	6.40003e+06
0.434	30.7591	6.40003e+06
0.435	30.8299	6.40003e+06
0.436	30.9006	6.40003e+06
0.437	30.9713	6.40003e+06
0.438	31.042	6.40003e+06
0.439	31.1127	6.40003e+06
0.44	31.1834	6.40003e+06
0.441	31.2541	6.40003e+06
0.442	31.3248	6.40003e+06
0.443	31.3955	6.40003e+06
0.444	31.4663	6.40003e+06
0.445	31.537	6.40003e+06
0.446	31.6077	6.40003e+06
0.447	31.6784	6.40003e+06
0.448	31.7491	6.40003e+06
0.449	31.8198	6.40003e+06
0.45	31.8905	6.40003e+06
0.451	31.9612	6.40003e+06
0.452	32.0319	6.40003e+06
0.453	32.1026	6.40003e+06
0.454	32.1734	6.40003e+06
0.455	32.2441	6.40003e+06
0.456	32.3148	6.40003e+06
0.457	32.3855	6.40003e+06
0.458	32.4562	6.40003e+06
0.459	32.5269	6.40003e+06
0.46	32.5976	6.40003e+06
0.461	32.6683	6.40003e+06
0.462	32.739	6.40003e+06
0.463	32.8098	6.40003e+06
0.464	32.8805	6.40003e+06
0.465	32.9512	6.40003e+06
0.466	33.0219	6.40003e+06
0.467	33.0926	6.40003e+06
0.468	33.1633	6.40003e+06
0.469	33.234	6.40003e+06
0.47	33.3047	6.40003e+06
0.471	33.3754	6.40003e+06
0.472	33.4462	6.40003e+06
0.473	33.5169	6.40003e+06
0.474	33.5876	6.40003e+06
0.475	33.6583	6.40003e+06
0.476	33.729	6.40003e+06
0.477	33.7997	6.40003e+06
0.478	33.8704	6.40003e+06
0.479	33.9411	6.40003e+06
0.48	34.0118	6.40003e+06
0.481	34.0825	6.40003e+06
0.482	34.1533	6.40003e+06
0.483	34.224	6.40003e+06
0.484	34.2947	6.40003e+06
0.485	34.3654	6.40003e+06
0.486	34.4361	6.40003e+06
0.487	34.5068	6.40003e+06
0.488	34.5775	6.40003e+06
0.489	34.6482	6.40003e+06
0.49	34.7189	6.40003e+06
0.491	34.7897	6.40003e+06
0.492	34.8604	6.40003e+06
0.493	34.9311	6.40003e+06
0.494	35.0018	6.40003e+06
0.495	35.0725	6.40003e+06
0.496	35.1432	6.40003e+06
0.497	35.2139	6.40003e+06
0.498	35.2846	6.40003e+06
0.499	35.3553	6.40003e+06
0.5	35.426	6.40003e+06
0.501	35.4968	6.40003e+06
0.502	35.5675	6.40003e+06
0.503	35.6382	6.40003e+06
0.504	35.7089	6.40003e+06
0.505	35.7796	6.40003e+06
0.506	35.8503	6.40003e+06
0.507	35.921	6.40003e+06
0.508	35.9917	6.40003e+06
0.509	36.0624	6.40004e+06
0.51	36.1332	6.40004e+06
0.511	36.2039	6.40004e+06
0.512	36.2746	6.40004e+06
0.513	36.3453	6.40004e+06
0.514	36.416	6.40004e+06
0.515	36.4867	6.40004e+06
0.516	36.5574	6.40004e+06
0.517	36.6281	6.40004e+06
0.518	36.6988	6.40004e+06
0.519	36.7696	6.40004e+06
0.52	36.8403	6.40004e+06
0.521	36.911	6.40004e+06
0.522	36.9817	6.40004e+06
0.523	37.0524	6.40004e+06
0.524	37.1231	6.40004e+06
0.525	37.1938	6.40004e+06
0.526	37.2645	6.40004e+06
0.527	37.3352	6.40004e+06
0.528	37.4059	6.40004e+06
0.529	37.4767	6.40004e+06
0.53	37.5474	6.40004e+06
0.531	37.6181	6.40004e+06
0.532	37.6888	6.40004e+06
0.533	37.7595	6.40004e+06
0.534	37.8302	6.40004e+06
0.535	37.9009	6.40004e+06
0.536	37.9716	6.40004e+06
0.537	38.0423	6.40004e+06
0.538	38.1131	6.40004e+06
0.539	38.1838	6.40004e+06
0.54	38.2545	6.40004e+06
0.541	38.3252	6.40004e+06
0.542	38.3959	6.40004e+06
0.543	38.4666	6.40004e+06
0.544	38.5373	6.40004e+06
0.545	38.608	6.40004e+06
0.546	38.6787	6.40004e+06
0.547	38.7495	6.40004e+06
0.548	38.8202	6.40004e+06
0.549	38.8909	6.40004e+06
0.55	38.9616	6.40004e+06
0.551	39.0323	6.40004e+06
0.552	39.103	6.40004e+06
0.553	39.1737	6.40004e+06
0.554	39.2444	6.40004e+06
0.555	39.3151	6.40004e+06
0.556	39.3858	6.40004e+06
0.557	39.4566	6.40004e+06
0.558	39.5273	6.40004e+06
0.559	39.598	6.40004e+06
0.56	39.6687	6.40004e+06
0.561	39.7394	6.40004e+06
0.562	39.8101	6.40004e+06
0.563	39.8808	6.40004e+06
0.564	39.9515	6.40004e+06
0.565	40.0222	6.40004e+06
0.566	40.093	6.40004e+06
0.567	40.1637	6.40004e+06
0.568	40.2344	6.40004e+06
0.569	40.3051	6.40004e+06
0.57	40.3758	6.40004e+06
0.571	40.4465	6.40004e+06
0.572	40.5172	6.40004e+06
0.573	40.5879	6.40004e+06
0.574	40.6586	6.40004e+06
0.575	40.7294	6.40004e+06
0.576	40.8001	6.40004e+06
0.577	40.8708	6.40004e+06
0.578	40.9415	6.40004e+06
0.579	41.0122	6.40004e+06
0.58	41.0829	6.40004e+06
0.581	41.1536	6.40004e+06
0.582	41.2243	6.40004e+06
0.583	41.295	6.40004e+06
0.584	41.3657	6.40004e+06
0.585	41.4365	6.40004e+06
0.586	41.5072	6.40004e+06
0.587	41.5779	6.40004e+06
0.588	41.6486	6.40004e+06
0.589	41.7193	6.40004e+06
0.59	41.79	6.40004e+06
0.591	41.8607	6.40004e+06
0.592	41.9314	6.40004e+06
0.593	42.0021	6.40004e+06
0.594	42.0729	6.40004e+06
0.595	42.1436	6.40004e+06
0.596	42.2143	6.40004e+06
0.597	42.285	6.40004e+06
0.598	42.3557	6.40004e+06
0.599	42.4264	6.40004e+06
0.6	42.4971	6.40004e+06
0.601	42.5678	6.40004e+06
0.602	42.6385	6.40004e+06
0.603	42.7092	6.40004e+06
0.604	42.78	6.40004e+06
0.605	42.8507	6.40004e+06
0.606	42.9214	6.40004e+06
0.607	42.9921	6.40004e+06
0.608	43.0628	6.40004e+06
0.609	43.1335	6.40004e+06
0.61	43.2042	6.40004e+06
0.611	43.2749	6.40004e+06
0.612	43.3456	6.40004e+06
0.613	43.4164	6.40004e+06
0.614	43.4871	6.40004e+06
0.615	43.5578	6.40004e+06
0.616	43.6285	6.40004e+06
0.617	43.6992	6.40004e+06
0.618	43.7699	6.40004e+06
0.619	43.8406	6.40004e+06
0.62	43.9113	6.40004e+06
0.621	43.982	6.40004e+06
0.622	44.0528	6.40004e+06
0.623	44.1235	6.40004e+06
0.624	44.1942	6.40004e+06
0.625	44.2649	6.40004e+06
0.626	44.3356	6.40004e+06
0.627	44.4063	6.40004e+06
0.628	44.477	6.40004e+06
0.629	44.5477	6.40004e+06
0.63	44.6184	6.40004e+06
0.631	44.6891	6.40004e+06
0.632	44.7599	6.40004e+06
0.633	44.8306	6.40004e+06
0.634	44.9013	6.40004e+06
0.635	44.972	6.40004e+06
0.636	45.0427	6.40004e+06
0.637	45.1134	6.40004e+06
0.638	45.1841	6.40004e+06
0.639	45.2548	6.40004e+06
0.64	45.3255	6.40004e+06
0.641	45.3963	6.40004e+06
0.642	45.467	6.40004e+06
0.643	45.5377	6.40004e+06
0.644	45.6084	6.40004e+06
0.645	45.6791	6.40004e+06
0.646	45.7498	6.40004e+06
0.647	45.8205	6.40004e+06
0.648	45.8912	6.40004e+06
0.649	45.9619	6.40004e+06
0.65	46.0327	6.40004e+06
0.651	46.1034	6.40004e+06
0.652	46.1741	6.40004e+06
0.653	46.2448	6.40004e+06
0.654	46.3155	6.40004e+06
0.655	46.3862	6.40004e+06
0.656	46.4569	6.40004e+06
0.657	46.5276	6.40004e+06
0.658	46.5983	6.40004e+06
0.659	46.669	6.40004e+06
0.66	46.7398	6.40005e+06
0.661	46.8105	6.40005e+06
0.662	46.8812	6.40005e+06
0.663	46.9519	6.40005e+06
0.664	47.0226	6.40005e+06
0.665	47.0933	6.40005e+06
0.666	47.164	6.40005e+06
0.667	47.2347	6.40005e+06
0.668	47.3054	6.40005e+06
0.669	47.3762	6.40005e+06
0.67	47.4469	6.40005e+06
0.671	47.5176	6.40005e+06
0.672	47.5883	6.40005e+06
0.673	47.659	6.40005e+06
0.674	47.7297	6.40005e+06
0.675	47.8004	6.40005e+06
0.676	47.8711	6.40005e+06
0.677	47.9418	6.40005e+06
0.678	48.0126	6.40005e+06
0.679	48.0833	6.40005e+06
0.68	48.154	6.40005e+06
0.681	48.2247	6.40005e+06
0.682	48.2954	6.40005e+06
0.683	48.3661	6.40005e+06
0.684	48.4368	6.40005e+06
0.685	48.5075	6.40005e+06
0.686	48.5782	6.40005e+06
0.687	48.6489	6.40005e+06
0.688	48.7197	6.40005e+06
0.689	48.7904	6.40005e+06
0.69	48.8611	6.40005e+06
0.691	48.9318	6.40005e+06
0.692	49.0025	6.40005e+06
0.693	49.0732	6.40005e+06
0.694	49.1439	6.40005e+06
0.695	49.2146	6.40005e+06
0.696	49.2853	6.40005e+06
0.697	49.3561	6.40005e+06
0.698	49.4268	6.40005e+06
0.699	49.4975	6.40005e+06
0.7	49.5682	6.40005e+06
0.701	49.6389	6.40005e+06
0.702	49.7096	6.40005e+06
0.703	49.7803	6.40005e+06
0.704	49.851	6.40005e+06
0.705	49.9217	6.40005e+06
0.706	49.9924	6.40005e+06
0.707	50.0632	6.40005e+06
0.708	50.1339	6.40005e+06
0.709	50.2046	6.40005e+06
0.71	50.2753	6.40005e+06
0.711	50.346	6.40005e+06
0.712	50.4167	6.40005e+06
0.713	50.4874	6.40005e+06
0.714	50.5581	6.40005e+06
0.715	50.6288	6.40005e+06
0.716	50.6996	6.40005e+06
0.717	50.7703	6.40005e+06
0.718	50.841	6.40005e+06
0.719	50.9117	6.40005e+06
0.72	50.9824	6.40005e+06
0.721	51.0531	6.40005e+06
0.722	51.1238	6.40005e+06
0.723	51.1945	6.40005e+06
0.724	51.2652	6.40005e+06
0.725	51.336	6.40005e+06
0.726	51.4067	6.40005e+06
0.727	51.4774	6.40005e+06
0.728	51.5481	6.40005e+06
0.729	51.6188	6.40005e+06
0.73	51.6895	6.40005e+06
0.731	51.7602	6.40005e+06
0.732	51.8309	6.40005e+06
0.733	51.9016	6.40005e+06
0.734	51.9723	6.40005e+06
0.735	52.0431	6.40005e+06
0.736	52.1138	6.40005e+06
0.737	52.1845	6.40005e+06
0.738	52.2552	6.40005e+06
0.739	52.3259	6.40005e+06
0.74	52.3966	6.40005e+06
0.741	52.4673	6.40005e+06
0.742	52.538	6.40005e+06
0.743	52.6087	6.40005e+06
0.744	52.6795	6.40005e+06
0.745	52.7502	6.40005e+06
0.746	52.8209	6.40005e+06
0.747	52.8916	6.40005e+06
0.748	52.9623	6.40005e+06
0.749	53.033	6.40005e+06
0.75	53.1037	6.40005e+06
0.751	53.1744	6.40005e+06
0.752	53.2451	6.40005e+06
0.753	53.3159	6.40005e+06
0.754	53.3866	6.40005e+06
0.755	53.4573	6.40005e+06
0.756	53.528	6.40005e+06
0.757	53.5987	6.40005e+06
0.758	53.6694	6.40005e+06
0.759	53.7401	6.40005e+06
0.76	53.8108	6.40005e+06
0.761	53.8815	6.40005e+06
0.762	53.9522	6.40005e+06
0.763	54.023	6.40005e+06
0.764	54.0937	6.40005e+06
0.765	54.1644	6.40005e+06
0.766	54.2351	6.40005e+06
0.767	54.3058	6.40005e+06
0.768	54.3765	6.40005e+06
0.769	54.4472	6.40005e+06
0.77	54.5179	6.40005e+06
0.771	54.5886	6.40005e+06
0.772	54.6594	6.40005e+06
0.773	54.7301	6.40005e+06
0.774	54.8008	6.40005e+06
0.775	54.8715	6.40005e+06
0.776	54.9422	6.40005e+06
0.777	55.0129	6.40005e+06
0.778	55.0836	6.40005e+06
0.779	55.1543	6.40005e+06
0.78	55.225	6.40005e+06
0.781	55.2958	6.40005e+06
0.782	55.3665	6.40005e+06
0.783	55.4372	6.40005e+06
0.784	55.5079	6.40005e+06
0.785	55.5786	6.40005e+06
0.786	55.6493	6.40005e+06
0.787	55.72	6.40005e+06
0.788	55.7907	6.40005e+06
0.789	55.8614	6.40005e+06
0.79	55.9321	6.40005e+06
0.791	56.0029	6.40005e+06
0.792	56.0736	6.40005e+06
0.793	56.1443	6.40005e+06
0.794	56.215	6.40005e+06
0.795	56.2857	6.40005e+06
0.796	56.3564	6.40005e+06
0.797	56.4271	6.40005e+06
0.798	56.4978	6.40005e+06
0.799	56.5685	6.40005e+06
0.8	56.6393	6.40005e+06
0.801	56.71	6.40005e+06
0.802	56.7807	6.40005e+06
0.803	56.8514	6.40005e+06
0.804	56.9221	6.40005e+06
0.805	56.9928	6.40005e+06
0.806	57.0635	6.40005e+06
0.807	57.1342	6.40005e+06
0.808	57.2049	6.40005e+06
0.809	57.2756	6.40005e+06
0.81	57.3464	6.40005e+06
0.811	57.4171	6.40005e+06
0.812	57.4878	6.40005e+06
0.813	57.5585	6.40005e+06
0.814	57.6292	6.40006e+06
0.815	57.6999	6.40006e+06
0.816	57.7706	6.40006e+06
0.817	57.8413	6.40006e+06
0.818	57.912	6.40006e+06
0.819	57.9828	6.40006e+06
0.82	58.0535	6.40006e+06
0.821	58.1242	6.40006e+06
0.822	58.1949	6.40006e+06
0.823	58.2656	6.40006e+06
0.824	58.3363	6.40006e+06
0.825	58.407	6.40006e+06
0.826	58.4777	6.40006e+06
0.827	58.5484	6.40006e+06
0.828	58.6192	6.40006e+06
0.829	58.6899	6.40006e+06
0.83	58.7606	6.40006e+06
0.831	58.8313	6.40006e+06
0.832	58.902	6.40006e+06
0.833	58.9727	6.40006e+06
0.834	59.0434	6.40006e+06
0.835	59.1141	6.40006e+06
0.836	59.1848	6.40006e+06
0.837	59.2555	6.40006e+06
0.838	59.3263	6.40006e+06
0.839	59.397	6.40006e+06
0.84	59.4677	6.40006e+06
0.841	59.5384	6.40006e+06
0.842	59.6091	6.40006e+06
0.843	59.6798	6.40006e+06
0.844	59.7505	6.40006e+06
0.845	59.8212	6.40006e+06
0.846	59.8919	6.40006e+06
0.847	59.9627	6.40006e+06
0.848	60.0334	6.40006e+06
0.849	60.1041	6.40006e+06
0.85	60.1748	6.40006e+06
0.851	60.2455	6.40006e+06
0.852	60.3162	6.40006e+06
0.853	60.3869	6.40006e+06
0.854	60.4576	6.40006e+06
0.855	60.5283	6.40006e+06
0.856	60.5991	6.40006e+06
0.857	60.6698	6.40006e+06
0.858	60.7405	6.40006e+06
0.859	60.8112	6.40006e+06
0.86	60.8819	6.40006e+06
0.861	60.9526	6.40006e+06
0.862	61.0233	6.40006e+06
0.863	61.094	6.40006e+06
0.864	61.1647	6.40006e+06
0.865	61.2354	6.40006e+06
0.866	61.3062	6.40006e+06
0.867	61.3769	6.40006e+06
0.868	61.4476	6.40006e+06
0.869	61.5183	6.40006e+06
0.87	61.589	6.40006e+06
0.871	61.6597	6.40006e+06
0.872	61.7304	6.40006e+06
0.873	61.8011	6.40006e+06
0.874	61.8718	6.40006e+06
0.875	61.9426	6.40006e+06
0.876	62.0133	6.40006e+06
0.877	62.084	6.40006e+06
0.878	62.1547	6.40006e+06
0.879	62.2254	6.40006e+06
0.88	62.2961	6.40006e+06
0.881	62.3668	6.40006e+06
0.882	62.4375	6.40006e+06
0.883	62.5082	6.40006e+06
0.884	62.579	6.40006e+06
0.885	62.6497	6.40006e+06
0.886	62.7204	6.40006e+06
0.887	62.7911	6.40006e+06
0.888	62.8618	6.40006e+06
0.889	62.9325	6.40006e+06
0.89	63.0032	6.40006e+06
0.891	63.0739	6.40006e+06
0.892	63.1446	6.40006e+06
0.893	63.2153	6.40006e+06
0.894	63.2861	6.40006e+06
0.895	63.3568	6.40006e+06
0.896	63.4275	6.40006e+06
0.897	63.4982	6.40006e+06
0.898	63.5689	6.40006e+06
0.899	63.6396	6.40006e+06
0.9	63.7103	6.40006e+06
0.901	63.781	6.40006e+06
0.902	63.8517	6.40006e+06
0.903	63.9225	6.40006e+06
0.904	63.9932	6.40006e+06
0.905	64.0639	6.40006e+06
0.906	64.1346	6.40006e+06
0.907	64.2053	6.40006e+06
0.908	64.276	6.40006e+06
0.909	64.3467	6.40006e+06
0.91	64.4174	6.40006e+06
0.911	64.4881	6.40006e+06
0.912	64.5588	6.40006e+06
0.913	64.6296	6.40006e+06
0.914	64.7003	6.40006e+06
0.915	64.771	6.40006e+06
0.916	64.8417	6.40006e+06
0.917	64.9124	6.40006e+06
0.918	64.9831	6.40006e+06
0.919	65.0538	6.40006e+06
0.92	65.1245	6.40006e+06
0.921	65.1952	6.40006e+06
0.922	65.266	6.40006e+06
0.923	65.3367	6.40006e+06
0.924	65.4074	6.40006e+06
0.925	65.4781	6.40006e+06
0.926	65.5488	6.40006e+06
0.927	65.6195	6.40006e+06
0.928	65.6902	6.40006e+06
0.929	65.7609	6.40006e+06
0.93	65.8316	6.40006e+06
0.931	65.9024	6.40006e+06
0.932	65.9731	6.40006e+06
0.933	66.0438	6.40006e+06
0.934	66.1145	6.40006e+06
0.935	66.1852	6.40006e+06
0.936	66.2559	6.40006e+06
0.937	66.3266	6.40006e+06
0.938	66.3973	6.40006e+06
0.939	66.468	6.40006e+06
0.94	66.5387	6.40006e+06
0.941	66.6095	6.40006e+06
0.942	66.6802	6.40006e+06
0.943	66.7509	6.40006e+06
0.944	66.8216	6.40006e+06
0.945	66.8923	6.40006e+06
0.946	66.963	6.40006e+06
0.947	67.0337	6.40006e+06
0.948	67.1044	6.40006e+06
0.949	67.1751	6.40006e+06
0.95	67.2459	6.40006e+06
0.951	67.3166	6.40006e+06
0.952	67.3873	6.40006e+06
0.953	67.458	6.40006e+06
0.954	67.5287	6.40006e+06
0.955	67.5994	6.40006e+06
0.956	67.6701	6.40006e+06
0.957	67.7408	6.40006e+06
0.958	67.8115	6.40006e+06
0.959	67.8823	6.40006e+06
0.96	67.953	6.40006e+06
0.961	68.0237	6.40006e+06
0.962	68.0944	6.40006e+06
0.963	68.1651	6.40006e+06
0.964	68.2358	6.40006e+06
0.965	68.3065	6.40006e+06
0.966	68.3772	6.40006e+06
0.967	68.4479	6.40006e+06
0.968	68.5186	6.40006e+06
0.969	68.5894	6.40006e+06
0.97	68.6601	6.40006e+06
0.971	68.7308	6.40007e+06
0.972	68.8015	6.40007e+06
0.973	68.8722	6.40007e+06
0.974	68.9429	6.40007e+06
0.975	69.0136	6.40007e+06
0.976	69.0843	6.40007e+06
0.977	69.155	6.40007e+06
0.978	69.2258	6.40007e+06
0.979	69.2965	6.40007e+06
0.98	69.3672	6.40007e+06
0.981	69.4379	6.40007e+06
0.982	69.5086	6.40007e+06
0.983	69.5793	6.40007e+06
0.984	69.65	6.40007e+06
0.985	69.7207	6.40007e+06
0.986	69.7914	6.40007e+06
0.987	69.8621	6.40007e+06
0.988	69.9329	6.40007e+06
0.989	70.0036	6.40007e+06
0.99	70.0743	6.40007e+06
0.991	70.145	6.40007e+06
0.992	70.2157	6.40007e+06
0.993	70.2864	6.40007e+06
0.994	70.3571	6.40007e+06
0.995	70.4278	6.40007e+06
0.996	70.4985	6.40007e+06
0.997	70.5693	6.40007e+06
0.998	70.64	6.40007e+06
0.999	70.7107	6.40007e+06
1	70.7814	6.40007e+06
1.001	70.8521	6.40007e+06
1.002	70.9228	6.40007e+06
1.003	70.9935	6.40007e+06
1.004	71.0642	6.40007e+06
1.005	71.1349	6.40007e+06
1.006	71.2057	6.40007e+06
1.007	71.2764	6.40007e+06
1.008	71.3471	6.40007e+06
1.009	71.4178	6.40007e+06
1.01	71.4885	6.40007e+06
1.011	71.5592	6.40007e+06
1.012	71.6299	6.40007e+06
1.013	71.7006	6.40007e+06
1.014	71.7713	6.40007e+06
1.015	71.842	6.40007e+06
1.016	71.9128	6.40007e+06
1.017	71.9835	6.40007e+06
1.018	72.0542	6.40007e+06
1.019	72.1249	6.40007e+06
1.02	72.1956	6.40007e+06
1.021	72.2663	6.40007e+06
1.022	72.337	6.40007e+06
1.023	72.4077	6.40007e+06
1.024	72.4784	6.40007e+06
1.025	72.5492	6.40007e+06
1.026	72.6199	6.40007e+06
1.027	72.6906	6.40007e+06
1.028	72.7613	6.40007e+06
1.029	72.832	6.40007e+06
1.03	72.9027	6.40007e+06
1.031	72.9734	6.40007e+06
1.032	73.0441	6.40007e+06
1.033	73.1148	6.40007e+06
1.034	73.1856	6.40007e+06
1.035	73.2563	6.40007e+06
1.036	73.327	6.40007e+06
1.037	73.3977	6.40007e+06
1.038	73.4684	6.40007e+06
1.039	73.5391	6.40007e+06
1.04	73.6098	6.40007e+06
1.041	73.6805	6.40007e+06
1.042	73.7512	6.40007e+06
1.043	73.8219	6.40007e+06
1.044	73.8927	6.40007e+06
1.045	73.9634	6.40007e+06
1.046	74.0341	6.40007e+06
1.047	74.1048	6.40007e+06
1.048	74.1755	6.40007e+06
1.049	74.2462	6.40007e+06
1.05	74.3169	6.40007e+06
1.051	74.3876	6.40007e+06
1.052	74.4583	6.40007e+06
1.053	74.5291	6.40007e+06
1.054	74.5998	6.40007e+06
1.055	74.6705	6.40007e+06
1.056	74.7412	6.40007e+06
1.057	74.8119	6.40007e+06
1.058	74.8826	6.40007e+06
1.059	74.9533	6.40007e+06
1.06	75.024	6.40007e+06
1.061	75.0947	6.40007e+06
1.062	75.1655	6.40007e+06
1.063	75.2362	6.40007e+06
1.064	75.3069	6.40007e+06
1.065	75.3776	6.40007e+06
1.066	75.4483	6.40007e+06
1.067	75.519	6.40007e+06
1.068	75.5897	6.40007e+06
1.069	75.6604	6.40007e+06
1.07	75.7311	6.40007e+06
1.071	75.8018	6.40007e+06
1.072	75.8726	6.40007e+06
1.073	75.9433	6.40007e+06
1.074	76.014	6.40007e+06
1.075	76.0847	6.40007e+06
1.076	76.1554	6.40007e+06
1.077	76.2261	6.40007e+06
1.078	76.2968	6.40007e+06
1.079	76.3675	6.40007e+06
1.08	76.4382	6.40007e+06
1.081	76.509	6.40007e+06
1.082	76.5797	6.40007e+06
1.083	76.6504	6.40007e+06
1.084	76.7211	6.40007e+06
1.085	76.7918	6.40007e+06
1.086	76.8625	6.40007e+06
1.087	76.9332	6.40007e+06
1.088	77.0039	6.40007e+06
1.089	77.0746	6.40007e+06
1.09	77.1453	6.40007e+06
1.091	77.2161	6.40007e+06
1.092	77.2868	6.40007e+06
1.093	77.3575	6.40007e+06
1.094	77.4282	6.40007e+06
1.095	77.4989	6.40007e+06
1.096	77.5696	6.40007e+06
1.097	77.6403	6.40007e+06
1.098	77.711	6.40007e+06
1.099	77.7817	6.40007e+06
1.1	77.8525	6.40007e+06
1.101	77.9232	6.40007e+06
1.102	77.9939	6.40007e+06
1.103	78.0646	6.40007e+06
1.104	78.1353	6.40007e+06
1.105	78.206	6.40007e+06
1.106	78.2767	6.40007e+06
1.107	78.3474	6.40007e+06
1.108	78.4181	6.40007e+06
1.109	78.4889	6.40007e+06
1.11	78.5596	6.40007e+06
1.111	78.6303	6.40007e+06
1.112	78.701	6.40007e+06
1.113	78.7717	6.40007e+06
1.114	78.8424	6.40007e+06
1.115	78.9131	6.40007e+06
1.116	78.9838	6.40007e+06
1.117	79.0545	6.40007e+06
1.118	79.1252	6.40007e+06
1.119	79.196	6.40007e+06
1.12	79.2667	6.40007e+06
1.121	79.3374	6.40007e+06
1.122	79.4081	6.40007e+06
1.123	79.4788	6.40007e+06
1.124	79.5495	6.40007e+06
1.125	79.6202	6.40007e+06
1.126	79.6909	6.40007e+06
1.127	79.7616	6.40007e+06
1.128	79.8324	6.40007e+06
1.129	79.9031	6.40007e+06
1.13	79.9738	6.40007e+06
1.131	80.0445	6.40008e+06
1.132	80.1152	6.40008e+06
1.133	80.1859	6.40008e+06
1.134	80.2566	6.40008e+06
1.135	80.3273	6.40008e+06
1.136	80.398	6.40008e+06
1.137	80.4688	6.40008e+06
1.138	80.5395	6.40008e+06
1.139	80.6102	6.40008e+06
1.14	80.6809	6.40008e+06
1.141	80.7516	6.40008e+06
1.142	80.8223	6.40008e+06
1.143	80.893	6.40008e+06
1.144	80.9637	6.40008e+06
1.145	81.0344	6.40008e+06
1.146	81.1051	6.40008e+06
1.147	81.1759	6.40008e+06
1.148	81.2466	6.40008e+06
1.149	81.3173	6.40008e+06
1.15	81.388	6.40008e+06
1.151	81.4587	6.40008e+06
1.152	81.5294	6.40008e+06
1.153	81.6001	6.40008e+06
1.154	81.6708	6.40008e+06
1.155	81.7415	6.40008e+06
1.156	81.8123	6.40008e+06
1.157	81.883	6.40008e+06
1.158	81.9537	6.40008e+06
1.159	82.0244	6.40008e+06
1.16	82.0951	6.40008e+06
1.161	82.1658	6.40008e+06
1.162	82.2365	6.40008e+06
1.163	82.3072	6.40008e+06
1.164	82.3779	6.40008e+06
1.165	82.4487	6.40008e+06
1.166	82.5194	6.40008e+06
1.167	82.5901	6.40008e+06
1.168	82.6608	6.40008e+06
1.169	82.7315	6.40008e+06
1.17	82.8022	6.40008e+06
1.171	82.8729	6.40008e+06
1.172	82.9436	6.40008e+06
1.173	83.0143	6.40008e+06
1.174	83.085	6.40008e+06
1.175	83.1558	6.40008e+06
1.176	83.2265	6.40008e+06
1.177	83.2972	6.40008e+06
1.178	83.3679	6.40008e+06
1.179	83.4386	6.40008e+06
1.18	83.5093	6.40008e+06
1.181	83.58	6.40008e+06
1.182	83.6507	6.40008e+06
1.183	83.7214	6.40008e+06
1.184	83.7922	6.40008e+06
1.185	83.8629	6.40008e+06
1.186	83.9336	6.40008e+06
1.187	84.0043	6.40008e+06
1.188	84.075	6.40008e+06
1.189	84.1457	6.40008e+06
1.19	84.2164	6.40008e+06
1.191	84.2871	6.40008e+06
1.192	84.3578	6.40008e+06
1.193	84.4285	6.40008e+06
1.194	84.4993	6.40008e+06
1.195	84.57	6.40008e+06
1.196	84.6407	6.40008e+06
1.197	84.7114	6.40008e+06
1.198	84.7821	6.40008e+06
1.199	84.8528	6.40008e+06
1.2	84.9235	6.40008e+06
1.201	84.9942	6.40008e+06
1.202	85.0649	6.40008e+06
1.203	85.1357	6.40008e+06
1.204	85.2064	6.40008e+06
1.205	85.2771	6.40008e+06
1.206	85.3478	6.40008e+06
1.207	85.4185	6.40008e+06
1.208	85.4892	6.40008e+06
1.209	85.5599	6.40008e+06
1.21	85.6306	6.40008e+06
1.211	85.7013	6.40008e+06
1.212	85.7721	6.40008e+06
1.213	85.8428	6.40008e+06
1.214	85.9135	6.40008e+06
1.215	85.9842	6.40008e+06
1.216	86.0549	6.40008e+06
1.217	86.1256	6.40008e+06
1.218	86.1963	6.40008e+06
1.219	86.267	6.40008e+06
1.22	86.3377	6.40008e+06
1.221	86.4084	6.40008e+06
1.222	86.4792	6.40008e+06
1.223	86.5499	6.40008e+06
1.224	86.6206	6.40008e+06
1.225	86.6913	6.40008e+06
1.226	86.762	6.40008e+06
1.227	86.8327	6.40008e+06
1.228	86.9034	6.40008e+06
1.229	86.9741	6.40008e+06
1.23	87.0448	6.40008e+06
1.231	87.1156	6.40008e+06
1.232	87.1863	6.40008e+06
1.233	87.257	6.40008e+06
1.234	87.3277	6.40008e+06
1.235	87.3984	6.40008e+06
1.236	87.4691	6.40008e+06
1.237	87.5398	6.40008e+06
1.238	87.6105	6.40008e+06
1.239	87.6812	6.40008e+06
1.24	87.752	6.40008e+06
1.241	87.8227	6.40008e+06
1.242	87.8934	6.40008e+06
1.243	87.9641	6.40008e+06
1.244	88.0348	6.40008e+06
1.245	88.1055	6.40008e+06
1.246	88.1762	6.40008e+06
1.247	88.2469	6.40008e+06
1.248	88.3176	6.40008e+06
1.249	88.3883	6.40008e+06
1.25	88.4591	6.40008e+06
1.251	88.5298	6.40008e+06
1.252	88.6005	6.40008e+06
1.253	88.6712	6.40008e+06
1.254	88.7419	6.40008e+06
1.255	88.8126	6.40008e+06
1.256	88.8833	6.40008e+06
1.257	88.954	6.40008e+06
1.258	89.0247	6.40008e+06
1.259	89.0955	6.40008e+06
1.26	89.1662	6.40008e+06
1.261	89.2369	6.40008e+06
1.262	89.3076	6.40008e+06
1.263	89.3783	6.40008e+06
1.264	89.449	6.40008e+06
1.265	89.5197	6.40008e+06
1.266	89.5904	6.40008e+06
1.267	89.6611	6.40008e+06
1.268	89.7319	6.40008e+06
1.269	89.8026	6.40008e+06
1.27	89.8733	6.40008e+06
1.271	89.944	6.40008e+06
1.272	90.0147	6.40008e+06
1.273	90.0854	6.40008e+06
1.274	90.1561	6.40008e+06
1.275	90.2268	6.40008e+06
1.276	90.2975	6.40008e+06
1.277	90.3682	6.40008e+06
1.278	90.439	6.40008e+06
1.279	90.5097	6.40008e+06
1.28	90.5804	6.40008e+06
1.281	90.6511	6.40008e+06
1.282	90.7218	6.40008e+06
1.283	90.7925	6.40008e+06
1.284	90.8632	6.40008e+06
1.285	90.9339	6.40008e+06
1.286	91.0046	6.40008e+06
1.287	91.0754	6.40008e+06
1.288	91.1461	6.40008e+06
1.289	91.2168	6.40008e+06
1.29	91.2875	6.40008e+06
1.291	91.3582	6.40008e+06
1.292	91.4289	6.40008e+06
1.293	91.4996	6.40008e+06
1.294	91.5703	6.40009e+06
1.295	91.641	6.40009e+06
1.296	91.7117	6.40009e+06
1.297	91.7825	6.40009e+06
1.298	91.8532	6.40009e+06
1.299	91.9239	6.40009e+06
1.3	91.9946	6.40009e+06
1.301	92.0653	6.40009e+06
1.302	92.136	6.40009e+06
1.303	92.2067	6.40009e+06
1.304	92.2774	6.40009e+06
1.305	92.3481	6.40009e+06
1.306	92.4189	6.40009e+06
1.307	92.4896	6.40009e+06
1.308	92.5603	6.40009e+06
1.309	92.631	6.40009e+06
1.31	92.7017	6.40009e+06
1.311	92.7724	6.40009e+06
1.312	92.8431	6.40009e+06
1.313	92.9138	6.40009e+06
1.314	92.9845	6.40009e+06
1.315	93.0553	6.40009e+06
1.316	93.126	6.40009e+06
1.317	93.1967	6.40009e+06
1.318	93.2674	6.40009e+06
1.319	93.3381	6.40009e+06
1.32	93.4088	6.40009e+06
1.321	93.4795	6.40009e+06
1.322	93.5502	6.40009e+06
1.323	93.6209	6.40009e+06
1.324	93.6916	6.40009e+06
1.325	93.7624	6.40009e+06
1.326	93.8331	6.40009e+06
1.327	93.9038	6.40009e+06
1.328	93.9745	6.40009e+06
1.329	94.0452	6.40009e+06
1.33	94.1159	6.40009e+06
1.331	94.1866	6.40009e+06
1.332	94.2573	6.40009e+06
1.333	94.328	6.40009e+06
1.334	94.3988	6.40009e+06
1.335	94.4695	6.40009e+06
1.336	94.5402	6.40009e+06
1.337	94.6109	6.40009e+06
1.338	94.6816	6.40009e+06
1.339	94.7523	6.40009e+06
1.34	94.823	6.40009e+06
1.341	94.8937	6.40009e+06
1.342	94.9644	6.40009e+06
1.343	95.0352	6.40009e+06
1.344	95.1059	6.40009e+06
1.345	95.1766	6.40009e+06
1.346	95.2473	6.40009e+06
1.347	95.318	6.40009e+06
1.348	95.3887	6.40009e+06
1.349	95.4594	6.40009e+06
1.35	95.5301	6.40009e+06
1.351	95.6008	6.40009e+06
1.352	95.6715	6.40009e+06
1.353	95.7423	6.40009e+06
1.354	95.813	6.40009e+06
1.355	95.8837	6.40009e+06
1.356	95.9544	6.40009e+06
1.357	96.0251	6.40009e+06
1.358	96.0958	6.40009e+06
1.359	96.1665	6.40009e+06
1.36	96.2372	6.40009e+06
1.361	96.3079	6.40009e+06
1.362	96.3787	6.40009e+06
1.363	96.4494	6.40009e+06
1.364	96.5201	6.40009e+06
1.365	96.5908	6.40009e+06
1.366	96.6615	6.40009e+06
1.367	96.7322	6.40009e+06
1.368	96.8029	6.40009e+06
1.369	96.8736	6.40009e+06
1.37	96.9443	6.40009e+06
1.371	97.0151	6.40009e+06
1.372	97.0858	6.40009e+06
1.373	97.1565	6.40009e+06
1.374	97.2272	6.40009e+06
1.375	97.2979	6.40009e+06
1.376	97.3686	6.40009e+06
1.377	97.4393	6.40009e+06
1.378	97.51	6.40009e+06
1.379	97.5807	6.40009e+06
1.38	97.6514	6.40009e+06
1.381	97.7222	6.40009e+06
1.382	97.7929	6.40009e+06
1.383	97.8636	6.40009e+06
1.384	97.9343	6.40009e+06
1.385	98.005	6.40009e+06
1.386	98.0757	6.40009e+06
1.387	98.1464	6.40009e+06
1.388	98.2171	6.40009e+06
1.389	98.2878	6.40009e+06
1.39	98.3586	6.40009e+06
1.391	98.4293	6.40009e+06
1.392	98.5	6.40009e+06
1.393	98.5707	6.40009e+06
1.394	98.6414	6.40009e+06
1.395	98.7121	6.40009e+06
1.396	98.7828	6.40009e+06
1.397	98.8535	6.40009e+06
1.398	98.9242	6.40009e+06
1.399	98.9949	6.40009e+06
1.4	99.0657	6.40009e+06
1.401	99.1364	6.40009e+06
1.402	99.2071	6.40009e+06
1.403	99.2778	6.40009e+06
1.404	99.3485	6.40009e+06
1.405	99.4192	6.40009e+06
1.406	99.4899	6.40009e+06
1.407	99.5606	6.40009e+06
1.408	99.6313	6.40009e+06
1.409	99.7021	6.40009e+06
1.41	99.7728	6.40009e+06
1.411	99.8435	6.40009e+06
1.412	99.9142	6.40009e+06
1.413	99.9849	6.40009e+06
1.414	100.056	6.40009e+06
1.415	100.126	6.40009e+06
1.416	100.197	6.40009e+06
1.417	100.268	6.40009e+06
1.418	100.338	6.40009e+06
1.419	100.409	6.40009e+06
1.42	100.48	6.40009e+06
1.421	100.551	6.40009e+06
1.422	100.621	6.40009e+06
1.423	100.692	6.40009e+06
1.424	100.763	6.40009e+06
1.425	100.833	6.40009e+06
1.426	100.904	6.40009e+06
1.427	100.975	6.40009e+06
1.428	101.046	6.40009e+06
1.429	101.116	6.40009e+06
1.43	101.187	6.40009e+06
1.431	101.258	6.40009e+06
1.432	101.328	6.40009e+06
1.433	101.399	6.40009e+06
1.434	101.47	6.40009e+06
1.435	101.541	6.40009e+06
1.436	101.611	6.40009e+06
1.437	101.682	6.40009e+06
1.438	101.753	6.40009e+06
1.439	101.823	6.40009e+06
1.44	101.894	6.40009e+06
1.441	101.965	6.40009e+06
1.442	102.036	6.40009e+06
1.443	102.106	6.40009e+06
1.444	102.177	6.40009e+06
1.445	102.248	6.40009e+06
1.446	102.318	6.40009e+06
1.447	102.389	6.40009e+06
1.448	102.46	6.40009e+06
1.449	102.53	6.40009e+06
1.45	102.601	6.40009e+06
1.451	102.672	6.40009e+06
1.452	102.743	6.40009e+06
1.453	102.813	6.40009e+06
1.454	102.884	6.40009e+06
1.455	102.955	6.40009e+06
1.456	103.025	6.40009e+06
1.457	103.096	6.40009e+06
1.458	103.167	6.40009e+06
1.459	103.238	6.40009e+06
1.46	103.308	6.40009e+06
1.461	103.379	6.4001e+06
1.462	103.45	6.4001e+06
1.463	103.52	6.4001e+06
1.464	103.591	6.4001e+06
1.465	103.662	6.4001e+06
1.466	103.733	6.4001e+06
1.467	103.803	6.4001e+06
1.468	103.874	6.4001e+06
1.469	103.945	6.4001e+06
1.47	104.015	6.4001e+06
1.471	104.086	6.4001e+06
1.472	104.157	6.4001e+06
1.473	104.228	6.4001e+06
1.474	104.298	6.4001e+06
1.475	104.369	6.4001e+06
1.476	104.44	6.4001e+06
1.477	104.51	6.4001e+06
1.478	104.581	6.4001e+06
1.479	104.652	6.4001e+06
1.48	104.723	6.4001e+06
1.481	104.793	6.4001e+06
1.482	104.864	6.4001e+06
1.483	104.935	6.4001e+06
1.484	105.005	6.4001e+06
1.485	105.076	6.4001e+06
1.486	105.147	6.4001e+06
1.487	105.217	6.4001e+06
1.488	105.288	6.4001e+06
1.489	105.359	6.4001e+06
1.49	105.43	6.4001e+06
1.491	105.5	6.4001e+06
1.492	105.571	6.4001e+06
1.493	105.642	6.4001e+06
1.494	105.712	6.4001e+06
1.495	105.783	6.4001e+06
1.496	105.854	6.4001e+06
1.497	105.925	6.4001e+06
1.498	105.995	6.4001e+06
1.499	106.066	6.4001e+06
1.5	106.137	6.4001e+06
1.501	106.207	6.4001e+06
1.502	106.278	6.4001e+06
1.503	106.349	6.4001e+06
1.504	106.42	6.4001e+06
1.505	106.49	6.4001e+06
1.506	106.561	6.4001e+06
1.507	106.632	6.4001e+06
1.508	106.702	6.4001e+06
1.509	106.773	6.4001e+06
1.51	106.844	6.4001e+06
1.511	106.915	6.4001e+06
1.512	106.985	6.4001e+06
1.513	107.056	6.4001e+06
1.514	107.127	6.4001e+06
1.515	107.197	6.4001e+06
1.516	107.268	6.4001e+06
1.517	107.339	6.4001e+06
1.518	107.41	6.4001e+06
1.519	107.48	6.4001e+06
1.52	107.551	6.4001e+06
1.521	107.622	6.4001e+06
1.522	107.692	6.4001e+06
1.523	107.763	6.4001e+06
1.524	107.834	6.4001e+06
1.525	107.904	6.4001e+06
1.526	107.975	6.4001e+06
1.527	108.046	6.4001e+06
1.528	108.117	6.4001e+06
1.529	108.187	6.4001e+06
1.53	108.258	6.4001e+06
1.531	108.329	6.4001e+06
1.532	108.399	6.4001e+06
1.533	108.47	6.4001e+06
1.534	108.541	6.4001e+06
1.535	108.612	6.4001e+06
1.536	108.682	6.4001e+06
1.537	108.753	6.4001e+06
1.538	108.824	6.4001e+06
1.539	108.894	6.4001e+06
1.54	108.965	6.4001e+06
1.541	109.036	6.4001e+06
1.542	109.107	6.4001e+06
1.543	109.177	6.4001e+06
1.544	109.248	6.4001e+06
1.545	109.319	6.4001e+06
1.546	109.389	6.4001e+06
1.547	109.46	6.4001e+06
1.548	109.531	6.4001e+06
1.549	109.602	6.4001e+06
1.55	109.672	6.4001e+06
1.551	109.743	6.4001e+06
1.552	109.814	6.4001e+06
1.553	109.884	6.4001e+06
1.554	109.955	6.4001e+06
1.555	110.026	6.4001e+06
1.556	110.097	6.4001e+06
1.557	110.167	6.4001e+06
1.558	110.238	6.4001e+06
1.559	110.309	6.4001e+06
1.56	110.379	6.4001e+06
1.561	110.45	6.4001e+06
1.562	110.521	6.4001e+06
1.563	110.592	6.4001e+06
1.564	110.662	6.4001e+06
1.565	110.733	6.4001e+06
1.566	110.804	6.4001e+06
1.567	110.874	6.4001e+06
1.568	110.945	6.4001e+06
1.569	111.016	6.4001e+06
1.57	111.086	6.4001e+06
1.571	111.157	6.4001e+06
1.572	111.228	6.4001e+06
1.573	111.299	6.4001e+06
1.574	111.369	6.4001e+06
1.575	111.44	6.4001e+06
1.576	111.511	6.4001e+06
1.577	111.581	6.4001e+06
1.578	111.652	6.4001e+06
1.579	111.723	6.4001e+06
1.58	111.794	6.4001e+06
1.581	111.864	6.4001e+06
1.582	111.935	6.4001e+06
1.583	112.006	6.4001e+06
1.584	112.076	6.4001e+06
1.585	112.147	6.4001e+06
1.586	112.218	6.4001e+06
1.587	112.289	6.4001e+06
1.588	112.359	6.4001e+06
1.589	112.43	6.4001e+06
1.59	112.501	6.4001e+06
1.591	112.571	6.4001e+06
1.592	112.642	6.4001e+06
1.593	112.713	6.4001e+06
1.594	112.784	6.4001e+06
1.595	112.854	6.4001e+06
1.596	112.925	6.4001e+06
1.597	112.996	6.4001e+06
1.598	113.066	6.4001e+06
1.599	113.137	6.4001e+06
1.6	113.208	6.4001e+06
1.601	113.279	6.4001e+06
1.602	113.349	6.4001e+06
1.603	113.42	6.4001e+06
1.604	113.491	6.4001e+06
1.605	113.561	6.4001e+06
1.606	113.632	6.4001e+06
1.607	113.703	6.4001e+06
1.608	113.773	6.4001e+06
1.609	113.844	6.4001e+06
1.61	113.915	6.4001e+06
1.611	113.986	6.4001e+06
1.612	114.056	6.4001e+06
1.613	114.127	6.4001e+06
1.614	114.198	6.4001e+06
1.615	114.268	6.4001e+06
1.616	114.339	6.4001e+06
1.617	114.41	6.4001e+06
1.618	114.481	6.4001e+06
1.619	114.551	6.4001e+06
1.62	114.622	6.4001e+06
1.621	114.693	6.4001e+06
1.622	114.763	6.4001e+06
1.623	114.834	6.4001e+06
1.624	114.905	6.4001e+06
1.625	114.976	6.4001e+06
1.626	115.046	6.4001e+06
1.627	115.117	6.4001e+06
1.628	115.188	6.4001e+06
1.629	115.258	6.4001e+06
1.63	115.329	6.4001e+06
1.631	115.4	6.40011e+06
1.632	115.471	6.40011e+06
1.633	115.541	6.40011e+06
1.634	115.612	6.40011e+06
1.635	115.683	6.40011e+06
1.636	115.753	6.40011e+06
1.637	115.824	6.40011e+06
1.638	115.895	6.40011e+06
1.639	115.966	6.40011e+06
1.64	116.036	6.40011e+06
1.641	116.107	6.40011e+06
1.642	116.178	6.40011e+06
1.643	116.248	6.40011e+06
1.644	116.319	6.40011e+06
1.645	116.39	6.40011e+06
1.646	116.46	6.40011e+06
1.647	116.531	6.40011e+06
1.648	116.602	6.40011e+06
1.649	116.673	6.40011e+06
1.65	116.743	6.40011e+06
1.651	116.814	6.40011e+06
1.652	116.885	6.40011e+06
1.653	116.955	6.40011e+06
1.654	117.026	6.40011e+06
1.655	117.097	6.40011e+06
1.656	117.168	6.40011e+06
1.657	117.238	6.40011e+06
1.658	117.309	6.40011e+06
1.659	117.38	6.40011e+06
1.66	117.45	6.40011e+06
1.661	117.521	6.40011e+06
1.662	117.592	6.40011e+06
1.663	117.663	6.40011e+06
1.664	117.733	6.40011e+06
1.665	117.804	6.40011e+06
1.666	117.875	6.40011e+06
1.667	117.945	6.40011e+06
1.668	118.016	6.40011e+06
1.669	118.087	6.40011e+06
1.67	118.158	6.40011e+06
1.671	118.228	6.40011e+06
1.672	118.299	6.40011e+06
1.673	118.37	6.40011e+06
1.674	118.44	6.40011e+06
1.675	118.511	6.40011e+06
1.676	118.582	6.40011e+06
1.677	118.653	6.40011e+06
1.678	118.723	6.40011e+06
1.679	118.794	6.40011e+06
1.68	118.865	6.40011e+06
1.681	118.935	6.40011e+06
1.682	119.006	6.40011e+06
1.683	119.077	6.40011e+06
1.684	119.147	6.40011e+06
1.685	119.218	6.40011e+06
1.686	119.289	6.40011e+06
1.687	119.36	6.40011e+06
1.688	119.43	6.40011e+06
1.689	119.501	6.40011e+06
1.69	119.572	6.40011e+06
1.691	119.642	6.40011e+06
1.692	119.713	6.40011e+06
1.693	119.784	6.40011e+06
1.694	119.855	6.40011e+06
1.695	119.925	6.40011e+06
1.696	119.996	6.40011e+06
1.697	120.067	6.40011e+06
1.698	120.137	6.40011e+06
1.699	120.208	6.40011e+06
1.7	120.279	6.40011e+06
1.701	120.35	6.40011e+06
1.702	120.42	6.40011e+06
1.703	120.491	6.40011e+06
1.704	120.562	6.40011e+06
1.705	120.632	6.40011e+06
1.706	120.703	6.40011e+06
1.707	120.774	6.40011e+06
1.708	120.845	6.40011e+06
1.709	120.915	6.40011e+06
1.71	120.986	6.40011e+06
1.711	121.057	6.40011e+06
1.712	121.127	6.40011e+06
1.713	121.198	6.40011e+06
1.714	121.269	6.40011e+06
1.715	121.34	6.40011e+06
1.716	121.41	6.40011e+06
1.717	121.481	6.40011e+06
1.718	121.552	6.40011e+06
1.719	121.622	6.40011e+06
1.72	121.693	6.40011e+06
1.721	121.764	6.40011e+06
1.722	121.834	6.40011e+06
1.723	121.905	6.40011e+06
1.724	121.976	6.40011e+06
1.725	122.047	6.40011e+06
1.726	122.117	6.40011e+06
1.727	122.188	6.40011e+06
1.728	122.259	6.40011e+06
1.729	122.329	6.40011e+06
1.73	122.4	6.40011e+06
1.731	122.471	6.40011e+06
1.732	122.542	6.40011e+06
1.733	122.612	6.40011e+06
1.734	122.683	6.40011e+06
1.735	122.754	6.40011e+06
1.736	122.824	6.40011e+06
1.737	122.895	6.40011e+06
1.738	122.966	6.40011e+06
1.739	123.037	6.40011e+06
1.74	123.107	6.40011e+06
1.741	123.178	6.40011e+06
1.742	123.249	6.40011e+06
1.743	123.319	6.40011e+06
1.744	123.39	6.40011e+06
1.745	123.461	6.40011e+06
1.746	123.532	6.40011e+06
1.747	123.602	6.40011e+06
1.748	123.673	6.40011e+06
1.749	123.744	6.40011e+06
1.75	123.814	6.40011e+06
1.751	123.885	6.40011e+06
1.752	123.956	6.40011e+06
1.753	124.027	6.40011e+06
1.754	124.097	6.40011e+06
1.755	124.168	6.40011e+06
1.756	124.239	6.40011e+06
1.757	124.309	6.40011e+06
1.758	124.38	6.40011e+06
1.759	124.451	6.40011e+06
1.76	124.522	6.40011e+06
1.761	124.592	6.40011e+06
1.762	124.663	6.40011e+06
1.763	124.734	6.40011e+06
1.764	124.804	6.40011e+06
1.765	124.875	6.40011e+06
1.766	124.946	6.40011e+06
1.767	125.016	6.40011e+06
1.768	125.087	6.40011e+06
1.769	125.158	6.40011e+06
1.77	125.229	6.40011e+06
1.771	125.299	6.40011e+06
1.772	125.37	6.40011e+06
1.773	125.441	6.40011e+06
1.774	125.511	6.40011e+06
1.775	125.582	6.40011e+06
1.776	125.653	6.40011e+06
1.777	125.724	6.40011e+06
1.778	125.794	6.40011e+06
1.779	125.865	6.40011e+06
1.78	125.936	6.40011e+06
1.781	126.006	6.40011e+06
1.782	126.077	6.40011e+06
1.783	126.148	6.40011e+06
1.784	126.219	6.40011e+06
1.785	126.289	6.40011e+06
1.786	126.36	6.40011e+06
1.787	126.431	6.40011e+06
1.788	126.501	6.40011e+06
1.789	126.572	6.40011e+06
1.79	126.643	6.40011e+06
1.791	126.714	6.40011e+06
1.792	126.784	6.40011e+06
1.793	126.855	6.40011e+06
1.794	126.926	6.40011e+06
1.795	126.996	6.40011e+06
1.796	127.067	6.40011e+06
1.797	127.138	6.40011e+06
1.798	127.209	6.40011e+06
1.799	127.279	6.40011e+06
1.8	127.35	6.40011e+06
1.801	127.421	6.40011e+06
1.802	127.491	6.40011e+06
1.803	127.562	6.40011e+06
1.804	127.633	6.40011e+06
1.805	127.703	6.40012e+06
1.806	127.774	6.40012e+06
1.807	127.845	6.40012e+06
1.808	127.916	6.40012e+06
1.809	127.986	6.40012e+06
1.81	128.057	6.40012e+06
1.811	128.128	6.40012e+06
1.812	128.198	6.40012e+06
1.813	128.269	6.40012e+06
1.814	128.34	6.40012e+06
1.815	128.411	6.40012e+06
1.816	128.481	6.40012e+06
1.817	128.552	6.40012e+06
1.818	128.623	6.40012e+06
1.819	128.693	6.40012e+06
1.82	128.764	6.40012e+06
1.821	128.835	6.40012e+06
1.822	128.906	6.40012e+06
1.823	128.976	6.40012e+06
1.824	129.047	6.40012e+06
1.825	129.118	6.40012e+06
1.826	129.188	6.40012e+06
1.827	129.259	6.40012e+06
1.828	129.33	6.40012e+06
1.829	129.401	6.40012e+06
1.83	129.471	6.40012e+06
1.831	129.542	6.40012e+06
1.832	129.613	6.40012e+06
1.833	129.683	6.40012e+06
1.834	129.754	6.40012e+06
1.835	129.825	6.40012e+06
1.836	129.896	6.40012e+06
1.837	129.966	6.40012e+06
1.838	130.037	6.40012e+06
1.839	130.108	6.40012e+06
1.84	130.178	6.40012e+06
1.841	130.249	6.40012e+06
1.842	130.32	6.40012e+06
1.843	130.39	6.40012e+06
1.844	130.461	6.40012e+06
1.845	130.532	6.40012e+06
1.846	130.603	6.40012e+06
1.847	130.673	6.40012e+06
1.848	130.744	6.40012e+06
1.849	130.815	6.40012e+06
1.85	130.885	6.40012e+06
1.851	130.956	6.40012e+06
1.852	131.027	6.40012e+06
1.853	131.098	6.40012e+06
1.854	131.168	6.40012e+06
1.855	131.239	6.40012e+06
1.856	131.31	6.40012e+06
1.857	131.38	6.40012e+06
1.858	131.451	6.40012e+06
1.859	131.522	6.40012e+06
1.86	131.593	6.40012e+06
1.861	131.663	6.40012e+06
1.862	131.734	6.40012e+06
1.863	131.805	6.40012e+06
1.864	131.875	6.40012e+06
1.865	131.946	6.40012e+06
1.866	132.017	6.40012e+06
1.867	132.088	6.40012e+06
1.868	132.158	6.40012e+06
1.869	132.229	6.40012e+06
1.87	132.3	6.40012e+06
1.871	132.37	6.40012e+06
1.872	132.441	6.40012e+06
1.873	132.512	6.40012e+06
1.874	132.583	6.40012e+06
1.875	132.653	6.40012e+06
1.876	132.724	6.40012e+06
1.877	132.795	6.40012e+06
1.878	132.865	6.40012e+06
1.879	132.936	6.40012e+06
1.88	133.007	6.40012e+06
1.881	133.077	6.40012e+06
1.882	133.148	6.40012e+06
1.883	133.219	6.40012e+06
1.884	133.29	6.40012e+06
1.885	133.36	6.40012e+06
1.886	133.431	6.40012e+06
1.887	133.502	6.40012e+06
1.888	133.572	6.40012e+06
1.889	133.643	6.40012e+06
1.89	133.714	6.40012e+06
1.891	133.785	6.40012e+06
1.892	133.855	6.40012e+06
1.893	133.926	6.40012e+06
1.894	133.997	6.40012e+06
1.895	134.067	6.40012e+06
1.896	134.138	6.40012e+06
1.897	134.209	6.40012e+06
1.898	134.28	6.40012e+06
1.899	134.35	6.40012e+06
1.9	134.421	6.40012e+06
1.901	134.492	6.40012e+06
1.902	134.562	6.40012e+06
1.903	134.633	6.40012e+06
1.904	134.704	6.40012e+06
1.905	134.775	6.40012e+06
1.906	134.845	6.40012e+06
1.907	134.916	6.40012e+06
1.908	134.987	6.40012e+06
1.909	135.057	6.40012e+06
1.91	135.128	6.40012e+06
1.911	135.199	6.40012e+06
1.912	135.27	6.40012e+06
1.913	135.34	6.40012e+06
1.914	135.411	6.40012e+06
1.915	135.482	6.40012e+06
1.916	135.552	6.40012e+06
1.917	135.623	6.40012e+06
1.918	135.694	6.40012e+06
1.919	135.765	6.40012e+06
1.92	135.835	6.40012e+06
1.921	135.906	6.40012e+06
1.922	135.977	6.40012e+06
1.923	136.047	6.40012e+06
1.924	136.118	6.40012e+06
1.925	136.189	6.40012e+06
1.926	136.259	6.40012e+06
1.927	136.33	6.40012e+06
1.928	136.401	6.40012e+06
1.929	136.472	6.40012e+06
1.93	136.542	6.40012e+06
1.931	136.613	6.40012e+06
1.932	136.684	6.40012e+06
1.933	136.754	6.40012e+06
1.934	136.825	6.40012e+06
1.935	136.896	6.40012e+06
1.936	136.967	6.40012e+06
1.937	137.037	6.40012e+06
1.938	137.108	6.40012e+06
1.939	137.179	6.40012e+06
1.94	137.249	6.40012e+06
1.941	137.32	6.40012e+06
1.942	137.391	6.40012e+06
1.943	137.462	6.40012e+06
1.944	137.532	6.40012e+06
1.945	137.603	6.40012e+06
1.946	137.674	6.40012e+06
1.947	137.744	6.40012e+06
1.948	137.815	6.40012e+06
1.949	137.886	6.40012e+06
1.95	137.957	6.40012e+06
1.951	138.027	6.40012e+06
1.952	138.098	6.40012e+06
1.953	138.169	6.40012e+06
1.954	138.239	6.40012e+06
1.955	138.31	6.40012e+06
1.956	138.381	6.40012e+06
1.957	138.452	6.40012e+06
1.958	138.522	6.40012e+06
1.959	138.593	6.40012e+06
1.96	138.664	6.40012e+06
1.961	138.734	6.40012e+06
1.962	138.805	6.40012e+06
1.963	138.876	6.40012e+06
1.964	138.946	6.40012e+06
1.965	139.017	6.40012e+06
1.966	139.088	6.40012e+06
1.967	139.159	6.40012e+06
1.968	139.229	6.40012e+06
1.969	139.3	6.40012e+06
1.97	139.371	6.40012e+06
1.971	139.441	6.40012e+06
1.972	139.512	6.40012e+06
1.973	139.583	6.40012e+06
1.974	139.654	6.40012e+06
1.975	139.724	6.40012e+06
1.976	139.795	6.40012e+06
1.977	139.866	6.40012e+06
1.978	139.936	6.40012e+06
1.979	140.007	6.40012e+06
1.98	140.078	6.40012e+06
1.981	140.149	6.40012e+06
1.982	140.219	6.40012e+06
1.983	140.29	6.40012e+06
1.984	140.361	6.40013e+06
1.985	140.431	6.40013e+06
1.986	140.502	6.40013e+06
1.987	140.573	6.40013e+06
1.988	140.644	6.40013e+06
1.989	140.714	6.40013e+06
1.99	140.785	6.40013e+06
1.991	140.856	6.40013e+06
1.992	140.926	6.40013e+06
1.993	140.997	6.40013e+06
1.994	141.068	6.40013e+06
1.995	141.139	6.40013e+06
1.996	141.209	6.40013e+06
1.997	141.28	6.40013e+06
1.998	141.351	6.40013e+06
1.999	141.421	6.40013e+06
2	141.492	6.40013e+06
2.001	141.563	6.40013e+06
2.002	141.633	6.40013e+06
2.003	141.704	6.40013e+06
2.004	141.775	6.40013e+06
2.005	141.846	6.40013e+06
2.006	141.916	6.40013e+06
2.007	141.987	6.40013e+06
2.008	142.058	6.40013e+06
2.009	142.128	6.40013e+06
2.01	142.199	6.40013e+06
2.011	142.27	6.40013e+06
2.012	142.341	6.40013e+06
2.013	142.411	6.40013e+06
2.014	142.482	6.40013e+06
2.015	142.553	6.40013e+06
2.016	142.623	6.40013e+06
2.017	142.694	6.40013e+06
2.018	142.765	6.40013e+06
2.019	142.836	6.40013e+06
2.02	142.906	6.40013e+06
2.021	142.977	6.40013e+06
2.022	143.048	6.40013e+06
2.023	143.118	6.40013e+06
2.024	143.189	6.40013e+06
2.025	143.26	6.40013e+06
2.026	143.331	6.40013e+06
2.027	143.401	6.40013e+06
2.028	143.472	6.40013e+06
2.029	143.543	6.40013e+06
2.03	143.613	6.40013e+06
2.031	143.684	6.40013e+06
2.032	143.755	6.40013e+06
2.033	143.826	6.40013e+06
2.034	143.896	6.40013e+06
2.035	143.967	6.40013e+06
2.036	144.038	6.40013e+06
2.037	144.108	6.40013e+06
2.038	144.179	6.40013e+06
2.039	144.25	6.40013e+06
2.04	144.32	6.40013e+06
2.041	144.391	6.40013e+06
2.042	144.462	6.40013e+06
2.043	144.533	6.40013e+06
2.044	144.603	6.40013e+06
2.045	144.674	6.40013e+06
2.046	144.745	6.40013e+06
2.047	144.815	6.40013e+06
2.048	144.886	6.40013e+06
2.049	144.957	6.40013e+06
2.05	145.028	6.40013e+06
2.051	145.098	6.40013e+06
2.052	145.169	6.40013e+06
2.053	145.24	6.40013e+06
2.054	145.31	6.40013e+06
2.055	145.381	6.40013e+06
2.056	145.452	6.40013e+06
2.057	145.523	6.40013e+06
2.058	145.593	6.40013e+06
2.059	145.664	6.40013e+06
2.06	145.735	6.40013e+06
2.061	145.805	6.40013e+06
2.062	145.876	6.40013e+06
2.063	145.947	6.40013e+06
2.064	146.018	6.40013e+06
2.065	146.088	6.40013e+06
2.066	146.159	6.40013e+06
2.067	146.23	6.40013e+06
2.068	146.3	6.40013e+06
2.069	146.371	6.40013e+06
2.07	146.442	6.40013e+06
2.071	146.513	6.40013e+06
2.072	146.583	6.40013e+06
2.073	146.654	6.40013e+06
2.074	146.725	6.40013e+06
2.075	146.795	6.40013e+06
2.076	146.866	6.40013e+06
2.077	146.937	6.40013e+06
2.078	147.007	6.40013e+06
2.079	147.078	6.40013e+06
2.08	147.149	6.40013e+06
2.081	147.22	6.40013e+06
2.082	147.29	6.40013e+06
2.083	147.361	6.40013e+06
2.084	147.432	6.40013e+06
2.085	147.502	6.40013e+06
2.086	147.573	6.40013e+06
2.087	147.644	6.40013e+06
2.088	147.715	6.40013e+06
2.089	147.785	6.40013e+06
2.09	147.856	6.40013e+06
2.091	147.927	6.40013e+06
2.092	147.997	6.40013e+06
2.093	148.068	6.40013e+06
2.094	148.139	6.40013e+06
2.095	148.21	6.40013e+06
2.096	148.28	6.40013e+06
2.097	148.351	6.40013e+06
2.098	148.422	6.40013e+06
2.099	148.492	6.40013e+06
2.1	148.563	6.40013e+06
2.101	148.634	6.40013e+06
2.102	148.705	6.40013e+06
2.103	148.775	6.40013e+06
2.104	148.846	6.40013e+06
2.105	148.917	6.40013e+06
2.106	148.987	6.40013e+06
2.107	149.058	6.40013e+06
2.108	149.129	6.40013e+06
2.109	149.2	6.40013e+06
2.11	149.27	6.40013e+06
2.111	149.341	6.40013e+06
2.112	149.412	6.40013e+06
2.113	149.482	6.40013e+06
2.114	149.553	6.40013e+06
2.115	149.624	6.40013e+06
2.116	149.695	6.40013e+06
2.117	149.765	6.40013e+06
2.118	149.836	6.40013e+06
2.119	149.907	6.40013e+06
2.12	149.977	6.40013e+06
2.121	150.048	6.40013e+06
2.122	150.119	6.40013e+06
2.123	150.189	6.40013e+06
2.124	150.26	6.40013e+06
2.125	150.331	6.40013e+06
2.126	150.402	6.40013e+06
2.127	150.472	6.40013e+06
2.128	150.543	6.40013e+06
2.129	150.614	6.40013e+06
2.13	150.684	6.40013e+06
2.131	150.755	6.40013e+06
2.132	150.826	6.40013e+06
2.133	150.897	6.40013e+06
2.134	150.967	6.40013e+06
2.135	151.038	6.40013e+06
2.136	151.109	6.40013e+06
2.137	151.179	6.40013e+06
2.138	151.25	6.40013e+06
2.139	151.321	6.40013e+06
2.14	151.392	6.40013e+06
2.141	151.462	6.40013e+06
2.142	151.533	6.40013e+06
2.143	151.604	6.40013e+06
2.144	151.674	6.40013e+06
2.145	151.745	6.40013e+06
2.146	151.816	6.40013e+06
2.147	151.887	6.40013e+06
2.148	151.957	6.40013e+06
2.149	152.028	6.40013e+06
2.15	152.099	6.40013e+06
2.151	152.169	6.40013e+06
2.152	152.24	6.40013e+06
2.153	152.311	6.40013e+06
2.154	152.382	6.40013e+06
2.155	152.452	6.40013e+06
2.156	152.523	6.40013e+06
2.157	152.594	6.40013e+06
2.158	152.664	6.40013e+06
2.159	152.735	6.40013e+06
2.16	152.806	6.40013e+06
2.161	152.876	6.40013e+06
2.162	152.947	6.40013e+06
2.163	153.018	6.40013e+06
2.164	153.089	6.40013e+06
2.165	153.159	6.40013e+06
2.166	153.23	6.40013e+06
2.167	153.301	6.40014e+06
2.168	153.371	6.40014e+06
2.169	153.442	6.40014e+06
2.17	153.513	6.40014e+06
2.171	153.584	6.40014e+06
2.172	153.654	6.40014e+06
2.173	153.725	6.40014e+06
2.174	153.796	6.40014e+06
2.175	153.866	6.40014e+06
2.176	153.937	6.40014e+06
2.177	154.008	6.40014e+06
2.178	154.079	6.40014e+06
2.179	154.149	6.40014e+06
2.18	154.22	6.40014e+06
2.181	154.291	6.40014e+06
2.182	154.361	6.40014e+06
2.183	154.432	6.40014e+06
2.184	154.503	6.40014e+06
2.185	154.574	6.40014e+06
2.186	154.644	6.40014e+06
2.187	154.715	6.40014e+06
2.188	154.786	6.40014e+06
2.189	154.856	6.40014e+06
2.19	154.927	6.40014e+06
2.191	154.998	6.40014e+06
2.192	155.069	6.40014e+06
2.193	155.139	6.40014e+06
2.194	155.21	6.40014e+06
2.195	155.281	6.40014e+06
2.196	155.351	6.40014e+06
2.197	155.422	6.40014e+06
2.198	155.493	6.40014e+06
2.199	155.563	6.40014e+06
2.2	155.634	6.40014e+06
2.201	155.705	6.40014e+06
2.202	155.776	6.40014e+06
2.203	155.846	6.40014e+06
2.204	155.917	6.40014e+06
2.205	155.988	6.40014e+06
2.206	156.058	6.40014e+06
2.207	156.129	6.40014e+06
2.208	156.2	6.40014e+06
2.209	156.271	6.40014e+06
2.21	156.341	6.40014e+06
2.211	156.412	6.40014e+06
2.212	156.483	6.40014e+06
2.213	156.553	6.40014e+06
2.214	156.624	6.40014e+06
2.215	156.695	6.40014e+06
2.216	156.766	6.40014e+06
2.217	156.836	6.40014e+06
2.218	156.907	6.40014e+06
2.219	156.978	6.40014e+06
2.22	157.048	6.40014e+06
2.221	157.119	6.40014e+06
2.222	157.19	6.40014e+06
2.223	157.261	6.40014e+06
2.224	157.331	6.40014e+06
2.225	157.402	6.40014e+06
2.226	157.473	6.40014e+06
2.227	157.543	6.40014e+06
2.228	157.614	6.40014e+06
2.229	157.685	6.40014e+06
2.23	157.756	6.40014e+06
2.231	157.826	6.40014e+06
2.232	157.897	6.40014e+06
2.233	157.968	6.40014e+06
2.234	158.038	6.40014e+06
2.235	158.109	6.40014e+06
2.236	158.18	6.40014e+06
2.237	158.25	6.40014e+06
2.238	158.321	6.40014e+06
2.239	158.392	6.40014e+06
2.24	158.463	6.40014e+06
2.241	158.533	6.40014e+06
2.242	158.604	6.40014e+06
2.243	158.675	6.40014e+06
2.244	158.745	6.40014e+06
2.245	158.816	6.40014e+06
2.246	158.887	6.40014e+06
2.247	158.958	6.40014e+06
2.248	159.028	6.40014e+06
2.249	159.099	6.40014e+06
2.25	159.17	6.40014e+06
2.251	159.24	6.40014e+06
2.252	159.311	6.40014e+06
2.253	159.382	6.40014e+06
2.254	159.453	6.40014e+06
2.255	159.523	6.40014e+06
2.256	159.594	6.40014e+06
2.257	159.665	6.40014e+06
2.258	159.735	6.40014e+06
2.259	159.806	6.40014e+06
2.26	159.877	6.40014e+06
2.261	159.948	6.40014e+06
2.262	160.018	6.40014e+06
2.263	160.089	6.40014e+06
2.264	160.16	6.40014e+06
2.265	160.23	6.40014e+06
2.266	160.301	6.40014e+06
2.267	160.372	6.40014e+06
2.268	160.443	6.40014e+06
2.269	160.513	6.40014e+06
2.27	160.584	6.40014e+06
2.271	160.655	6.40014e+06
2.272	160.725	6.40014e+06
2.273	160.796	6.40014e+06
2.274	160.867	6.40014e+06
2.275	160.938	6.40014e+06
2.276	161.008	6.40014e+06
2.277	161.079	6.40014e+06
2.278	161.15	6.40014e+06
2.279	161.22	6.40014e+06
2.28	161.291	6.40014e+06
2.281	161.362	6.40014e+06
2.282	161.432	6.40014e+06
2.283	161.503	6.40014e+06
2.284	161.574	6.40014e+06
2.285	161.645	6.40014e+06
2.286	161.715	6.40014e+06
2.287	161.786	6.40014e+06
2.288	161.857	6.40014e+06
2.289	161.927	6.40014e+06
2.29	161.998	6.40014e+06
2.291	162.069	6.40014e+06
2.292	162.14	6.40014e+06
2.293	162.21	6.40014e+06
2.294	162.281	6.40014e+06
2.295	162.352	6.40014e+06
2.296	162.422	6.40014e+06
2.297	162.493	6.40014e+06
2.298	162.564	6.40014e+06
2.299	162.635	6.40014e+06
2.3	162.705	6.40014e+06
2.301	162.776	6.40014e+06
2.302	162.847	6.40014e+06
2.303	162.917	6.40014e+06
2.304	162.988	6.40014e+06
2.305	163.059	6.40014e+06
2.306	163.13	6.40014e+06
2.307	163.2	6.40014e+06
2.308	163.271	6.40014e+06
2.309	163.342	6.40014e+06
2.31	163.412	6.40014e+06
2.311	163.483	6.40014e+06
2.312	163.554	6.40014e+06
2.313	163.625	6.40014e+06
2.314	163.695	6.40014e+06
2.315	163.766	6.40014e+06
2.316	163.837	6.40014e+06
2.317	163.907	6.40014e+06
2.318	163.978	6.40014e+06
2.319	164.049	6.40014e+06
2.32	164.119	6.40014e+06
2.321	164.19	6.40014e+06
2.322	164.261	6.40014e+06
2.323	164.332	6.40014e+06
2.324	164.402	6.40014e+06
2.325	164.473	6.40014e+06
2.326	164.544	6.40014e+06
2.327	164.614	6.40014e+06
2.328	164.685	6.40014e+06
2.329	164.756	6.40014e+06
2.33	164.827	6.40014e+06
2.331	164.897	6.40014e+06
2.332	164.968	6.40014e+06
2.333	165.039	6.40014e+06
2.334	165.109	6.40014e+06
2.335	165.18	6.40014e+06
2.336	165.251	6.40014e+06
2.337	165.322	6.40014e+06
2.338	165.392	6.40014e+06
2.339	165.463	6.40014e+06
2.34	165.534	6.40014e+06
2.341	165.604	6.40014e+06
2.342	165.675	6.40014e+06
2.343	165.746	6.40014e+06
2.344	165.817	6.40014e+06
2.345	165.887	6.40014e+06
2.346	165.958	6.40014e+06
2.347	166.029	6.40014e+06
2.348	166.099	6.40014e+06
2.349	166.17	6.40014e+06
2.35	166.241	6.40014e+06
2.351	166.312	6.40014e+06
2.352	166.382	6.40014e+06
2.353	166.453	6.40014e+06
2.354	166.524	6.40014e+06
2.355	166.594	6.40015e+06
2.356	166.665	6.40015e+06
2.357	166.736	6.40015e+06
2.358	166.806	6.40015e+06
2.359	166.877	6.40015e+06
2.36	166.948	6.40015e+06
2.361	167.019	6.40015e+06
2.362	167.089	6.40015e+06
2.363	167.16	6.40015e+06
2.364	167.231	6.40015e+06
2.365	167.301	6.40015e+06
2.366	167.372	6.40015e+06
2.367	167.443	6.40015e+06
2.368	167.514	6.40015e+06
2.369	167.584	6.40015e+06
2.37	167.655	6.40015e+06
2.371	167.726	6.40015e+06
2.372	167.796	6.40015e+06
2.373	167.867	6.40015e+06
2.374	167.938	6.40015e+06
2.375	168.009	6.40015e+06
2.376	168.079	6.40015e+06
2.377	168.15	6.40015e+06
2.378	168.221	6.40015e+06
2.379	168.291	6.40015e+06
2.38	168.362	6.40015e+06
2.381	168.433	6.40015e+06
2.382	168.504	6.40015e+06
2.383	168.574	6.40015e+06
2.384	168.645	6.40015e+06
2.385	168.716	6.40015e+06
2.386	168.786	6.40015e+06
2.387	168.857	6.40015e+06
2.388	168.928	6.40015e+06
2.389	168.999	6.40015e+06
2.39	169.069	6.40015e+06
2.391	169.14	6.40015e+06
2.392	169.211	6.40015e+06
2.393	169.281	6.40015e+06
2.394	169.352	6.40015e+06
2.395	169.423	6.40015e+06
2.396	169.493	6.40015e+06
2.397	169.564	6.40015e+06
2.398	169.635	6.40015e+06
2.399	169.706	6.40015e+06
2.4	169.776	6.40015e+06
2.401	169.847	6.40015e+06
2.402	169.918	6.40015e+06
2.403	169.988	6.40015e+06
2.404	170.059	6.40015e+06
2.405	170.13	6.40015e+06
2.406	170.201	6.40015e+06
2.407	170.271	6.40015e+06
2.408	170.342	6.40015e+06
2.409	170.413	6.40015e+06
2.41	170.483	6.40015e+06
2.411	170.554	6.40015e+06
2.412	170.625	6.40015e+06
2.413	170.696	6.40015e+06
2.414	170.766	6.40015e+06
2.415	170.837	6.40015e+06
2.416	170.908	6.40015e+06
2.417	170.978	6.40015e+06
2.418	171.049	6.40015e+06
2.419	171.12	6.40015e+06
2.42	171.191	6.40015e+06
2.421	171.261	6.40015e+06
2.422	171.332	6.40015e+06
2.423	171.403	6.40015e+06
2.424	171.473	6.40015e+06
2.425	171.544	6.40015e+06
2.426	171.615	6.40015e+06
2.427	171.686	6.40015e+06
2.428	171.756	6.40015e+06
2.429	171.827	6.40015e+06
2.43	171.898	6.40015e+06
2.431	171.968	6.40015e+06
2.432	172.039	6.40015e+06
2.433	172.11	6.40015e+06
2.434	172.181	6.40015e+06
2.435	172.251	6.40015e+06
2.436	172.322	6.40015e+06
2.437	172.393	6.40015e+06
2.438	172.463	6.40015e+06
2.439	172.534	6.40015e+06
2.44	172.605	6.40015e+06
2.441	172.675	6.40015e+06
2.442	172.746	6.40015e+06
2.443	172.817	6.40015e+06
2.444	172.888	6.40015e+06
2.445	172.958	6.40015e+06
2.446	173.029	6.40015e+06
2.447	173.1	6.40015e+06
2.448	173.17	6.40015e+06
2.449	173.241	6.40015e+06
2.45	173.312	6.40015e+06
2.451	173.383	6.40015e+06
2.452	173.453	6.40015e+06
2.453	173.524	6.40015e+06
2.454	173.595	6.40015e+06
2.455	173.665	6.40015e+06
2.456	173.736	6.40015e+06
2.457	173.807	6.40015e+06
2.458	173.878	6.40015e+06
2.459	173.948	6.40015e+06
2.46	174.019	6.40015e+06
2.461	174.09	6.40015e+06
2.462	174.16	6.40015e+06
2.463	174.231	6.40015e+06
2.464	174.302	6.40015e+06
2.465	174.373	6.40015e+06
2.466	174.443	6.40015e+06
2.467	174.514	6.40015e+06
2.468	174.585	6.40015e+06
2.469	174.655	6.40015e+06
2.47	174.726	6.40015e+06
2.471	174.797	6.40015e+06
2.472	174.868	6.40015e+06
2.473	174.938	6.40015e+06
2.474	175.009	6.40015e+06
2.475	175.08	6.40015e+06
2.476	175.15	6.40015e+06
2.477	175.221	6.40015e+06
2.478	175.292	6.40015e+06
2.479	175.362	6.40015e+06
2.48	175.433	6.40015e+06
2.481	175.504	6.40015e+06
2.482	175.575	6.40015e+06
2.483	175.645	6.40015e+06
2.484	175.716	6.40015e+06
2.485	175.787	6.40015e+06
2.486	175.857	6.40015e+06
2.487	175.928	6.40015e+06
2.488	175.999	6.40015e+06
2.489	176.07	6.40015e+06
2.49	176.14	6.40015e+06
2.491	176.211	6.40015e+06
2.492	176.282	6.40015e+06
2.493	176.352	6.40015e+06
2.494	176.423	6.40015e+06
2.495	176.494	6.40015e+06
2.496	176.565	6.40015e+06
2.497	176.635	6.40015e+06
2.498	176.706	6.40015e+06
2.499	176.777	6.40015e+06
2.5	176.847	6.40015e+06
2.501	176.918	6.40015e+06
2.502	176.989	6.40015e+06
2.503	177.06	6.40015e+06
2.504	177.13	6.40015e+06
2.505	177.201	6.40015e+06
2.506	177.272	6.40015e+06
2.507	177.342	6.40015e+06
2.508	177.413	6.40015e+06
2.509	177.484	6.40015e+06
2.51	177.555	6.40015e+06
2.511	177.625	6.40015e+06
2.512	177.696	6.40015e+06
2.513	177.767	6.40015e+06
2.514	177.837	6.40015e+06
2.515	177.908	6.40015e+06
2.516	177.979	6.40015e+06
2.517	178.049	6.40015e+06
2.518	178.12	6.40015e+06
2.519	178.191	6.40015e+06
2.52	178.262	6.40015e+06
2.521	178.332	6.40015e+06
2.522	178.403	6.40015e+06
2.523	178.474	6.40015e+06
2.524	178.544	6.40015e+06
2.525	178.615	6.40015e+06
2.526	178.686	6.40015e+06
2.527	178.757	6.40015e+06
2.528	178.827	6.40015e+06
2.529	178.898	6.40015e+06
2.53	178.969	6.40015e+06
2.531	179.039	6.40015e+06
2.532	179.11	6.40015e+06
2.533	179.181	6.40015e+06
2.534	179.252	6.40015e+06
2.535	179.322	6.40015e+06
2.536	179.393	6.40015e+06
2.537	179.464	6.40015e+06
2.538	179.534	6.40015e+06
2.539	179.605	6.40015e+06
2.54	179.676	6.40015e+06
2.541	179.747	6.40015e+06
2.542	179.817	6.40015e+06
2.543	179.888	6.40015e+06
2.544	179.959	6.40015e+06
2.545	180.029	6.40015e+06
2.546	180.1	6.40015e+06
2.547	180.171	6.40015e+06
2.548	180.242	6.40015e+06
2.549	180.312	6.40016e+06
2.55	180.383	6.40016e+06
2.551	180.454	6.40016e+06
2.552	180.524	6.40016e+06
2.553	180.595	6.40016e+06
2.554	180.666	6.40016e+06
2.555	180.736	6.40016e+06
2.556	180.807	6.40016e+06
2.557	180.878	6.40016e+06
2.558	180.949	6.40016e+06
2.559	181.019	6.40016e+06
2.56	181.09	6.40016e+06
2.561	181.161	6.40016e+06
2.562	181.231	6.40016e+06
2.563	181.302	6.40016e+06
2.564	181.373	6.40016e+06
2.565	181.444	6.40016e+06
2.566	181.514	6.40016e+06
2.567	181.585	6.40016e+06
2.568	181.656	6.40016e+06
2.569	181.726	6.40016e+06
2.57	181.797	6.40016e+06
2.571	181.868	6.40016e+06
2.572	181.939	6.40016e+06
2.573	182.009	6.40016e+06
2.574	182.08	6.40016e+06
2.575	182.151	6.40016e+06
2.576	182.221	6.40016e+06
2.577	182.292	6.40016e+06
2.578	182.363	6.40016e+06
2.579	182.434	6.40016e+06
2.58	182.504	6.40016e+06
2.581	182.575	6.40016e+06
2.582	182.646	6.40016e+06
2.583	182.716	6.40016e+06
2.584	182.787	6.40016e+06
2.585	182.858	6.40016e+06
2.586	182.929	6.40016e+06
2.587	182.999	6.40016e+06
2.588	183.07	6.40016e+06
2.589	183.141	6.40016e+06
2.59	183.211	6.40016e+06
2.591	183.282	6.40016e+06
2.592	183.353	6.40016e+06
2.593	183.423	6.40016e+06
2.594	183.494	6.40016e+06
2.595	183.565	6.40016e+06
2.596	183.636	6.40016e+06
2.597	183.706	6.40016e+06
2.598	183.777	6.40016e+06
2.599	183.848	6.40016e+06
2.6	183.918	6.40016e+06
2.601	183.989	6.40016e+06
2.602	184.06	6.40016e+06
2.603	184.131	6.40016e+06
2.604	184.201	6.40016e+06
2.605	184.272	6.40016e+06
2.606	184.343	6.40016e+06
2.607	184.413	6.40016e+06
2.608	184.484	6.40016e+06
2.609	184.555	6.40016e+06
2.61	184.626	6.40016e+06
2.611	184.696	6.40016e+06
2.612	184.767	6.40016e+06
2.613	184.838	6.40016e+06
2.614	184.908	6.40016e+06
2.615	184.979	6.40016e+06
2.616	185.05	6.40016e+06
2.617	185.121	6.40016e+06
2.618	185.191	6.40016e+06
2.619	185.262	6.40016e+06
2.62	185.333	6.40016e+06
2.621	185.403	6.40016e+06
2.622	185.474	6.40016e+06
2.623	185.545	6.40016e+06
2.624	185.616	6.40016e+06
2.625	185.686	6.40016e+06
2.626	185.757	6.40016e+06
2.627	185.828	6.40016e+06
2.628	185.898	6.40016e+06
2.629	185.969	6.40016e+06
2.63	186.04	6.40016e+06
2.631	186.111	6.40016e+06
2.632	186.181	6.40016e+06
2.633	186.252	6.40016e+06
2.634	186.323	6.40016e+06
2.635	186.393	6.40016e+06
2.636	186.464	6.40016e+06
2.637	186.535	6.40016e+06
2.638	186.605	6.40016e+06
2.639	186.676	6.40016e+06
2.64	186.747	6.40016e+06
2.641	186.818	6.40016e+06
2.642	186.888	6.40016e+06
2.643	186.959	6.40016e+06
2.644	187.03	6.40016e+06
2.645	187.1	6.40016e+06
2.646	187.171	6.40016e+06
2.647	187.242	6.40016e+06
2.648	187.313	6.40016e+06
2.649	187.383	6.40016e+06
2.65	187.454	6.40016e+06
2.651	187.525	6.40016e+06
2.652	187.595	6.40016e+06
2.653	187.666	6.40016e+06
2.654	187.737	6.40016e+06
2.655	187.808	6.40016e+06
2.656	187.878	6.40016e+06
2.657	187.949	6.40016e+06
2.658	188.02	6.40016e+06
2.659	188.09	6.40016e+06
2.66	188.161	6.40016e+06
2.661	188.232	6.40016e+06
2.662	188.303	6.40016e+06
2.663	188.373	6.40016e+06
2.664	188.444	6.40016e+06
2.665	188.515	6.40016e+06
2.666	188.585	6.40016e+06
2.667	188.656	6.40016e+06
2.668	188.727	6.40016e+06
2.669	188.798	6.40016e+06
2.67	188.868	6.40016e+06
2.671	188.939	6.40016e+06
2.672	189.01	6.40016e+06
2.673	189.08	6.40016e+06
2.674	189.151	6.40016e+06
2.675	189.222	6.40016e+06
2.676	189.292	6.40016e+06
2.677	189.363	6.40016e+06
2.678	189.434	6.40016e+06
2.679	189.505	6.40016e+06
2.68	189.575	6.40016e+06
2.681	189.646	6.40016e+06
2.682	189.717	6.40016e+06
2.683	189.787	6.40016e+06
2.684	189.858	6.40016e+06
2.685	189.929	6.40016e+06
2.686	190	6.40016e+06
2.687	190.07	6.40016e+06
2.688	190.141	6.40016e+06
2.689	190.212	6.40016e+06
2.69	190.282	6.40016e+06
2.691	190.353	6.40016e+06
2.692	190.424	6.40016e+06
2.693	190.495	6.40016e+06
2.694	190.565	6.40016e+06
2.695	190.636	6.40016e+06
2.696	190.707	6.40016e+06
2.697	190.777	6.40016e+06
2.698	190.848	6.40016e+06
2.699	190.919	6.40016e+06
2.7	190.99	6.40016e+06
2.701	191.06	6.40016e+06
2.702	191.131	6.40016e+06
2.703	191.202	6.40016e+06
2.704	191.272	6.40016e+06
2.705	191.343	6.40016e+06
2.706	191.414	6.40016e+06
2.707	191.485	6.40016e+06
2.708	191.555	6.40016e+06
2.709	191.626	6.40016e+06
2.71	191.697	6.40016e+06
2.711	191.767	6.40016e+06
2.712	191.838	6.40016e+06
2.713	191.909	6.40016e+06
2.714	191.979	6.40016e+06
2.715	192.05	6.40016e+06
2.716	192.121	6.40016e+06
2.717	192.192	6.40016e+06
2.718	192.262	6.40016e+06
2.719	192.333	6.40016e+06
2.72	192.404	6.40016e+06
2.721	192.474	6.40016e+06
2.722	192.545	6.40016e+06
2.723	192.616	6.40016e+06
2.724	192.687	6.40016e+06
2.725	192.757	6.40016e+06
2.726	192.828	6.40016e+06
2.727	192.899	6.40016e+06
2.728	192.969	6.40016e+06
2.729	193.04	6.40016e+06
2.73	193.111	6.40016e+06
2.731	193.182	6.40016e+06
2.732	193.252	6.40016e+06
2.733	193.323	6.40016e+06
2.734	193.394	6.40016e+06
2.735	193.464	6.40016e+06
2.736	193.535	6.40016e+06
2.737	193.606	6.40016e+06
2.738	193.677	6.40016e+06
2.739	193.747	6.40016e+06
2.74	193.818	6.40016e+06
2.741	193.889	6.40016e+06
2.742	193.959	6.40016e+06
2.743	194.03	6.40016e+06
2.744	194.101	6.40016e+06
2.745	194.172	6.40016e+06
2.746	194.242	6.40016e+06
2.747	194.313	6.40016e+06
2.748	194.384	6.40017e+06
2.749	194.454	6.40017e+06
2.75	194.525	6.40017e+06
2.751	194.596	6.40017e+06
2.752	194.666	6.40017e+06
2.753	194.737	6.40017e+06
2.754	194.808	6.40017e+06
2.755	194.879	6.40017e+06
2.756	194.949	6.40017e+06
2.757	195.02	6.40017e+06
2.758	195.091	6.40017e+06
2.759	195.161	6.40017e+06
2.76	195.232	6.40017e+06
2.761	195.303	6.40017e+06
2.762	195.374	6.40017e+06
2.763	195.444	6.40017e+06
2.764	195.515	6.40017e+06
2.765	195.586	6.40017e+06
2.766	195.656	6.40017e+06
2.767	195.727	6.40017e+06
2.768	195.798	6.40017e+06
2.769	195.869	6.40017e+06
2.77	195.939	6.40017e+06
2.771	196.01	6.40017e+06
2.772	196.081	6.40017e+06
2.773	196.151	6.40017e+06
2.774	196.222	6.40017e+06
2.775	196.293	6.40017e+06
2.776	196.364	6.40017e+06
2.777	196.434	6.40017e+06
2.778	196.505	6.40017e+06
2.779	196.576	6.40017e+06
2.78	196.646	6.40017e+06
2.781	196.717	6.40017e+06
2.782	196.788	6.40017e+06
2.783	196.859	6.40017e+06
2.784	196.929	6.40017e+06
2.785	197	6.40017e+06
2.786	197.071	6.40017e+06
2.787	197.141	6.40017e+06
2.788	197.212	6.40017e+06
2.789	197.283	6.40017e+06
2.79	197.354	6.40017e+06
2.791	197.424	6.40017e+06
2.792	197.495	6.40017e+06
2.793	197.566	6.40017e+06
2.794	197.636	6.40017e+06
2.795	197.707	6.40017e+06
2.796	197.778	6.40017e+06
2.797	197.848	6.40017e+06
2.798	197.919	6.40017e+06
2.799	197.99	6.40017e+06
2.8	198.061	6.40017e+06
2.801	198.131	6.40017e+06
2.802	198.202	6.40017e+06
2.803	198.273	6.40017e+06
2.804	198.343	6.40017e+06
2.805	198.414	6.40017e+06
2.806	198.485	6.40017e+06
2.807	198.556	6.40017e+06
2.808	198.626	6.40017e+06
2.809	198.697	6.40017e+06
2.81	198.768	6.40017e+06
2.811	198.838	6.40017e+06
2.812	198.909	6.40017e+06
2.813	198.98	6.40017e+06
2.814	199.051	6.40017e+06
2.815	199.121	6.40017e+06
2.816	199.192	6.40017e+06
2.817	199.263	6.40017e+06
2.818	199.333	6.40017e+06
2.819	199.404	6.40017e+06
2.82	199.475	6.40017e+06
2.821	199.546	6.40017e+06
2.822	199.616	6.40017e+06
2.823	199.687	6.40017e+06
2.824	199.758	6.40017e+06
2.825	199.828	6.40017e+06
2.826	199.899	6.40017e+06
2.827	199.97	6.40017e+06
2.828	200.041	6.40017e+06
2.829	200.111	6.40017e+06
2.83	200.182	6.40017e+06
2.831	200.253	6.40017e+06
2.832	200.323	6.40017e+06
2.833	200.394	6.40017e+06
2.834	200.465	6.40017e+06
2.835	200.535	6.40017e+06
2.836	200.606	6.40017e+06
2.837	200.677	6.40017e+06
2.838	200.748	6.40017e+06
2.839	200.818	6.40017e+06
2.84	200.889	6.40017e+06
2.841	200.96	6.40017e+06
2.842	201.03	6.40017e+06
2.843	201.101	6.40017e+06
2.844	201.172	6.40017e+06
2.845	201.243	6.40017e+06
2.846	201.313	6.40017e+06
2.847	201.384	6.40017e+06
2.848	201.455	6.40017e+06
2.849	201.525	6.40017e+06
2.85	201.596	6.40017e+06
2.851	201.667	6.40017e+06
2.852	201.738	6.40017e+06
2.853	201.808	6.40017e+06
2.854	201.879	6.40017e+06
2.855	201.95	6.40017e+06
2.856	202.02	6.40017e+06
2.857	202.091	6.40017e+06
2.858	202.162	6.40017e+06
2.859	202.233	6.40017e+06
2.86	202.303	6.40017e+06
2.861	202.374	6.40017e+06
2.862	202.445	6.40017e+06
2.863	202.515	6.40017e+06
2.864	202.586	6.40017e+06
2.865	202.657	6.40017e+06
2.866	202.728	6.40017e+06
2.867	202.798	6.40017e+06
2.868	202.869	6.40017e+06
2.869	202.94	6.40017e+06
2.87	203.01	6.40017e+06
2.871	203.081	6.40017e+06
2.872	203.152	6.40017e+06
2.873	203.222	6.40017e+06
2.874	203.293	6.40017e+06
2.875	203.364	6.40017e+06
2.876	203.435	6.40017e+06
2.877	203.505	6.40017e+06
2.878	203.576	6.40017e+06
2.879	203.647	6.40017e+06
2.88	203.717	6.40017e+06
2.881	203.788	6.40017e+06
2.882	203.859	6.40017e+06
2.883	203.93	6.40017e+06
2.884	204	6.40017e+06
2.885	204.071	6.40017e+06
2.886	204.142	6.40017e+06
2.887	204.212	6.40017e+06
2.888	204.283	6.40017e+06
2.889	204.354	6.40017e+06
2.89	204.425	6.40017e+06
2.891	204.495	6.40017e+06
2.892	204.566	6.40017e+06
2.893	204.637	6.40017e+06
2.894	204.707	6.40017e+06
2.895	204.778	6.40017e+06
2.896	204.849	6.40017e+06
2.897	204.92	6.40017e+06
2.898	204.99	6.40017e+06
2.899	205.061	6.40017e+06
2.9	205.132	6.40017e+06
2.901	205.202	6.40017e+06
2.902	205.273	6.40017e+06
2.903	205.344	6.40017e+06
2.904	205.415	6.40017e+06
2.905	205.485	6.40017e+06
2.906	205.556	6.40017e+06
2.907	205.627	6.40017e+06
2.908	205.697	6.40017e+06
2.909	205.768	6.40017e+06
2.91	205.839	6.40017e+06
2.911	205.909	6.40017e+06
2.912	205.98	6.40017e+06
2.913	206.051	6.40017e+06
2.914	206.122	6.40017e+06
2.915	206.192	6.40017e+06
2.916	206.263	6.40017e+06
2.917	206.334	6.40017e+06
2.918	206.404	6.40017e+06
2.919	206.475	6.40017e+06
2.92	206.546	6.40017e+06
2.921	206.617	6.40017e+06
2.922	206.687	6.40017e+06
2.923	206.758	6.40017e+06
2.924	206.829	6.40017e+06
2.925	206.899	6.40017e+06
2.926	206.97	6.40017e+06
2.927	207.041	6.40017e+06
2.928	207.112	6.40017e+06
2.929	207.182	6.40017e+06
2.93	207.253	6.40017e+06
2.931	207.324	6.40017e+06
2.932	207.394	6.40017e+06
2.933	207.465	6.40017e+06
2.934	207.536	6.40017e+06
2.935	207.607	6.40017e+06
2.936	207.677	6.40017e+06
2.937	207.748	6.40017e+06
2.938	207.819	6.40017e+06
2.939	207.889	6.40017e+06
2.94	207.96	6.40017e+06
2.941	208.031	6.40017e+06
2.942	208.102	6.40017e+06
2.943	208.172	6.40017e+06
2.944	208.243	6.40017e+06
2.945	208.314	6.40017e+06
2.946	208.384	6.40017e+06
2.947	208.455	6.40017e+06
2.948	208.526	6.40017e+06
2.949	208.597	6.40017e+06
2.95	208.667	6.40017e+06
2.951	208.738	6.40017e+06
2.952	208.809	6.40017e+06
2.953	208.879	6.40017e+06
2.954	208.95	6.40018e+06
2.955	209.021	6.40018e+06
2.956	209.091	6.40018e+06
2.957	209.162	6.40018e+06
2.958	209.233	6.40018e+06
2.959	209.304	6.40018e+06
2.96	209.374	6.40018e+06
2.961	209.445	6.40018e+06
2.962	209.516	6.40018e+06
2.963	209.586	6.40018e+06
2.964	209.657	6.40018e+06
2.965	209.728	6.40018e+06
2.966	209.799	6.40018e+06
2.967	209.869	6.40018e+06
2.968	209.94	6.40018e+06
2.969	210.011	6.40018e+06
2.97	210.081	6.40018e+06
2.971	210.152	6.40018e+06
2.972	210.223	6.40018e+06
2.973	210.294	6.40018e+06
2.974	210.364	6.40018e+06
2.975	210.435	6.40018e+06
2.976	210.506	6.40018e+06
2.977	210.576	6.40018e+06
2.978	210.647	6.40018e+06
2.979	210.718	6.40018e+06
2.98	210.789	6.40018e+06
2.981	210.859	6.40018e+06
2.982	210.93	6.40018e+06
2.983	211.001	6.40018e+06
2.984	211.071	6.40018e+06
2.985	211.142	6.40018e+06
2.986	211.213	6.40018e+06
2.987	211.284	6.40018e+06
2.988	211.354	6.40018e+06
2.989	211.425	6.40018e+06
2.99	211.496	6.40018e+06
2.991	211.566	6.40018e+06
2.992	211.637	6.40018e+06
2.993	211.708	6.40018e+06
2.994	211.778	6.40018e+06
2.995	211.849	6.40018e+06
2.996	211.92	6.40018e+06
2.997	211.991	6.40018e+06
2.998	212.061	6.40018e+06
2.999	212.132	6.40018e+06
3	212.203	6.40018e+06
3.001	212.273	6.40018e+06
3.002	212.344	6.40018e+06
3.003	212.415	6.40018e+06
3.004	212.486	6.40018e+06
3.005	212.556	6.40018e+06
3.006	212.627	6.40018e+06
3.007	212.698	6.40018e+06
3.008	212.768	6.40018e+06
3.009	212.839	6.40018e+06
3.01	212.91	6.40018e+06
3.011	212.981	6.40018e+06
3.012	213.051	6.40018e+06
3.013	213.122	6.40018e+06
3.014	213.193	6.40018e+06
3.015	213.263	6.40018e+06
3.016	213.334	6.40018e+06
3.017	213.405	6.40018e+06
3.018	213.476	6.40018e+06
3.019	213.546	6.40018e+06
3.02	213.617	6.40018e+06
3.021	213.688	6.40018e+06
3.022	213.758	6.40018e+06
3.023	213.829	6.40018e+06
3.024	213.9	6.40018e+06
3.025	213.971	6.40018e+06
3.026	214.041	6.40018e+06
3.027	214.112	6.40018e+06
3.028	214.183	6.40018e+06
3.029	214.253	6.40018e+06
3.03	214.324	6.40018e+06
3.031	214.395	6.40018e+06
3.032	214.465	6.40018e+06
3.033	214.536	6.40018e+06
3.034	214.607	6.40018e+06
3.035	214.678	6.40018e+06
3.036	214.748	6.40018e+06
3.037	214.819	6.40018e+06
3.038	214.89	6.40018e+06
3.039	214.96	6.40018e+06
3.04	215.031	6.40018e+06
3.041	215.102	6.40018e+06
3.042	215.173	6.40018e+06
3.043	215.243	6.40018e+06
3.044	215.314	6.40018e+06
3.045	215.385	6.40018e+06
3.046	215.455	6.40018e+06
3.047	215.526	6.40018e+06
3.048	215.597	6.40018e+06
3.049	215.668	6.40018e+06
3.05	215.738	6.40018e+06
3.051	215.809	6.40018e+06
3.052	215.88	6.40018e+06
3.053	215.95	6.40018e+06
3.054	216.021	6.40018e+06
3.055	216.092	6.40018e+06
3.056	216.163	6.40018e+06
3.057	216.233	6.40018e+06
3.058	216.304	6.40018e+06
3.059	216.375	6.40018e+06
3.06	216.445	6.40018e+06
3.061	216.516	6.40018e+06
3.062	216.587	6.40018e+06
3.063	216.658	6.40018e+06
3.064	216.728	6.40018e+06
3.065	216.799	6.40018e+06
3.066	216.87	6.40018e+06
3.067	216.94	6.40018e+06
3.068	217.011	6.40018e+06
3.069	217.082	6.40018e+06
3.07	217.152	6.40018e+06
3.071	217.223	6.40018e+06
3.072	217.294	6.40018e+06
3.073	217.365	6.40018e+06
3.074	217.435	6.40018e+06
3.075	217.506	6.40018e+06
3.076	217.577	6.40018e+06
3.077	217.647	6.40018e+06
3.078	217.718	6.40018e+06
3.079	217.789	6.40018e+06
3.08	217.86	6.40018e+06
3.081	217.93	6.40018e+06
3.082	218.001	6.40018e+06
3.083	218.072	6.40018e+06
3.084	218.142	6.40018e+06
3.085	218.213	6.40018e+06
3.086	218.284	6.40018e+06
3.087	218.355	6.40018e+06
3.088	218.425	6.40018e+06
3.089	218.496	6.40018e+06
3.09	218.567	6.40018e+06
3.091	218.637	6.40018e+06
3.092	218.708	6.40018e+06
3.093	218.779	6.40018e+06
3.094	218.85	6.40018e+06
3.095	218.92	6.40018e+06
3.096	218.991	6.40018e+06
3.097	219.062	6.40018e+06
3.098	219.132	6.40018e+06
3.099	219.203	6.40018e+06
3.1	219.274	6.40018e+06
3.101	219.345	6.40018e+06
3.102	219.415	6.40018e+06
3.103	219.486	6.40018e+06
3.104	219.557	6.40018e+06
3.105	219.627	6.40018e+06
3.106	219.698	6.40018e+06
3.107	219.769	6.40018e+06
3.108	219.839	6.40018e+06
3.109	219.91	6.40018e+06
3.11	219.981	6.40018e+06
3.111	220.052	6.40018e+06
3.112	220.122	6.40018e+06
3.113	220.193	6.40018e+06
3.114	220.264	6.40018e+06
3.115	220.334	6.40018e+06
3.116	220.405	6.40018e+06
3.117	220.476	6.40018e+06
3.118	220.547	6.40018e+06
3.119	220.617	6.40018e+06
3.12	220.688	6.40018e+06
3.121	220.759	6.40018e+06
3.122	220.829	6.40018e+06
3.123	220.9	6.40018e+06
3.124	220.971	6.40018e+06
3.125	221.042	6.40018e+06
3.126	221.112	6.40018e+06
3.127	221.183	6.40018e+06
3.128	221.254	6.40018e+06
3.129	221.324	6.40018e+06
3.13	221.395	6.40018e+06
3.131	221.466	6.40018e+06
3.132	221.537	6.40018e+06
3.133	221.607	6.40018e+06
3.134	221.678	6.40018e+06
3.135	221.749	6.40018e+06
3.136	221.819	6.40018e+06
3.137	221.89	6.40018e+06
3.138	221.961	6.40018e+06
3.139	222.032	6.40018e+06
3.14	222.102	6.40018e+06
3.141	222.173	6.40018e+06
3.142	222.244	6.40018e+06
3.143	222.314	6.40018e+06
3.144	222.385	6.40018e+06
3.145	222.456	6.40018e+06
3.146	222.527	6.40018e+06
3.147	222.597	6.40018e+06
3.148	222.668	6.40018e+06
3.149	222.739	6.40018e+06
3.15	222.809	6.40018e+06
3.151	222.88	6.40018e+06
3.152	222.951	6.40018e+06
3.153	223.021	6.40018e+06
3.154	223.092	6.40018e+06
3.155	223.163	6.40018e+06
3.156	223.234	6.40018e+06
3.157	223.304	6.40018e+06
3.158	223.375	6.40018e+06
3.159	223.446	6.40018e+06
3.16	223.516	6.40018e+06
3.161	223.587	6.40018e+06
3.162	223.658	6.40018e+06
3.163	223.729	6.40018e+06
3.164	223.799	6.40018e+06
3.165	223.87	6.40018e+06
3.166	223.941	6.40018e+06
3.167	224.011	6.40019e+06
3.168	224.082	6.40019e+06
3.169	224.153	6.40019e+06
3.17	224.224	6.40019e+06
3.171	224.294	6.40019e+06
3.172	224.365	6.40019e+06
3.173	224.436	6.40019e+06
3.174	224.506	6.40019e+06
3.175	224.577	6.40019e+06
3.176	224.648	6.40019e+06
3.177	224.719	6.40019e+06
3.178	224.789	6.40019e+06
3.179	224.86	6.40019e+06
3.18	224.931	6.40019e+06
3.181	225.001	6.40019e+06
3.182	225.072	6.40019e+06
3.183	225.143	6.40019e+06
3.184	225.214	6.40019e+06
3.185	225.284	6.40019e+06
3.186	225.355	6.40019e+06
3.187	225.426	6.40019e+06
3.188	225.496	6.40019e+06
3.189	225.567	6.40019e+06
3.19	225.638	6.40019e+06
3.191	225.708	6.40019e+06
3.192	225.779	6.40019e+06
3.193	225.85	6.40019e+06
3.194	225.921	6.40019e+06
3.195	225.991	6.40019e+06
3.196	226.062	6.40019e+06
3.197	226.133	6.40019e+06
3.198	226.203	6.40019e+06
3.199	226.274	6.40019e+06
3.2	226.345	6.40019e+06
3.201	226.416	6.40019e+06
3.202	226.486	6.40019e+06
3.203	226.557	6.40019e+06
3.204	226.628	6.40019e+06
3.205	226.698	6.40019e+06
3.206	226.769	6.40019e+06
3.207	226.84	6.40019e+06
3.208	226.911	6.40019e+06
3.209	226.981	6.40019e+06
3.21	227.052	6.40019e+06
3.211	227.123	6.40019e+06
3.212	227.193	6.40019e+06
3.213	227.264	6.40019e+06
3.214	227.335	6.40019e+06
3.215	227.406	6.40019e+06
3.216	227.476	6.40019e+06
3.217	227.547	6.40019e+06
3.218	227.618	6.40019e+06
3.219	227.688	6.40019e+06
3.22	227.759	6.40019e+06
3.221	227.83	6.40019e+06
3.222	227.901	6.40019e+06
3.223	227.971	6.40019e+06
3.224	228.042	6.40019e+06
3.225	228.113	6.40019e+06
3.226	228.183	6.40019e+06
3.227	228.254	6.40019e+06
3.228	228.325	6.40019e+06
3.229	228.395	6.40019e+06
3.23	228.466	6.40019e+06
3.231	228.537	6.40019e+06
3.232	228.608	6.40019e+06
3.233	228.678	6.40019e+06
3.234	228.749	6.40019e+06
3.235	228.82	6.40019e+06
3.236	228.89	6.40019e+06
3.237	228.961	6.40019e+06
3.238	229.032	6.40019e+06
3.239	229.103	6.40019e+06
3.24	229.173	6.40019e+06
3.241	229.244	6.40019e+06
3.242	229.315	6.40019e+06
3.243	229.385	6.40019e+06
3.244	229.456	6.40019e+06
3.245	229.527	6.40019e+06
3.246	229.598	6.40019e+06
3.247	229.668	6.40019e+06
3.248	229.739	6.40019e+06
3.249	229.81	6.40019e+06
3.25	229.88	6.40019e+06
3.251	229.951	6.40019e+06
3.252	230.022	6.40019e+06
3.253	230.093	6.40019e+06
3.254	230.163	6.40019e+06
3.255	230.234	6.40019e+06
3.256	230.305	6.40019e+06
3.257	230.375	6.40019e+06
3.258	230.446	6.40019e+06
3.259	230.517	6.40019e+06
3.26	230.588	6.40019e+06
3.261	230.658	6.40019e+06
3.262	230.729	6.40019e+06
3.263	230.8	6.40019e+06
3.264	230.87	6.40019e+06
3.265	230.941	6.40019e+06
3.266	231.012	6.40019e+06
3.267	231.082	6.40019e+06
3.268	231.153	6.40019e+06
3.269	231.224	6.40019e+06
3.27	231.295	6.40019e+06
3.271	231.365	6.40019e+06
3.272	231.436	6.40019e+06
3.273	231.507	6.40019e+06
3.274	231.577	6.40019e+06
3.275	231.648	6.40019e+06
3.276	231.719	6.40019e+06
3.277	231.79	6.40019e+06
3.278	231.86	6.40019e+06
3.279	231.931	6.40019e+06
3.28	232.002	6.40019e+06
3.281	232.072	6.40019e+06
3.282	232.143	6.40019e+06
3.283	232.214	6.40019e+06
3.284	232.285	6.40019e+06
3.285	232.355	6.40019e+06
3.286	232.426	6.40019e+06
3.287	232.497	6.40019e+06
3.288	232.567	6.40019e+06
3.289	232.638	6.40019e+06
3.29	232.709	6.40019e+06
3.291	232.78	6.40019e+06
3.292	232.85	6.40019e+06
3.293	232.921	6.40019e+06
3.294	232.992	6.40019e+06
3.295	233.062	6.40019e+06
3.296	233.133	6.40019e+06
3.297	233.204	6.40019e+06
3.298	233.275	6.40019e+06
3.299	233.345	6.40019e+06
3.3	233.416	6.40019e+06
3.301	233.487	6.40019e+06
3.302	233.557	6.40019e+06
3.303	233.628	6.40019e+06
3.304	233.699	6.40019e+06
3.305	233.77	6.40019e+06
3.306	233.84	6.40019e+06
3.307	233.911	6.40019e+06
3.308	233.982	6.40019e+06
3.309	234.052	6.40019e+06
3.31	234.123	6.40019e+06
3.311	234.194	6.40019e+06
3.312	234.264	6.40019e+06
3.313	234.335	6.40019e+06
3.314	234.406	6.40019e+06
3.315	234.477	6.40019e+06
3.316	234.547	6.40019e+06
3.317	234.618	6.40019e+06
3.318	234.689	6.40019e+06
3.319	234.759	6.40019e+06
3.32	234.83	6.40019e+06
3.321	234.901	6.40019e+06
3.322	234.972	6.40019e+06
3.323	235.042	6.40019e+06
3.324	235.113	6.40019e+06
3.325	235.184	6.40019e+06
3.326	235.254	6.40019e+06
3.327	235.325	6.40019e+06
3.328	235.396	6.40019e+06
3.329	235.467	6.40019e+06
3.33	235.537	6.40019e+06
3.331	235.608	6.40019e+06
3.332	235.679	6.40019e+06
3.333	235.749	6.40019e+06
3.334	235.82	6.40019e+06
3.335	235.891	6.40019e+06
3.336	235.962	6.40019e+06
3.337	236.032	6.40019e+06
3.338	236.103	6.40019e+06
3.339	236.174	6.40019e+06
3.34	236.244	6.40019e+06
3.341	236.315	6.40019e+06
3.342	236.386	6.40019e+06
3.343	236.457	6.40019e+06
3.344	236.527	6.40019e+06
3.345	236.598	6.40019e+06
3.346	236.669	6.40019e+06
3.347	236.739	6.40019e+06
3.348	236.81	6.40019e+06
3.349	236.881	6.40019e+06
3.35	236.951	6.40019e+06
3.351	237.022	6.40019e+06
3.352	237.093	6.40019e+06
3.353	237.164	6.40019e+06
3.354	237.234	6.40019e+06
3.355	237.305	6.40019e+06
3.356	237.376	6.40019e+06
3.357	237.446	6.40019e+06
3.358	237.517	6.40019e+06
3.359	237.588	6.40019e+06
3.36	237.659	6.40019e+06
3.361	237.729	6.40019e+06
3.362	237.8	6.40019e+06
3.363	237.871	6.40019e+06
3.364	237.941	6.40019e+06
3.365	238.012	6.40019e+06
3.366	238.083	6.40019e+06
3.367	238.154	6.40019e+06
3.368	238.224	6.40019e+06
3.369	238.295	6.40019e+06
3.37	238.366	6.40019e+06
3.371	238.436	6.40019e+06
3.372	238.507	6.40019e+06
3.373	238.578	6.40019e+06
3.374	238.649	6.40019e+06
3.375	238.719	6.40019e+06
3.376	238.79	6.40019e+06
3.377	238.861	6.40019e+06
3.378	238.931	6.40019e+06
3.379	239.002	6.40019e+06
3.38	239.073	6.40019e+06
3.381	239.144	6.40019e+06
3.382	239.214	6.40019e+06
3.383	239.285	6.40019e+06
3.384	239.356	6.40019e+06
3.385	239.426	6.40019e+06
3.386	239.497	6.40019e+06
3.387	239.568	6.4002e+06
3.388	239.638	6.4002e+06
3.389	239.709	6.4002e+06
3.39	239.78	6.4002e+06
3.391	239.851	6.4002e+06
3.392	239.921	6.4002e+06
3.393	239.992	6.4002e+06
3.394	240.063	6.4002e+06
3.395	240.133	6.4002e+06
3.396	240.204	6.4002e+06
3.397	240.275	6.4002e+06
3.398	240.346	6.4002e+06
3.399	240.416	6.4002e+06
3.4	240.487	6.4002e+06
3.401	240.558	6.4002e+06
3.402	240.628	6.4002e+06
3.403	240.699	6.4002e+06
3.404	240.77	6.4002e+06
3.405	240.841	6.4002e+06
3.406	240.911	6.4002e+06
3.407	240.982	6.4002e+06
3.408	241.053	6.4002e+06
3.409	241.123	6.4002e+06
3.41	241.194	6.4002e+06
3.411	241.265	6.4002e+06
3.412	241.336	6.4002e+06
3.413	241.406	6.4002e+06
3.414	241.477	6.4002e+06
3.415	241.548	6.4002e+06
3.416	241.618	6.4002e+06
3.417	241.689	6.4002e+06
3.418	241.76	6.4002e+06
3.419	241.831	6.4002e+06
3.42	241.901	6.4002e+06
3.421	241.972	6.4002e+06
3.422	242.043	6.4002e+06
3.423	242.113	6.4002e+06
3.424	242.184	6.4002e+06
3.425	242.255	6.4002e+06
3.426	242.325	6.4002e+06
3.427	242.396	6.4002e+06
3.428	242.467	6.4002e+06
3.429	242.538	6.4002e+06
3.43	242.608	6.4002e+06
3.431	242.679	6.4002e+06
3.432	242.75	6.4002e+06
3.433	242.82	6.4002e+06
3.434	242.891	6.4002e+06
3.435	242.962	6.4002e+06
3.436	243.033	6.4002e+06
3.437	243.103	6.4002e+06
3.438	243.174	6.4002e+06
3.439	243.245	6.4002e+06
3.44	243.315	6.4002e+06
3.441	243.386	6.4002e+06
3.442	243.457	6.4002e+06
3.443	243.528	6.4002e+06
3.444	243.598	6.4002e+06
3.445	243.669	6.4002e+06
3.446	243.74	6.4002e+06
3.447	243.81	6.4002e+06
3.448	243.881	6.4002e+06
3.449	243.952	6.4002e+06
3.45	244.023	6.4002e+06
3.451	244.093	6.4002e+06
3.452	244.164	6.4002e+06
3.453	244.235	6.4002e+06
3.454	244.305	6.4002e+06
3.455	244.376	6.4002e+06
3.456	244.447	6.4002e+06
3.457	244.518	6.4002e+06
3.458	244.588	6.4002e+06
3.459	244.659	6.4002e+06
3.46	244.73	6.4002e+06
3.461	244.8	6.4002e+06
3.462	244.871	6.4002e+06
3.463	244.942	6.4002e+06
3.464	245.012	6.4002e+06
3.465	245.083	6.4002e+06
3.466	245.154	6.4002e+06
3.467	245.225	6.4002e+06
3.468	245.295	6.4002e+06
3.469	245.366	6.4002e+06
3.47	245.437	6.4002e+06
3.471	245.507	6.4002e+06
3.472	245.578	6.4002e+06
3.473	245.649	6.4002e+06
3.474	245.72	6.4002e+06
3.475	245.79	6.4002e+06
3.476	245.861	6.4002e+06
3.477	245.932	6.4002e+06
3.478	246.002	6.4002e+06
3.479	246.073	6.4002e+06
3.48	246.144	6.4002e+06
3.481	246.215	6.4002e+06
3.482	246.285	6.4002e+06
3.483	246.356	6.4002e+06
3.484	246.427	6.4002e+06
3.485	246.497	6.4002e+06
3.486	246.568	6.4002e+06
3.487	246.639	6.4002e+06
3.488	246.71	6.4002e+06
3.489	246.78	6.4002e+06
3.49	246.851	6.4002e+06
3.491	246.922	6.4002e+06
3.492	246.992	6.4002e+06
3.493	247.063	6.4002e+06
3.494	247.134	6.4002e+06
3.495	247.205	6.4002e+06
3.496	247.275	6.4002e+06
3.497	247.346	6.4002e+06
3.498	247.417	6.4002e+06
3.499	247.487	6.4002e+06
3.5	247.558	6.4002e+06
3.501	247.629	6.4002e+06
3.502	247.7	6.4002e+06
3.503	247.77	6.4002e+06
3.504	247.841	6.4002e+06
3.505	247.912	6.4002e+06
3.506	247.982	6.4002e+06
3.507	248.053	6.4002e+06
3.508	248.124	6.4002e+06
3.509	248.194	6.4002e+06
3.51	248.265	6.4002e+06
3.511	248.336	6.4002e+06
3.512	248.407	6.4002e+06
3.513	248.477	6.4002e+06
3.514	248.548	6.4002e+06
3.515	248.619	6.4002e+06
3.516	248.689	6.4002e+06
3.517	248.76	6.4002e+06
3.518	248.831	6.4002e+06
3.519	248.902	6.4002e+06
3.52	248.972	6.4002e+06
3.521	249.043	6.4002e+06
3.522	249.114	6.4002e+06
3.523	249.184	6.4002e+06
3.524	249.255	6.4002e+06
3.525	249.326	6.4002e+06
3.526	249.397	6.4002e+06
3.527	249.467	6.4002e+06
3.528	249.538	6.4002e+06
3.529	249.609	6.4002e+06
3.53	249.679	6.4002e+06
3.531	249.75	6.4002e+06
3.532	249.821	6.4002e+06
3.533	249.892	6.4002e+06
3.534	249.962	6.4002e+06
3.535	250.033	6.4002e+06
3.536	250.104	6.4002e+06
3.537	250.174	6.4002e+06
3.538	250.245	6.4002e+06
3.539	250.316	6.4002e+06
3.54	250.387	6.4002e+06
3.541	250.457	6.4002e+06
3.542	250.528	6.4002e+06
3.543	250.599	6.4002e+06
3.544	250.669	6.4002e+06
3.545	250.74	6.4002e+06
3.546	250.811	6.4002e+06
3.547	250.881	6.4002e+06
3.548	250.952	6.4002e+06
3.549	251.023	6.4002e+06
3.55	251.094	6.4002e+06
3.551	251.164	6.4002e+06
3.552	251.235	6.4002e+06
3.553	251.306	6.4002e+06
3.554	251.376	6.4002e+06
3.555	251.447	6.4002e+06
3.556	251.518	6.4002e+06
3.557	251.589	6.4002e+06
3.558	251.659	6.4002e+06
3.559	251.73	6.4002e+06
3.56	251.801	6.4002e+06
3.561	251.871	6.4002e+06
3.562	251.942	6.4002e+06
3.563	252.013	6.4002e+06
3.564	252.084	6.4002e+06
3.565	252.154	6.4002e+06
3.566	252.225	6.4002e+06
3.567	252.296	6.4002e+06
3.568	252.366	6.4002e+06
3.569	252.437	6.4002e+06
3.57	252.508	6.4002e+06
3.571	252.579	6.4002e+06
3.572	252.649	6.4002e+06
3.573	252.72	6.4002e+06
3.574	252.791	6.4002e+06
3.575	252.861	6.4002e+06
3.576	252.932	6.4002e+06
3.577	253.003	6.4002e+06
3.578	253.074	6.4002e+06
3.579	253.144	6.4002e+06
3.58	253.215	6.4002e+06
3.581	253.286	6.4002e+06
3.582	253.356	6.4002e+06
3.583	253.427	6.4002e+06
3.584	253.498	6.4002e+06
3.585	253.568	6.4002e+06
3.586	253.639	6.4002e+06
3.587	253.71	6.4002e+06
3.588	253.781	6.4002e+06
3.589	253.851	6.4002e+06
3.59	253.922	6.4002e+06
3.591	253.993	6.4002e+06
3.592	254.063	6.4002e+06
3.593	254.134	6.4002e+06
3.594	254.205	6.4002e+06
3.595	254.276	6.4002e+06
3.596	254.346	6.4002e+06
3.597	254.417	6.4002e+06
3.598	254.488	6.4002e+06
3.599	254.558	6.4002e+06
3.6	254.629	6.4002e+06
3.601	254.7	6.4002e+06
3.602	254.771	6.4002e+06
3.603	254.841	6.4002e+06
3.604	254.912	6.4002e+06
3.605	254.983	6.4002e+06
3.606	255.053	6.4002e+06
3.607	255.124	6.4002e+06
3.608	255.195	6.4002e+06
3.609	255.266	6.4002e+06
3.61	255.336	6.4002e+06
3.611	255.407	6.4002e+06
3.612	255.478	6.4002e+06
3.613	255.548	6.4002e+06
3.614	255.619	6.4002e+06
3.615	255.69	6.4002e+06
3.616	255.761	6.40021e+06
3.617	255.831	6.40021e+06
3.618	255.902	6.40021e+06
3.619	255.973	6.40021e+06
3.62	256.043	6.40021e+06
3.621	256.114	6.40021e+06
3.622	256.185	6.40021e+06
3.623	256.255	6.40021e+06
3.624	256.326	6.40021e+06
3.625	256.397	6.40021e+06
3.626	256.468	6.40021e+06
3.627	256.538	6.40021e+06
3.628	256.609	6.40021e+06
3.629	256.68	6.40021e+06
3.63	256.75	6.40021e+06
3.631	256.821	6.40021e+06
3.632	256.892	6.40021e+06
3.633	256.963	6.40021e+06
3.634	257.033	6.40021e+06
3.635	257.104	6.40021e+06
3.636	257.175	6.40021e+06
3.637	257.245	6.40021e+06
3.638	257.316	6.40021e+06
3.639	257.387	6.40021e+06
3.64	257.458	6.40021e+06
3.641	257.528	6.40021e+06
3.642	257.599	6.40021e+06
3.643	257.67	6.40021e+06
3.644	257.74	6.40021e+06
3.645	257.811	6.40021e+06
3.646	257.882	6.40021e+06
3.647	257.953	6.40021e+06
3.648	258.023	6.40021e+06
3.649	258.094	6.40021e+06
3.65	258.165	6.40021e+06
3.651	258.235	6.40021e+06
3.652	258.306	6.40021e+06
3.653	258.377	6.40021e+06
3.654	258.448	6.40021e+06
3.655	258.518	6.40021e+06
3.656	258.589	6.40021e+06
3.657	258.66	6.40021e+06
3.658	258.73	6.40021e+06
3.659	258.801	6.40021e+06
3.66	258.872	6.40021e+06
3.661	258.943	6.40021e+06
3.662	259.013	6.40021e+06
3.663	259.084	6.40021e+06
3.664	259.155	6.40021e+06
3.665	259.225	6.40021e+06
3.666	259.296	6.40021e+06
3.667	259.367	6.40021e+06
3.668	259.437	6.40021e+06
3.669	259.508	6.40021e+06
3.67	259.579	6.40021e+06
3.671	259.65	6.40021e+06
3.672	259.72	6.40021e+06
3.673	259.791	6.40021e+06
3.674	259.862	6.40021e+06
3.675	259.932	6.40021e+06
3.676	260.003	6.40021e+06
3.677	260.074	6.40021e+06
3.678	260.145	6.40021e+06
3.679	260.215	6.40021e+06
3.68	260.286	6.40021e+06
3.681	260.357	6.40021e+06
3.682	260.427	6.40021e+06
3.683	260.498	6.40021e+06
3.684	260.569	6.40021e+06
3.685	260.64	6.40021e+06
3.686	260.71	6.40021e+06
3.687	260.781	6.40021e+06
3.688	260.852	6.40021e+06
3.689	260.922	6.40021e+06
3.69	260.993	6.40021e+06
3.691	261.064	6.40021e+06
3.692	261.135	6.40021e+06
3.693	261.205	6.40021e+06
3.694	261.276	6.40021e+06
3.695	261.347	6.40021e+06
3.696	261.417	6.40021e+06
3.697	261.488	6.40021e+06
3.698	261.559	6.40021e+06
3.699	261.63	6.40021e+06
3.7	261.7	6.40021e+06
3.701	261.771	6.40021e+06
3.702	261.842	6.40021e+06
3.703	261.912	6.40021e+06
3.704	261.983	6.40021e+06
3.705	262.054	6.40021e+06
3.706	262.124	6.40021e+06
3.707	262.195	6.40021e+06
3.708	262.266	6.40021e+06
3.709	262.337	6.40021e+06
3.71	262.407	6.40021e+06
3.711	262.478	6.40021e+06
3.712	262.549	6.40021e+06
3.713	262.619	6.40021e+06
3.714	262.69	6.40021e+06
3.715	262.761	6.40021e+06
3.716	262.832	6.40021e+06
3.717	262.902	6.40021e+06
3.718	262.973	6.40021e+06
3.719	263.044	6.40021e+06
3.72	263.114	6.40021e+06
3.721	263.185	6.40021e+06
3.722	263.256	6.40021e+06
3.723	263.327	6.40021e+06
3.724	263.397	6.40021e+06
3.725	263.468	6.40021e+06
3.726	263.539	6.40021e+06
3.727	263.609	6.40021e+06
3.728	263.68	6.40021e+06
3.729	263.751	6.40021e+06
3.73	263.822	6.40021e+06
3.731	263.892	6.40021e+06
3.732	263.963	6.40021e+06
3.733	264.034	6.40021e+06
3.734	264.104	6.40021e+06
3.735	264.175	6.40021e+06
3.736	264.246	6.40021e+06
3.737	264.317	6.40021e+06
3.738	264.387	6.40021e+06
3.739	264.458	6.40021e+06
3.74	264.529	6.40021e+06
3.741	264.599	6.40021e+06
3.742	264.67	6.40021e+06
3.743	264.741	6.40021e+06
3.744	264.811	6.40021e+06
3.745	264.882	6.40021e+06
3.746	264.953	6.40021e+06
3.747	265.024	6.40021e+06
3.748	265.094	6.40021e+06
3.749	265.165	6.40021e+06
3.75	265.236	6.40021e+06
3.751	265.306	6.40021e+06
3.752	265.377	6.40021e+06
3.753	265.448	6.40021e+06
3.754	265.519	6.40021e+06
3.755	265.589	6.40021e+06
3.756	265.66	6.40021e+06
3.757	265.731	6.40021e+06
3.758	265.801	6.40021e+06
3.759	265.872	6.40021e+06
3.76	265.943	6.40021e+06
3.761	266.014	6.40021e+06
3.762	266.084	6.40021e+06
3.763	266.155	6.40021e+06
3.764	266.226	6.40021e+06
3.765	266.296	6.40021e+06
3.766	266.367	6.40021e+06
3.767	266.438	6.40021e+06
3.768	266.509	6.40021e+06
3.769	266.579	6.40021e+06
3.77	266.65	6.40021e+06
3.771	266.721	6.40021e+06
3.772	266.791	6.40021e+06
3.773	266.862	6.40021e+06
3.774	266.933	6.40021e+06
3.775	267.004	6.40021e+06
3.776	267.074	6.40021e+06
3.777	267.145	6.40021e+06
3.778	267.216	6.40021e+06
3.779	267.286	6.40021e+06
3.78	267.357	6.40021e+06
3.781	267.428	6.40021e+06
3.782	267.498	6.40021e+06
3.783	267.569	6.40021e+06
3.784	267.64	6.40021e+06
3.785	267.711	6.40021e+06
3.786	267.781	6.40021e+06
3.787	267.852	6.40021e+06
3.788	267.923	6.40021e+06
3.789	267.993	6.40021e+06
3.79	268.064	6.40021e+06
3.791	268.135	6.40021e+06
3.792	268.206	6.40021e+06
3.793	268.276	6.40021e+06
3.794	268.347	6.40021e+06
3.795	268.418	6.40021e+06
3.796	268.488	6.40021e+06
3.797	268.559	6.40021e+06
3.798	268.63	6.40021e+06
3.799	268.701	6.40021e+06
3.8	268.771	6.40021e+06
3.801	268.842	6.40021e+06
3.802	268.913	6.40021e+06
3.803	268.983	6.40021e+06
3.804	269.054	6.40021e+06
3.805	269.125	6.40021e+06
3.806	269.196	6.40021e+06
3.807	269.266	6.40021e+06
3.808	269.337	6.40021e+06
3.809	269.408	6.40021e+06
3.81	269.478	6.40021e+06
3.811	269.549	6.40021e+06
3.812	269.62	6.40021e+06
3.813	269.691	6.40021e+06
3.814	269.761	6.40021e+06
3.815	269.832	6.40021e+06
3.816	269.903	6.40021e+06
3.817	269.973	6.40021e+06
3.818	270.044	6.40021e+06
3.819	270.115	6.40021e+06
3.82	270.186	6.40021e+06
3.821	270.256	6.40021e+06
3.822	270.327	6.40021e+06
3.823	270.398	6.40021e+06
3.824	270.468	6.40021e+06
3.825	270.539	6.40021e+06
3.826	270.61	6.40021e+06
3.827	270.68	6.40021e+06
3.828	270.751	6.40021e+06
3.829	270.822	6.40021e+06
3.83	270.893	6.40021e+06
3.831	270.963	6.40021e+06
3.832	271.034	6.40021e+06
3.833	271.105	6.40021e+06
3.834	271.175	6.40021e+06
3.835	271.246	6.40021e+06
3.836	271.317	6.40021e+06
3.837	271.388	6.40021e+06
3.838	271.458	6.40021e+06
3.839	271.529	6.40021e+06
3.84	271.6	6.40021e+06
3.841	271.67	6.40021e+06
3.842	271.741	6.40021e+06
3.843	271.812	6.40021e+06
3.844	271.883	6.40021e+06
3.845	271.953	6.40021e+06
3.846	272.024	6.40021e+06
3.847	272.095	6.40021e+06
3.848	272.165	6.40021e+06
3.849	272.236	6.40021e+06
3.85	272.307	6.40021e+06
3.851	272.378	6.40021e+06
3.852	272.448	6.40021e+06
3.853	272.519	6.40021e+06
3.854	272.59	6.40021e+06
3.855	272.66	6.40022e+06
3.856	272.731	6.40022e+06
3.857	272.802	6.40022e+06
3.858	272.873	6.40022e+06
3.859	272.943	6.40022e+06
3.86	273.014	6.40022e+06
3.861	273.085	6.40022e+06
3.862	273.155	6.40022e+06
3.863	273.226	6.40022e+06
3.864	273.297	6.40022e+06
3.865	273.367	6.40022e+06
3.866	273.438	6.40022e+06
3.867	273.509	6.40022e+06
3.868	273.58	6.40022e+06
3.869	273.65	6.40022e+06
3.87	273.721	6.40022e+06
3.871	273.792	6.40022e+06
3.872	273.862	6.40022e+06
3.873	273.933	6.40022e+06
3.874	274.004	6.40022e+06
3.875	274.075	6.40022e+06
3.876	274.145	6.40022e+06
3.877	274.216	6.40022e+06
3.878	274.287	6.40022e+06
3.879	274.357	6.40022e+06
3.88	274.428	6.40022e+06
3.881	274.499	6.40022e+06
3.882	274.57	6.40022e+06
3.883	274.64	6.40022e+06
3.884	274.711	6.40022e+06
3.885	274.782	6.40022e+06
3.886	274.852	6.40022e+06
3.887	274.923	6.40022e+06
3.888	274.994	6.40022e+06
3.889	275.065	6.40022e+06
3.89	275.135	6.40022e+06
3.891	275.206	6.40022e+06
3.892	275.277	6.40022e+06
3.893	275.347	6.40022e+06
3.894	275.418	6.40022e+06
3.895	275.489	6.40022e+06
3.896	275.56	6.40022e+06
3.897	275.63	6.40022e+06
3.898	275.701	6.40022e+06
3.899	275.772	6.40022e+06
3.9	275.842	6.40022e+06
3.901	275.913	6.40022e+06
3.902	275.984	6.40022e+06
3.903	276.054	6.40022e+06
3.904	276.125	6.40022e+06
3.905	276.196	6.40022e+06
3.906	276.267	6.40022e+06
3.907	276.337	6.40022e+06
3.908	276.408	6.40022e+06
3.909	276.479	6.40022e+06
3.91	276.549	6.40022e+06
3.911	276.62	6.40022e+06
3.912	276.691	6.40022e+06
3.913	276.762	6.40022e+06
3.914	276.832	6.40022e+06
3.915	276.903	6.40022e+06
3.916	276.974	6.40022e+06
3.917	277.044	6.40022e+06
3.918	277.115	6.40022e+06
3.919	277.186	6.40022e+06
3.92	277.257	6.40022e+06
3.921	277.327	6.40022e+06
3.922	277.398	6.40022e+06
3.923	277.469	6.40022e+06
3.924	277.539	6.40022e+06
3.925	277.61	6.40022e+06
3.926	277.681	6.40022e+06
3.927	277.752	6.40022e+06
3.928	277.822	6.40022e+06
3.929	277.893	6.40022e+06
3.93	277.964	6.40022e+06
3.931	278.034	6.40022e+06
3.932	278.105	6.40022e+06
3.933	278.176	6.40022e+06
3.934	278.247	6.40022e+06
3.935	278.317	6.40022e+06
3.936	278.388	6.40022e+06
3.937	278.459	6.40022e+06
3.938	278.529	6.40022e+06
3.939	278.6	6.40022e+06
3.94	278.671	6.40022e+06
3.941	278.741	6.40022e+06
3.942	278.812	6.40022e+06
3.943	278.883	6.40022e+06
3.944	278.954	6.40022e+06
3.945	279.024	6.40022e+06
3.946	279.095	6.40022e+06
3.947	279.166	6.40022e+06
3.948	279.236	6.40022e+06
3.949	279.307	6.40022e+06
3.95	279.378	6.40022e+06
3.951	279.449	6.40022e+06
3.952	279.519	6.40022e+06
3.953	279.59	6.40022e+06
3.954	279.661	6.40022e+06
3.955	279.731	6.40022e+06
3.956	279.802	6.40022e+06
3.957	279.873	6.40022e+06
3.958	279.944	6.40022e+06
3.959	280.014	6.40022e+06
3.96	280.085	6.40022e+06
3.961	280.156	6.40022e+06
3.962	280.226	6.40022e+06
3.963	280.297	6.40022e+06
3.964	280.368	6.40022e+06
3.965	280.439	6.40022e+06
3.966	280.509	6.40022e+06
3.967	280.58	6.40022e+06
3.968	280.651	6.40022e+06
3.969	280.721	6.40022e+06
3.97	280.792	6.40022e+06
3.971	280.863	6.40022e+06
3.972	280.934	6.40022e+06
3.973	281.004	6.40022e+06
3.974	281.075	6.40022e+06
3.975	281.146	6.40022e+06
3.976	281.216	6.40022e+06
3.977	281.287	6.40022e+06
3.978	281.358	6.40022e+06
3.979	281.428	6.40022e+06
3.98	281.499	6.40022e+06
3.981	281.57	6.40022e+06
3.982	281.641	6.40022e+06
3.983	281.711	6.40022e+06
3.984	281.782	6.40022e+06
3.985	281.853	6.40022e+06
3.986	281.923	6.40022e+06
3.987	281.994	6.40022e+06
3.988	282.065	6.40022e+06
3.989	282.136	6.40022e+06
3.99	282.206	6.40022e+06
3.991	282.277	6.40022e+06
3.992	282.348	6.40022e+06
3.993	282.418	6.40022e+06
3.994	282.489	6.40022e+06
3.995	282.56	6.40022e+06
3.996	282.631	6.40022e+06
3.997	282.701	6.40022e+06
3.998	282.772	6.40022e+06
3.999	282.843	6.40022e+06
4	282.913	6.40022e+06
4.001	282.984	6.40022e+06
4.002	283.055	6.40022e+06
4.003	283.126	6.40022e+06
4.004	283.196	6.40022e+06
4.005	283.267	6.40022e+06
4.006	283.338	6.40022e+06
4.007	283.408	6.40022e+06
4.008	283.479	6.40022e+06
4.009	283.55	6.40022e+06
4.01	283.621	6.40022e+06
4.011	283.691	6.40022e+06
4.012	283.762	6.40022e+06
4.013	283.833	6.40022e+06
4.014	283.903	6.40022e+06
4.015	283.974	6.40022e+06
4.016	284.045	6.40022e+06
4.017	284.116	6.40022e+06
4.018	284.186	6.40022e+06
4.019	284.257	6.40022e+06
4.02	284.328	6.40022e+06
4.021	284.398	6.40022e+06
4.022	284.469	6.40022e+06
4.023	284.54	6.40022e+06
4.024	284.61	6.40022e+06
4.025	284.681	6.40022e+06
4.026	284.752	6.40022e+06
4.027	284.823	6.40022e+06
4.028	284.893	6.40022e+06
4.029	284.964	6.40022e+06
4.03	285.035	6.40022e+06
4.031	285.105	6.40022e+06
4.032	285.176	6.40022e+06
4.033	285.247	6.40022e+06
4.034	285.318	6.40022e+06
4.035	285.388	6.40022e+06
4.036	285.459	6.40022e+06
4.037	285.53	6.40022e+06
4.038	285.6	6.40022e+06
4.039	285.671	6.40022e+06
4.04	285.742	6.40022e+06
4.041	285.813	6.40022e+06
4.042	285.883	6.40022e+06
4.043	285.954	6.40022e+06
4.044	286.025	6.40022e+06
4.045	286.095	6.40022e+06
4.046	286.166	6.40022e+06
4.047	286.237	6.40022e+06
4.048	286.308	6.40022e+06
4.049	286.378	6.40022e+06
4.05	286.449	6.40022e+06
4.051	286.52	6.40022e+06
4.052	286.59	6.40022e+06
4.053	286.661	6.40022e+06
4.054	286.732	6.40022e+06
4.055	286.803	6.40022e+06
4.056	286.873	6.40022e+06
4.057	286.944	6.40022e+06
4.058	287.015	6.40022e+06
4.059	287.085	6.40022e+06
4.06	287.156	6.40022e+06
4.061	287.227	6.40022e+06
4.062	287.297	6.40022e+06
4.063	287.368	6.40022e+06
4.064	287.439	6.40022e+06
4.065	287.51	6.40022e+06
4.066	287.58	6.40022e+06
4.067	287.651	6.40022e+06
4.068	287.722	6.40022e+06
4.069	287.792	6.40022e+06
4.07	287.863	6.40022e+06
4.071	287.934	6.40022e+06
4.072	288.005	6.40022e+06
4.073	288.075	6.40022e+06
4.074	288.146	6.40022e+06
4.075	288.217	6.40022e+06
4.076	288.287	6.40022e+06
4.077	288.358	6.40022e+06
4.078	288.429	6.40022e+06
4.079	288.5	6.40022e+06
4.08	288.57	6.40022e+06
4.081	288.641	6.40022e+06
4.082	288.712	6.40022e+06
4.083	288.782	6.40022e+06
4.084	288.853	6.40022e+06
4.085	288.924	6.40022e+06
4.086	288.995	6.40022e+06
4.087	289.065	6.40022e+06
4.088	289.136	6.40022e+06
4.089	289.207	6.40022e+06
4.09	289.277	6.40022e+06
4.091	289.348	6.40022e+06
4.092	289.419	6.40022e+06
4.093	289.49	6.40022e+06
4.094	289.56	6.40022e+06
4.095	289.631	6.40022e+06
4.096	289.702	6.40022e+06
4.097	289.772	6.40022e+06
4.098	289.843	6.40022e+06
4.099	289.914	6.40022e+06
4.1	289.984	6.40022e+06
4.101	290.055	6.40022e+06
4.102	290.126	6.40022e+06
4.103	290.197	6.40022e+06
4.104	290.267	6.40022e+06
4.105	290.338	6.40022e+06
4.106	290.409	6.40023e+06
4.107	290.479	6.40023e+06
4.108	290.55	6.40023e+06
4.109	290.621	6.40023e+06
4.11	290.692	6.40023e+06
4.111	290.762	6.40023e+06
4.112	290.833	6.40023e+06
4.113	290.904	6.40023e+06
4.114	290.974	6.40023e+06
4.115	291.045	6.40023e+06
4.116	291.116	6.40023e+06
4.117	291.187	6.40023e+06
4.118	291.257	6.40023e+06
4.119	291.328	6.40023e+06
4.12	291.399	6.40023e+06
4.121	291.469	6.40023e+06
4.122	291.54	6.40023e+06
4.123	291.611	6.40023e+06
4.124	291.682	6.40023e+06
4.125	291.752	6.40023e+06
4.126	291.823	6.40023e+06
4.127	291.894	6.40023e+06
4.128	291.964	6.40023e+06
4.129	292.035	6.40023e+06
4.13	292.106	6.40023e+06
4.131	292.177	6.40023e+06
4.132	292.247	6.40023e+06
4.133	292.318	6.40023e+06
4.134	292.389	6.40023e+06
4.135	292.459	6.40023e+06
4.136	292.53	6.40023e+06
4.137	292.601	6.40023e+06
4.138	292.671	6.40023e+06
4.139	292.742	6.40023e+06
4.14	292.813	6.40023e+06
4.141	292.884	6.40023e+06
4.142	292.954	6.40023e+06
4.143	293.025	6.40023e+06
4.144	293.096	6.40023e+06
4.145	293.166	6.40023e+06
4.146	293.237	6.40023e+06
4.147	293.308	6.40023e+06
4.148	293.379	6.40023e+06
4.149	293.449	6.40023e+06
4.15	293.52	6.40023e+06
4.151	293.591	6.40023e+06
4.152	293.661	6.40023e+06
4.153	293.732	6.40023e+06
4.154	293.803	6.40023e+06
4.155	293.874	6.40023e+06
4.156	293.944	6.40023e+06
4.157	294.015	6.40023e+06
4.158	294.086	6.40023e+06
4.159	294.156	6.40023e+06
4.16	294.227	6.40023e+06
4.161	294.298	6.40023e+06
4.162	294.369	6.40023e+06
4.163	294.439	6.40023e+06
4.164	294.51	6.40023e+06
4.165	294.581	6.40023e+06
4.166	294.651	6.40023e+06
4.167	294.722	6.40023e+06
4.168	294.793	6.40023e+06
4.169	294.864	6.40023e+06
4.17	294.934	6.40023e+06
4.171	295.005	6.40023e+06
4.172	295.076	6.40023e+06
4.173	295.146	6.40023e+06
4.174	295.217	6.40023e+06
4.175	295.288	6.40023e+06
4.176	295.359	6.40023e+06
4.177	295.429	6.40023e+06
4.178	295.5	6.40023e+06
4.179	295.571	6.40023e+06
4.18	295.641	6.40023e+06
4.181	295.712	6.40023e+06
4.182	295.783	6.40023e+06
4.183	295.853	6.40023e+06
4.184	295.924	6.40023e+06
4.185	295.995	6.40023e+06
4.186	296.066	6.40023e+06
4.187	296.136	6.40023e+06
4.188	296.207	6.40023e+06
4.189	296.278	6.40023e+06
4.19	296.348	6.40023e+06
4.191	296.419	6.40023e+06
4.192	296.49	6.40023e+06
4.193	296.561	6.40023e+06
4.194	296.631	6.40023e+06
4.195	296.702	6.40023e+06
4.196	296.773	6.40023e+06
4.197	296.843	6.40023e+06
4.198	296.914	6.40023e+06
4.199	296.985	6.40023e+06
4.2	297.056	6.40023e+06
4.201	297.126	6.40023e+06
4.202	297.197	6.40023e+06
4.203	297.268	6.40023e+06
4.204	297.338	6.40023e+06
4.205	297.409	6.40023e+06
4.206	297.48	6.40023e+06
4.207	297.551	6.40023e+06
4.208	297.621	6.40023e+06
4.209	297.692	6.40023e+06
4.21	297.763	6.40023e+06
4.211	297.833	6.40023e+06
4.212	297.904	6.40023e+06
4.213	297.975	6.40023e+06
4.214	298.046	6.40023e+06
4.215	298.116	6.40023e+06
4.216	298.187	6.40023e+06
4.217	298.258	6.40023e+06
4.218	298.328	6.40023e+06
4.219	298.399	6.40023e+06
4.22	298.47	6.40023e+06
4.221	298.54	6.40023e+06
4.222	298.611	6.40023e+06
4.223	298.682	6.40023e+06
4.224	298.753	6.40023e+06
4.225	298.823	6.40023e+06
4.226	298.894	6.40023e+06
4.227	298.965	6.40023e+06
4.228	299.035	6.40023e+06
4.229	299.106	6.40023e+06
4.23	299.177	6.40023e+06
4.231	299.248	6.40023e+06
4.232	299.318	6.40023e+06
4.233	299.389	6.40023e+06
4.234	299.46	6.40023e+06
4.235	299.53	6.40023e+06
4.236	299.601	6.40023e+06
4.237	299.672	6.40023e+06
4.238	299.743	6.40023e+06
4.239	299.813	6.40023e+06
4.24	299.884	6.40023e+06
4.241	299.955	6.40023e+06
4.242	300.025	6.40023e+06
4.243	300.096	6.40023e+06
4.244	300.167	6.40023e+06
4.245	300.238	6.40023e+06
4.246	300.308	6.40023e+06
4.247	300.379	6.40023e+06
4.248	300.45	6.40023e+06
4.249	300.52	6.40023e+06
4.25	300.591	6.40023e+06
4.251	300.662	6.40023e+06
4.252	300.733	6.40023e+06
4.253	300.803	6.40023e+06
4.254	300.874	6.40023e+06
4.255	300.945	6.40023e+06
4.256	301.015	6.40023e+06
4.257	301.086	6.40023e+06
4.258	301.157	6.40023e+06
4.259	301.227	6.40023e+06
4.26	301.298	6.40023e+06
4.261	301.369	6.40023e+06
4.262	301.44	6.40023e+06
4.263	301.51	6.40023e+06
4.264	301.581	6.40023e+06
4.265	301.652	6.40023e+06
4.266	301.722	6.40023e+06
4.267	301.793	6.40023e+06
4.268	301.864	6.40023e+06
4.269	301.935	6.40023e+06
4.27	302.005	6.40023e+06
4.271	302.076	6.40023e+06
4.272	302.147	6.40023e+06
4.273	302.217	6.40023e+06
4.274	302.288	6.40023e+06
4.275	302.359	6.40023e+06
4.276	302.43	6.40023e+06
4.277	302.5	6.40023e+06
4.278	302.571	6.40023e+06
4.279	302.642	6.40023e+06
4.28	302.712	6.40023e+06
4.281	302.783	6.40023e+06
4.282	302.854	6.40023e+06
4.283	302.925	6.40023e+06
4.284	302.995	6.40023e+06
4.285	303.066	6.40023e+06
4.286	303.137	6.40023e+06
4.287	303.207	6.40023e+06
4.288	303.278	6.40023e+06
4.289	303.349	6.40023e+06
4.29	303.42	6.40023e+06
4.291	303.49	6.40023e+06
4.292	303.561	6.40023e+06
4.293	303.632	6.40023e+06
4.294	303.702	6.40023e+06
4.295	303.773	6.40023e+06
4.296	303.844	6.40023e+06
4.297	303.914	6.40023e+06
4.298	303.985	6.40023e+06
4.299	304.056	6.40023e+06
4.3	304.127	6.40023e+06
4.301	304.197	6.40023e+06
4.302	304.268	6.40023e+06
4.303	304.339	6.40023e+06
4.304	304.409	6.40023e+06
4.305	304.48	6.40023e+06
4.306	304.551	6.40023e+06
4.307	304.622	6.40023e+06
4.308	304.692	6.40023e+06
4.309	304.763	6.40023e+06
4.31	304.834	6.40023e+06
4.311	304.904	6.40023e+06
4.312	304.975	6.40023e+06
4.313	305.046	6.40023e+06
4.314	305.117	6.40023e+06
4.315	305.187	6.40023e+06
4.316	305.258	6.40023e+06
4.317	305.329	6.40023e+06
4.318	305.399	6.40023e+06
4.319	305.47	6.40023e+06
4.32	305.541	6.40023e+06
4.321	305.612	6.40023e+06
4.322	305.682	6.40023e+06
4.323	305.753	6.40023e+06
4.324	305.824	6.40023e+06
4.325	305.894	6.40023e+06
4.326	305.965	6.40023e+06
4.327	306.036	6.40023e+06
4.328	306.107	6.40023e+06
4.329	306.177	6.40023e+06
4.33	306.248	6.40023e+06
4.331	306.319	6.40023e+06
4.332	306.389	6.40023e+06
4.333	306.46	6.40023e+06
4.334	306.531	6.40023e+06
4.335	306.602	6.40023e+06
4.336	306.672	6.40023e+06
4.337	306.743	6.40023e+06
4.338	306.814	6.40023e+06
4.339	306.884	6.40023e+06
4.34	306.955	6.40023e+06
4.341	307.026	6.40023e+06
4.342	307.096	6.40023e+06
4.343	307.167	6.40023e+06
4.344	307.238	6.40023e+06
4.345	307.309	6.40023e+06
4.346	307.379	6.40023e+06
4.347	307.45	6.40023e+06
4.348	307.521	6.40023e+06
4.349	307.591	6.40023e+06
4.35	307.662	6.40023e+06
4.351	307.733	6.40023e+06
4.352	307.804	6.40023e+06
4.353	307.874	6.40023e+06
4.354	307.945	6.40023e+06
4.355	308.016	6.40023e+06
4.356	308.086	6.40023e+06
4.357	308.157	6.40023e+06
4.358	308.228	6.40023e+06
4.359	308.299	6.40023e+06
4.36	308.369	6.40023e+06
4.361	308.44	6.40023e+06
4.362	308.511	6.40023e+06
4.363	308.581	6.40023e+06
4.364	308.652	6.40023e+06
4.365	308.723	6.40023e+06
4.366	308.794	6.40023e+06
4.367	308.864	6.40023e+06
4.368	308.935	6.40023e+06
4.369	309.006	6.40024e+06
4.37	309.076	6.40024e+06
4.371	309.147	6.40024e+06
4.372	309.218	6.40024e+06
4.373	309.289	6.40024e+06
4.374	309.359	6.40024e+06
4.375	309.43	6.40024e+06
4.376	309.501	6.40024e+06
4.377	309.571	6.40024e+06
4.378	309.642	6.40024e+06
4.379	309.713	6.40024e+06
4.38	309.783	6.40024e+06
4.381	309.854	6.40024e+06
4.382	309.925	6.40024e+06
4.383	309.996	6.40024e+06
4.384	310.066	6.40024e+06
4.385	310.137	6.40024e+06
4.386	310.208	6.40024e+06
4.387	310.278	6.40024e+06
4.388	310.349	6.40024e+06
4.389	310.42	6.40024e+06
4.39	310.491	6.40024e+06
4.391	310.561	6.40024e+06
4.392	310.632	6.40024e+06
4.393	310.703	6.40024e+06
4.394	310.773	6.40024e+06
4.395	310.844	6.40024e+06
4.396	310.915	6.40024e+06
4.397	310.986	6.40024e+06
4.398	311.056	6.40024e+06
4.399	311.127	6.40024e+06
4.4	311.198	6.40024e+06
4.401	311.268	6.40024e+06
4.402	311.339	6.40024e+06
4.403	311.41	6.40024e+06
4.404	311.481	6.40024e+06
4.405	311.551	6.40024e+06
4.406	311.622	6.40024e+06
4.407	311.693	6.40024e+06
4.408	311.763	6.40024e+06
4.409	311.834	6.40024e+06
4.41	311.905	6.40024e+06
4.411	311.976	6.40024e+06
4.412	312.046	6.40024e+06
4.413	312.117	6.40024e+06
4.414	312.188	6.40024e+06
4.415	312.258	6.40024e+06
4.416	312.329	6.40024e+06
4.417	312.4	6.40024e+06
4.418	312.47	6.40024e+06
4.419	312.541	6.40024e+06
4.42	312.612	6.40024e+06
4.421	312.683	6.40024e+06
4.422	312.753	6.40024e+06
4.423	312.824	6.40024e+06
4.424	312.895	6.40024e+06
4.425	312.965	6.40024e+06
4.426	313.036	6.40024e+06
4.427	313.107	6.40024e+06
4.428	313.178	6.40024e+06
4.429	313.248	6.40024e+06
4.43	313.319	6.40024e+06
4.431	313.39	6.40024e+06
4.432	313.46	6.40024e+06
4.433	313.531	6.40024e+06
4.434	313.602	6.40024e+06
4.435	313.673	6.40024e+06
4.436	313.743	6.40024e+06
4.437	313.814	6.40024e+06
4.438	313.885	6.40024e+06
4.439	313.955	6.40024e+06
4.44	314.026	6.40024e+06
4.441	314.097	6.40024e+06
4.442	314.168	6.40024e+06
4.443	314.238	6.40024e+06
4.444	314.309	6.40024e+06
4.445	314.38	6.40024e+06
4.446	314.45	6.40024e+06
4.447	314.521	6.40024e+06
4.448	314.592	6.40024e+06
4.449	314.663	6.40024e+06
4.45	314.733	6.40024e+06
4.451	314.804	6.40024e+06
4.452	314.875	6.40024e+06
4.453	314.945	6.40024e+06
4.454	315.016	6.40024e+06
4.455	315.087	6.40024e+06
4.456	315.157	6.40024e+06
4.457	315.228	6.40024e+06
4.458	315.299	6.40024e+06
4.459	315.37	6.40024e+06
4.46	315.44	6.40024e+06
4.461	315.511	6.40024e+06
4.462	315.582	6.40024e+06
4.463	315.652	6.40024e+06
4.464	315.723	6.40024e+06
4.465	315.794	6.40024e+06
4.466	315.865	6.40024e+06
4.467	315.935	6.40024e+06
4.468	316.006	6.40024e+06
4.469	316.077	6.40024e+06
4.47	316.147	6.40024e+06
4.471	316.218	6.40024e+06
4.472	316.289	6.40024e+06
4.473	316.36	6.40024e+06
4.474	316.43	6.40024e+06
4.475	316.501	6.40024e+06
4.476	316.572	6.40024e+06
4.477	316.642	6.40024e+06
4.478	316.713	6.40024e+06
4.479	316.784	6.40024e+06
4.48	316.855	6.40024e+06
4.481	316.925	6.40024e+06
4.482	316.996	6.40024e+06
4.483	317.067	6.40024e+06
4.484	317.137	6.40024e+06
4.485	317.208	6.40024e+06
4.486	317.279	6.40024e+06
4.487	317.35	6.40024e+06
4.488	317.42	6.40024e+06
4.489	317.491	6.40024e+06
4.49	317.562	6.40024e+06
4.491	317.632	6.40024e+06
4.492	317.703	6.40024e+06
4.493	317.774	6.40024e+06
4.494	317.844	6.40024e+06
4.495	317.915	6.40024e+06
4.496	317.986	6.40024e+06
4.497	318.057	6.40024e+06
4.498	318.127	6.40024e+06
4.499	318.198	6.40024e+06
4.5	318.269	6.40024e+06
4.501	318.339	6.40024e+06
4.502	318.41	6.40024e+06
4.503	318.481	6.40024e+06
4.504	318.552	6.40024e+06
4.505	318.622	6.40024e+06
4.506	318.693	6.40024e+06
4.507	318.764	6.40024e+06
4.508	318.834	6.40024e+06
4.509	318.905	6.40024e+06
4.51	318.976	6.40024e+06
4.511	319.047	6.40024e+06
4.512	319.117	6.40024e+06
4.513	319.188	6.40024e+06
4.514	319.259	6.40024e+06
4.515	319.329	6.40024e+06
4.516	319.4	6.40024e+06
4.517	319.471	6.40024e+06
4.518	319.542	6.40024e+06
4.519	319.612	6.40024e+06
4.52	319.683	6.40024e+06
4.521	319.754	6.40024e+06
4.522	319.824	6.40024e+06
4.523	319.895	6.40024e+06
4.524	319.966	6.40024e+06
4.525	320.037	6.40024e+06
4.526	320.107	6.40024e+06
4.527	320.178	6.40024e+06
4.528	320.249	6.40024e+06
4.529	320.319	6.40024e+06
4.53	320.39	6.40024e+06
4.531	320.461	6.40024e+06
4.532	320.532	6.40024e+06
4.533	320.602	6.40024e+06
4.534	320.673	6.40024e+06
4.535	320.744	6.40024e+06
4.536	320.814	6.40024e+06
4.537	320.885	6.40024e+06
4.538	320.956	6.40024e+06
4.539	321.026	6.40024e+06
4.54	321.097	6.40024e+06
4.541	321.168	6.40024e+06
4.542	321.239	6.40024e+06
4.543	321.309	6.40024e+06
4.544	321.38	6.40024e+06
4.545	321.451	6.40024e+06
4.546	321.521	6.40024e+06
4.547	321.592	6.40024e+06
4.548	321.663	6.40024e+06
4.549	321.734	6.40024e+06
4.55	321.804	6.40024e+06
4.551	321.875	6.40024e+06
4.552	321.946	6.40024e+06
4.553	322.016	6.40024e+06
4.554	322.087	6.40024e+06
4.555	322.158	6.40024e+06
4.556	322.229	6.40024e+06
4.557	322.299	6.40024e+06
4.558	322.37	6.40024e+06
4.559	322.441	6.40024e+06
4.56	322.511	6.40024e+06
4.561	322.582	6.40024e+06
4.562	322.653	6.40024e+06
4.563	322.724	6.40024e+06
4.564	322.794	6.40024e+06
4.565	322.865	6.40024e+06
4.566	322.936	6.40024e+06
4.567	323.006	6.40024e+06
4.568	323.077	6.40024e+06
4.569	323.148	6.40024e+06
4.57	323.219	6.40024e+06
4.571	323.289	6.40024e+06
4.572	323.36	6.40024e+06
4.573	323.431	6.40024e+06
4.574	323.501	6.40024e+06
4.575	323.572	6.40024e+06
4.576	323.643	6.40024e+06
4.577	323.713	6.40024e+06
4.578	323.784	6.40024e+06
4.579	323.855	6.40024e+06
4.58	323.926	6.40024e+06
4.581	323.996	6.40024e+06
4.582	324.067	6.40024e+06
4.583	324.138	6.40024e+06
4.584	324.208	6.40024e+06
4.585	324.279	6.40024e+06
4.586	324.35	6.40024e+06
4.587	324.421	6.40024e+06
4.588	324.491	6.40024e+06
4.589	324.562	6.40024e+06
4.59	324.633	6.40024e+06
4.591	324.703	6.40024e+06
4.592	324.774	6.40024e+06
4.593	324.845	6.40024e+06
4.594	324.916	6.40024e+06
4.595	324.986	6.40024e+06
4.596	325.057	6.40024e+06
4.597	325.128	6.40024e+06
4.598	325.198	6.40024e+06
4.599	325.269	6.40024e+06
4.6	325.34	6.40024e+06
4.601	325.411	6.40024e+06
4.602	325.481	6.40024e+06
4.603	325.552	6.40024e+06
4.604	325.623	6.40024e+06
4.605	325.693	6.40024e+06
4.606	325.764	6.40024e+06
4.607	325.835	6.40024e+06
4.608	325.906	6.40024e+06
4.609	325.976	6.40024e+06
4.61	326.047	6.40024e+06
4.611	326.118	6.40024e+06
4.612	326.188	6.40024e+06
4.613	326.259	6.40024e+06
4.614	326.33	6.40024e+06
4.615	326.4	6.40024e+06
4.616	326.471	6.40024e+06
4.617	326.542	6.40024e+06
4.618	326.613	6.40024e+06
4.619	326.683	6.40024e+06
4.62	326.754	6.40024e+06
4.621	326.825	6.40024e+06
4.622	326.895	6.40024e+06
4.623	326.966	6.40024e+06
4.624	327.037	6.40024e+06
4.625	327.108	6.40024e+06
4.626	327.178	6.40024e+06
4.627	327.249	6.40024e+06
4.628	327.32	6.40024e+06
4.629	327.39	6.40024e+06
4.63	327.461	6.40024e+06
4.631	327.532	6.40024e+06
4.632	327.603	6.40024e+06
4.633	327.673	6.40024e+06
4.634	327.744	6.40024e+06
4.635	327.815	6.40024e+06
4.636	327.885	6.40024e+06
4.637	327.956	6.40024e+06
4.638	328.027	6.40024e+06
4.639	328.098	6.40024e+06
4.64	328.168	6.40024e+06
4.641	328.239	6.40024e+06
4.642	328.31	6.40024e+06
4.643	328.38	6.40024e+06
4.644	328.451	6.40024e+06
4.645	328.522	6.40024e+06
4.646	328.593	6.40024e+06
4.647	328.663	6.40025e+06
4.648	328.734	6.40025e+06
4.649	328.805	6.40025e+06
4.65	328.875	6.40025e+06
4.651	328.946	6.40025e+06
4.652	329.017	6.40025e+06
4.653	329.087	6.40025e+06
4.654	329.158	6.40025e+06
4.655	329.229	6.40025e+06
4.656	329.3	6.40025e+06
4.657	329.37	6.40025e+06
4.658	329.441	6.40025e+06
4.659	329.512	6.40025e+06
4.66	329.582	6.40025e+06
4.661	329.653	6.40025e+06
4.662	329.724	6.40025e+06
4.663	329.795	6.40025e+06
4.664	329.865	6.40025e+06
4.665	329.936	6.40025e+06
4.666	330.007	6.40025e+06
4.667	330.077	6.40025e+06
4.668	330.148	6.40025e+06
4.669	330.219	6.40025e+06
4.67	330.29	6.40025e+06
4.671	330.36	6.40025e+06
4.672	330.431	6.40025e+06
4.673	330.502	6.40025e+06
4.674	330.572	6.40025e+06
4.675	330.643	6.40025e+06
4.676	330.714	6.40025e+06
4.677	330.785	6.40025e+06
4.678	330.855	6.40025e+06
4.679	330.926	6.40025e+06
4.68	330.997	6.40025e+06
4.681	331.067	6.40025e+06
4.682	331.138	6.40025e+06
4.683	331.209	6.40025e+06
4.684	331.28	6.40025e+06
4.685	331.35	6.40025e+06
4.686	331.421	6.40025e+06
4.687	331.492	6.40025e+06
4.688	331.562	6.40025e+06
4.689	331.633	6.40025e+06
4.69	331.704	6.40025e+06
4.691	331.775	6.40025e+06
4.692	331.845	6.40025e+06
4.693	331.916	6.40025e+06
4.694	331.987	6.40025e+06
4.695	332.057	6.40025e+06
4.696	332.128	6.40025e+06
4.697	332.199	6.40025e+06
4.698	332.269	6.40025e+06
4.699	332.34	6.40025e+06
4.7	332.411	6.40025e+06
4.701	332.482	6.40025e+06
4.702	332.552	6.40025e+06
4.703	332.623	6.40025e+06
4.704	332.694	6.40025e+06
4.705	332.764	6.40025e+06
4.706	332.835	6.40025e+06
4.707	332.906	6.40025e+06
4.708	332.977	6.40025e+06
4.709	333.047	6.40025e+06
4.71	333.118	6.40025e+06
4.711	333.189	6.40025e+06
4.712	333.259	6.40025e+06
4.713	333.33	6.40025e+06
4.714	333.401	6.40025e+06
4.715	333.472	6.40025e+06
4.716	333.542	6.40025e+06
4.717	333.613	6.40025e+06
4.718	333.684	6.40025e+06
4.719	333.754	6.40025e+06
4.72	333.825	6.40025e+06
4.721	333.896	6.40025e+06
4.722	333.967	6.40025e+06
4.723	334.037	6.40025e+06
4.724	334.108	6.40025e+06
4.725	334.179	6.40025e+06
4.726	334.249	6.40025e+06
4.727	334.32	6.40025e+06
4.728	334.391	6.40025e+06
4.729	334.462	6.40025e+06
4.73	334.532	6.40025e+06
4.731	334.603	6.40025e+06
4.732	334.674	6.40025e+06
4.733	334.744	6.40025e+06
4.734	334.815	6.40025e+06
4.735	334.886	6.40025e+06
4.736	334.956	6.40025e+06
4.737	335.027	6.40025e+06
4.738	335.098	6.40025e+06
4.739	335.169	6.40025e+06
4.74	335.239	6.40025e+06
4.741	335.31	6.40025e+06
4.742	335.381	6.40025e+06
4.743	335.451	6.40025e+06
4.744	335.522	6.40025e+06
4.745	335.593	6.40025e+06
4.746	335.664	6.40025e+06
4.747	335.734	6.40025e+06
4.748	335.805	6.40025e+06
4.749	335.876	6.40025e+06
4.75	335.946	6.40025e+06
4.751	336.017	6.40025e+06
4.752	336.088	6.40025e+06
4.753	336.159	6.40025e+06
4.754	336.229	6.40025e+06
4.755	336.3	6.40025e+06
4.756	336.371	6.40025e+06
4.757	336.441	6.40025e+06
4.758	336.512	6.40025e+06
4.759	336.583	6.40025e+06
4.76	336.654	6.40025e+06
4.761	336.724	6.40025e+06
4.762	336.795	6.40025e+06
4.763	336.866	6.40025e+06
4.764	336.936	6.40025e+06
4.765	337.007	6.40025e+06
4.766	337.078	6.40025e+06
4.767	337.149	6.40025e+06
4.768	337.219	6.40025e+06
4.769	337.29	6.40025e+06
4.77	337.361	6.40025e+06
4.771	337.431	6.40025e+06
4.772	337.502	6.40025e+06
4.773	337.573	6.40025e+06
4.774	337.643	6.40025e+06
4.775	337.714	6.40025e+06
4.776	337.785	6.40025e+06
4.777	337.856	6.40025e+06
4.778	337.926	6.40025e+06
4.779	337.997	6.40025e+06
4.78	338.068	6.40025e+06
4.781	338.138	6.40025e+06
4.782	338.209	6.40025e+06
4.783	338.28	6.40025e+06
4.784	338.351	6.40025e+06
4.785	338.421	6.40025e+06
4.786	338.492	6.40025e+06
4.787	338.563	6.40025e+06
4.788	338.633	6.40025e+06
4.789	338.704	6.40025e+06
4.79	338.775	6.40025e+06
4.791	338.846	6.40025e+06
4.792	338.916	6.40025e+06
4.793	338.987	6.40025e+06
4.794	339.058	6.40025e+06
4.795	339.128	6.40025e+06
4.796	339.199	6.40025e+06
4.797	339.27	6.40025e+06
4.798	339.341	6.40025e+06
4.799	339.411	6.40025e+06
4.8	339.482	6.40025e+06
4.801	339.553	6.40025e+06
4.802	339.623	6.40025e+06
4.803	339.694	6.40025e+06
4.804	339.765	6.40025e+06
4.805	339.836	6.40025e+06
4.806	339.906	6.40025e+06
4.807	339.977	6.40025e+06
4.808	340.048	6.40025e+06
4.809	340.118	6.40025e+06
4.81	340.189	6.40025e+06
4.811	340.26	6.40025e+06
4.812	340.33	6.40025e+06
4.813	340.401	6.40025e+06
4.814	340.472	6.40025e+06
4.815	340.543	6.40025e+06
4.816	340.613	6.40025e+06
4.817	340.684	6.40025e+06
4.818	340.755	6.40025e+06
4.819	340.825	6.40025e+06
4.82	340.896	6.40025e+06
4.821	340.967	6.40025e+06
4.822	341.038	6.40025e+06
4.823	341.108	6.40025e+06
4.824	341.179	6.40025e+06
4.825	341.25	6.40025e+06
4.826	341.32	6.40025e+06
4.827	341.391	6.40025e+06
4.828	341.462	6.40025e+06
4.829	341.533	6.40025e+06
4.83	341.603	6.40025e+06
4.831	341.674	6.40025e+06
4.832	341.745	6.40025e+06
4.833	341.815	6.40025e+06
4.834	341.886	6.40025e+06
4.835	341.957	6.40025e+06
4.836	342.028	6.40025e+06
4.837	342.098	6.40025e+06
4.838	342.169	6.40025e+06
4.839	342.24	6.40025e+06
4.84	342.31	6.40025e+06
4.841	342.381	6.40025e+06
4.842	342.452	6.40025e+06
4.843	342.523	6.40025e+06
4.844	342.593	6.40025e+06
4.845	342.664	6.40025e+06
4.846	342.735	6.40025e+06
4.847	342.805	6.40025e+06
4.848	342.876	6.40025e+06
4.849	342.947	6.40025e+06
4.85	343.017	6.40025e+06
4.851	343.088	6.40025e+06
4.852	343.159	6.40025e+06
4.853	343.23	6.40025e+06
4.854	343.3	6.40025e+06
4.855	343.371	6.40025e+06
4.856	343.442	6.40025e+06
4.857	343.512	6.40025e+06
4.858	343.583	6.40025e+06
4.859	343.654	6.40025e+06
4.86	343.725	6.40025e+06
4.861	343.795	6.40025e+06
4.862	343.866	6.40025e+06
4.863	343.937	6.40025e+06
4.864	344.007	6.40025e+06
4.865	344.078	6.40025e+06
4.866	344.149	6.40025e+06
4.867	344.22	6.40025e+06
4.868	344.29	6.40025e+06
4.869	344.361	6.40025e+06
4.87	344.432	6.40025e+06
4.871	344.502	6.40025e+06
4.872	344.573	6.40025e+06
4.873	344.644	6.40025e+06
4.874	344.715	6.40025e+06
4.875	344.785	6.40025e+06
4.876	344.856	6.40025e+06
4.877	344.927	6.40025e+06
4.878	344.997	6.40025e+06
4.879	345.068	6.40025e+06
4.88	345.139	6.40025e+06
4.881	345.21	6.40025e+06
4.882	345.28	6.40025e+06
4.883	345.351	6.40025e+06
4.884	345.422	6.40025e+06
4.885	345.492	6.40025e+06
4.886	345.563	6.40025e+06
4.887	345.634	6.40025e+06
4.888	345.705	6.40025e+06
4.889	345.775	6.40025e+06
4.89	345.846	6.40025e+06
4.891	345.917	6.40025e+06
4.892	345.987	6.40025e+06
4.893	346.058	6.40025e+06
4.894	346.129	6.40025e+06
4.895	346.199	6.40025e+06
4.896	346.27	6.40025e+06
4.897	346.341	6.40025e+06
4.898	346.412	6.40025e+06
4.899	346.482	6.40025e+06
4.9	346.553	6.40025e+06
4.901	346.624	6.40025e+06
4.902	346.694	6.40025e+06
4.903	346.765	6.40025e+06
4.904	346.836	6.40025e+06
4.905	346.907	6.40025e+06
4.906	346.977	6.40025e+06
4.907	347.048	6.40025e+06
4.908	347.119	6.40025e+06
4.909	347.189	6.40025e+06
4.91	347.26	6.40025e+06
4.911	347.331	6.40025e+06
4.912	347.402	6.40025e+06
4.913	347.472	6.40025e+06
4.914	347.543	6.40025e+06
4.915	347.614	6.40025e+06
4.916	347.684	6.40025e+06
4.917	347.755	6.40025e+06
4.918	347.826	6.40025e+06
4.919	347.897	6.40025e+06
4.92	347.967	6.40025e+06
4.921	348.038	6.40025e+06
4.922	348.109	6.40025e+06
4.923	348.179	6.40025e+06
4.924	348.25	6.40025e+06
4.925	348.321	6.40025e+06
4.926	348.392	6.40025e+06
4.927	348.462	6.40025e+06
4.928	348.533	6.40025e+06
4.929	348.604	6.40025e+06
4.93	348.674	6.40025e+06
4.931	348.745	6.40025e+06
4.932	348.816	6.40025e+06
4.933	348.886	6.40025e+06
4.934	348.957	6.40025e+06
4.935	349.028	6.40025e+06
4.936	349.099	6.40025e+06
4.937	349.169	6.40025e+06
4.938	349.24	6.40025e+06
4.939	349.311	6.40025e+06
4.94	349.381	6.40025e+06
4.941	349.452	6.40025e+06
4.942	349.523	6.40025e+06
4.943	349.594	6.40026e+06
4.944	349.664	6.40026e+06
4.945	349.735	6.40026e+06
4.946	349.806	6.40026e+06
4.947	349.876	6.40026e+06
4.948	349.947	6.40026e+06
4.949	350.018	6.40026e+06
4.95	350.089	6.40026e+06
4.951	350.159	6.40026e+06
4.952	350.23	6.40026e+06
4.953	350.301	6.40026e+06
4.954	350.371	6.40026e+06
4.955	350.442	6.40026e+06
4.956	350.513	6.40026e+06
4.957	350.584	6.40026e+06
4.958	350.654	6.40026e+06
4.959	350.725	6.40026e+06
4.96	350.796	6.40026e+06
4.961	350.866	6.40026e+06
4.962	350.937	6.40026e+06
4.963	351.008	6.40026e+06
4.964	351.079	6.40026e+06
4.965	351.149	6.40026e+06
4.966	351.22	6.40026e+06
4.967	351.291	6.40026e+06
4.968	351.361	6.40026e+06
4.969	351.432	6.40026e+06
4.97	351.503	6.40026e+06
4.971	351.573	6.40026e+06
4.972	351.644	6.40026e+06
4.973	351.715	6.40026e+06
4.974	351.786	6.40026e+06
4.975	351.856	6.40026e+06
4.976	351.927	6.40026e+06
4.977	351.998	6.40026e+06
4.978	352.068	6.40026e+06
4.979	352.139	6.40026e+06
4.98	352.21	6.40026e+06
4.981	352.281	6.40026e+06
4.982	352.351	6.40026e+06
4.983	352.422	6.40026e+06
4.984	352.493	6.40026e+06
4.985	352.563	6.40026e+06
4.986	352.634	6.40026e+06
4.987	352.705	6.40026e+06
4.988	352.776	6.40026e+06
4.989	352.846	6.40026e+06
4.99	352.917	6.40026e+06
4.991	352.988	6.40026e+06
4.992	353.058	6.40026e+06
4.993	353.129	6.40026e+06
4.994	353.2	6.40026e+06
4.995	353.271	6.40026e+06
4.996	353.341	6.40026e+06
4.997	353.412	6.40026e+06
4.998	353.483	6.40026e+06
4.999	353.553	6.40026e+06
5	353.624	6.40026e+06
5.001	353.695	6.40026e+06
5.002	353.766	6.40026e+06
5.003	353.836	6.40026e+06
5.004	353.907	6.40026e+06
5.005	353.978	6.40026e+06
5.006	354.048	6.40026e+06
5.007	354.119	6.40026e+06
5.008	354.19	6.40026e+06
5.009	354.26	6.40026e+06
5.01	354.331	6.40026e+06
5.011	354.402	6.40026e+06
5.012	354.473	6.40026e+06
5.013	354.543	6.40026e+06
5.014	354.614	6.40026e+06
5.015	354.685	6.40026e+06
5.016	354.755	6.40026e+06
5.017	354.826	6.40026e+06
5.018	354.897	6.40026e+06
5.019	354.968	6.40026e+06
5.02	355.038	6.40026e+06
5.021	355.109	6.40026e+06
5.022	355.18	6.40026e+06
5.023	355.25	6.40026e+06
5.024	355.321	6.40026e+06
5.025	355.392	6.40026e+06
5.026	355.463	6.40026e+06
5.027	355.533	6.40026e+06
5.028	355.604	6.40026e+06
5.029	355.675	6.40026e+06
5.03	355.745	6.40026e+06
5.031	355.816	6.40026e+06
5.032	355.887	6.40026e+06
5.033	355.958	6.40026e+06
5.034	356.028	6.40026e+06
5.035	356.099	6.40026e+06
5.036	356.17	6.40026e+06
5.037	356.24	6.40026e+06
5.038	356.311	6.40026e+06
5.039	356.382	6.40026e+06
5.04	356.453	6.40026e+06
5.041	356.523	6.40026e+06
5.042	356.594	6.40026e+06
5.043	356.665	6.40026e+06
5.044	356.735	6.40026e+06
5.045	356.806	6.40026e+06
5.046	356.877	6.40026e+06
5.047	356.948	6.40026e+06
5.048	357.018	6.40026e+06
5.049	357.089	6.40026e+06
5.05	357.16	6.40026e+06
5.051	357.23	6.40026e+06
5.052	357.301	6.40026e+06
5.053	357.372	6.40026e+06
5.054	357.442	6.40026e+06
5.055	357.513	6.40026e+06
5.056	357.584	6.40026e+06
5.057	357.655	6.40026e+06
5.058	357.725	6.40026e+06
5.059	357.796	6.40026e+06
5.06	357.867	6.40026e+06
5.061	357.937	6.40026e+06
5.062	358.008	6.40026e+06
5.063	358.079	6.40026e+06
5.064	358.15	6.40026e+06
5.065	358.22	6.40026e+06
5.066	358.291	6.40026e+06
5.067	358.362	6.40026e+06
5.068	358.432	6.40026e+06
5.069	358.503	6.40026e+06
5.07	358.574	6.40026e+06
5.071	358.645	6.40026e+06
5.072	358.715	6.40026e+06
5.073	358.786	6.40026e+06
5.074	358.857	6.40026e+06
5.075	358.927	6.40026e+06
5.076	358.998	6.40026e+06
5.077	359.069	6.40026e+06
5.078	359.14	6.40026e+06
5.079	359.21	6.40026e+06
5.08	359.281	6.40026e+06
5.081	359.352	6.40026e+06
5.082	359.422	6.40026e+06
5.083	359.493	6.40026e+06
5.084	359.564	6.40026e+06
5.085	359.635	6.40026e+06
5.086	359.705	6.40026e+06
5.087	359.776	6.40026e+06
5.088	359.847	6.40026e+06
5.089	359.917	6.40026e+06
5.09	359.988	6.40026e+06
5.091	360.059	6.40026e+06
5.092	360.129	6.40026e+06
5.093	360.2	6.40026e+06
5.094	360.271	6.40026e+06
5.095	360.342	6.40026e+06
5.096	360.412	6.40026e+06
5.097	360.483	6.40026e+06
5.098	360.554	6.40026e+06
5.099	360.624	6.40026e+06
5.1	360.695	6.40026e+06
5.101	360.766	6.40026e+06
5.102	360.837	6.40026e+06
5.103	360.907	6.40026e+06
5.104	360.978	6.40026e+06
5.105	361.049	6.40026e+06
5.106	361.119	6.40026e+06
5.107	361.19	6.40026e+06
5.108	361.261	6.40026e+06
5.109	361.332	6.40026e+06
5.11	361.402	6.40026e+06
5.111	361.473	6.40026e+06
5.112	361.544	6.40026e+06
5.113	361.614	6.40026e+06
5.114	361.685	6.40026e+06
5.115	361.756	6.40026e+06
5.116	361.827	6.40026e+06
5.117	361.897	6.40026e+06
5.118	361.968	6.40026e+06
5.119	362.039	6.40026e+06
5.12	362.109	6.40026e+06
5.121	362.18	6.40026e+06
5.122	362.251	6.40026e+06
5.123	362.322	6.40026e+06
5.124	362.392	6.40026e+06
5.125	362.463	6.40026e+06
5.126	362.534	6.40026e+06
5.127	362.604	6.40026e+06
5.128	362.675	6.40026e+06
5.129	362.746	6.40026e+06
5.13	362.816	6.40026e+06
5.131	362.887	6.40026e+06
5.132	362.958	6.40026e+06
5.133	363.029	6.40026e+06
5.134	363.099	6.40026e+06
5.135	363.17	6.40026e+06
5.136	363.241	6.40026e+06
5.137	363.311	6.40026e+06
5.138	363.382	6.40026e+06
5.139	363.453	6.40026e+06
5.14	363.524	6.40026e+06
5.141	363.594	6.40026e+06
5.142	363.665	6.40026e+06
5.143	363.736	6.40026e+06
5.144	363.806	6.40026e+06
5.145	363.877	6.40026e+06
5.146	363.948	6.40026e+06
5.147	364.019	6.40026e+06
5.148	364.089	6.40026e+06
5.149	364.16	6.40026e+06
5.15	364.231	6.40026e+06
5.151	364.301	6.40026e+06
5.152	364.372	6.40026e+06
5.153	364.443	6.40026e+06
5.154	364.514	6.40026e+06
5.155	364.584	6.40026e+06
5.156	364.655	6.40026e+06
5.157	364.726	6.40026e+06
5.158	364.796	6.40026e+06
5.159	364.867	6.40026e+06
5.16	364.938	6.40026e+06
5.161	365.009	6.40026e+06
5.162	365.079	6.40026e+06
5.163	365.15	6.40026e+06
5.164	365.221	6.40026e+06
5.165	365.291	6.40026e+06
5.166	365.362	6.40026e+06
5.167	365.433	6.40026e+06
5.168	365.503	6.40026e+06
5.169	365.574	6.40026e+06
5.17	365.645	6.40026e+06
5.171	365.716	6.40026e+06
5.172	365.786	6.40026e+06
5.173	365.857	6.40026e+06
5.174	365.928	6.40026e+06
5.175	365.998	6.40026e+06
5.176	366.069	6.40026e+06
5.177	366.14	6.40026e+06
5.178	366.211	6.40026e+06
5.179	366.281	6.40026e+06
5.18	366.352	6.40026e+06
5.181	366.423	6.40026e+06
5.182	366.493	6.40026e+06
5.183	366.564	6.40026e+06
5.184	366.635	6.40026e+06
5.185	366.706	6.40026e+06
5.186	366.776	6.40026e+06
5.187	366.847	6.40026e+06
5.188	366.918	6.40026e+06
5.189	366.988	6.40026e+06
5.19	367.059	6.40026e+06
5.191	367.13	6.40026e+06
5.192	367.201	6.40026e+06
5.193	367.271	6.40026e+06
5.194	367.342	6.40026e+06
5.195	367.413	6.40026e+06
5.196	367.483	6.40026e+06
5.197	367.554	6.40026e+06
5.198	367.625	6.40026e+06
5.199	367.696	6.40026e+06
5.2	367.766	6.40026e+06
5.201	367.837	6.40026e+06
5.202	367.908	6.40026e+06
5.203	367.978	6.40026e+06
5.204	368.049	6.40026e+06
5.205	368.12	6.40026e+06
5.206	368.191	6.40026e+06
5.207	368.261	6.40026e+06
5.208	368.332	6.40026e+06
5.209	368.403	6.40026e+06
5.21	368.473	6.40026e+06
5.211	368.544	6.40026e+06
5.212	368.615	6.40026e+06
5.213	368.685	6.40026e+06
5.214	368.756	6.40026e+06
5.215	368.827	6.40026e+06
5.216	368.898	6.40026e+06
5.217	368.968	6.40026e+06
5.218	369.039	6.40026e+06
5.219	369.11	6.40026e+06
5.22	369.18	6.40026e+06
5.221	369.251	6.40026e+06
5.222	369.322	6.40026e+06
5.223	369.393	6.40026e+06
5.224	369.463	6.40026e+06
5.225	369.534	6.40026e+06
5.226	369.605	6.40026e+06
5.227	369.675	6.40026e+06
5.228	369.746	6.40026e+06
5.229	369.817	6.40026e+06
5.23	369.888	6.40026e+06
5.231	369.958	6.40026e+06
5.232	370.029	6.40026e+06
5.233	370.1	6.40026e+06
5.234	370.17	6.40026e+06
5.235	370.241	6.40026e+06
5.236	370.312	6.40026e+06
5.237	370.383	6.40026e+06
5.238	370.453	6.40026e+06
5.239	370.524	6.40026e+06
5.24	370.595	6.40026e+06
5.241	370.665	6.40026e+06
5.242	370.736	6.40026e+06
5.243	370.807	6.40026e+06
5.244	370.878	6.40026e+06
5.245	370.948	6.40026e+06
5.246	371.019	6.40026e+06
5.247	371.09	6.40026e+06
5.248	371.16	6.40026e+06
5.249	371.231	6.40026e+06
5.25	371.302	6.40026e+06
5.251	371.372	6.40026e+06
5.252	371.443	6.40026e+06
5.253	371.514	6.40026e+06
5.254	371.585	6.40026e+06
5.255	371.655	6.40026e+06
5.256	371.726	6.40026e+06
5.257	371.797	6.40026e+06
5.258	371.867	6.40026e+06
5.259	371.938	6.40026e+06
5.26	372.009	6.40026e+06
5.261	372.08	6.40026e+06
5.262	372.15	6.40027e+06
5.263	372.221	6.40027e+06
5.264	372.292	6.40027e+06
5.265	372.362	6.40027e+06
5.266	372.433	6.40027e+06
5.267	372.504	6.40027e+06
5.268	372.575	6.40027e+06
5.269	372.645	6.40027e+06
5.27	372.716	6.40027e+06
5.271	372.787	6.40027e+06
5.272	372.857	6.40027e+06
5.273	372.928	6.40027e+06
5.274	372.999	6.40027e+06
5.275	373.07	6.40027e+06
5.276	373.14	6.40027e+06
5.277	373.211	6.40027e+06
5.278	373.282	6.40027e+06
5.279	373.352	6.40027e+06
5.28	373.423	6.40027e+06
5.281	373.494	6.40027e+06
5.282	373.565	6.40027e+06
5.283	373.635	6.40027e+06
5.284	373.706	6.40027e+06
5.285	373.777	6.40027e+06
5.286	373.847	6.40027e+06
5.287	373.918	6.40027e+06
5.288	373.989	6.40027e+06
5.289	374.059	6.40027e+06
5.29	374.13	6.40027e+06
5.291	374.201	6.40027e+06
5.292	374.272	6.40027e+06
5.293	374.342	6.40027e+06
5.294	374.413	6.40027e+06
5.295	374.484	6.40027e+06
5.296	374.554	6.40027e+06
5.297	374.625	6.40027e+06
5.298	374.696	6.40027e+06
5.299	374.767	6.40027e+06
5.3	374.837	6.40027e+06
5.301	374.908	6.40027e+06
5.302	374.979	6.40027e+06
5.303	375.049	6.40027e+06
5.304	375.12	6.40027e+06
5.305	375.191	6.40027e+06
5.306	375.262	6.40027e+06
5.307	375.332	6.40027e+06
5.308	375.403	6.40027e+06
5.309	375.474	6.40027e+06
5.31	375.544	6.40027e+06
5.311	375.615	6.40027e+06
5.312	375.686	6.40027e+06
5.313	375.757	6.40027e+06
5.314	375.827	6.40027e+06
5.315	375.898	6.40027e+06
5.316	375.969	6.40027e+06
5.317	376.039	6.40027e+06
5.318	376.11	6.40027e+06
5.319	376.181	6.40027e+06
5.32	376.252	6.40027e+06
5.321	376.322	6.40027e+06
5.322	376.393	6.40027e+06
5.323	376.464	6.40027e+06
5.324	376.534	6.40027e+06
5.325	376.605	6.40027e+06
5.326	376.676	6.40027e+06
5.327	376.746	6.40027e+06
5.328	376.817	6.40027e+06
5.329	376.888	6.40027e+06
5.33	376.959	6.40027e+06
5.331	377.029	6.40027e+06
5.332	377.1	6.40027e+06
5.333	377.171	6.40027e+06
5.334	377.241	6.40027e+06
5.335	377.312	6.40027e+06
5.336	377.383	6.40027e+06
5.337	377.454	6.40027e+06
5.338	377.524	6.40027e+06
5.339	377.595	6.40027e+06
5.34	377.666	6.40027e+06
5.341	377.736	6.40027e+06
5.342	377.807	6.40027e+06
5.343	377.878	6.40027e+06
5.344	377.949	6.40027e+06
5.345	378.019	6.40027e+06
5.346	378.09	6.40027e+06
5.347	378.161	6.40027e+06
5.348	378.231	6.40027e+06
5.349	378.302	6.40027e+06
5.35	378.373	6.40027e+06
5.351	378.444	6.40027e+06
5.352	378.514	6.40027e+06
5.353	378.585	6.40027e+06
5.354	378.656	6.40027e+06
5.355	378.726	6.40027e+06
5.356	378.797	6.40027e+06
5.357	378.868	6.40027e+06
5.358	378.939	6.40027e+06
5.359	379.009	6.40027e+06
5.36	379.08	6.40027e+06
5.361	379.151	6.40027e+06
5.362	379.221	6.40027e+06
5.363	379.292	6.40027e+06
5.364	379.363	6.40027e+06
5.365	379.433	6.40027e+06
5.366	379.504	6.40027e+06
5.367	379.575	6.40027e+06
5.368	379.646	6.40027e+06
5.369	379.716	6.40027e+06
5.37	379.787	6.40027e+06
5.371	379.858	6.40027e+06
5.372	379.928	6.40027e+06
5.373	379.999	6.40027e+06
5.374	380.07	6.40027e+06
5.375	380.141	6.40027e+06
5.376	380.211	6.40027e+06
5.377	380.282	6.40027e+06
5.378	380.353	6.40027e+06
5.379	380.423	6.40027e+06
5.38	380.494	6.40027e+06
5.381	380.565	6.40027e+06
5.382	380.636	6.40027e+06
5.383	380.706	6.40027e+06
5.384	380.777	6.40027e+06
5.385	380.848	6.40027e+06
5.386	380.918	6.40027e+06
5.387	380.989	6.40027e+06
5.388	381.06	6.40027e+06
5.389	381.131	6.40027e+06
5.39	381.201	6.40027e+06
5.391	381.272	6.40027e+06
5.392	381.343	6.40027e+06
5.393	381.413	6.40027e+06
5.394	381.484	6.40027e+06
5.395	381.555	6.40027e+06
5.396	381.626	6.40027e+06
5.397	381.696	6.40027e+06
5.398	381.767	6.40027e+06
5.399	381.838	6.40027e+06
5.4	381.908	6.40027e+06
5.401	381.979	6.40027e+06
5.402	382.05	6.40027e+06
5.403	382.121	6.40027e+06
5.404	382.191	6.40027e+06
5.405	382.262	6.40027e+06
5.406	382.333	6.40027e+06
5.407	382.403	6.40027e+06
5.408	382.474	6.40027e+06
5.409	382.545	6.40027e+06
5.41	382.615	6.40027e+06
5.411	382.686	6.40027e+06
5.412	382.757	6.40027e+06
5.413	382.828	6.40027e+06
5.414	382.898	6.40027e+06
5.415	382.969	6.40027e+06
5.416	383.04	6.40027e+06
5.417	383.11	6.40027e+06
5.418	383.181	6.40027e+06
5.419	383.252	6.40027e+06
5.42	383.323	6.40027e+06
5.421	383.393	6.40027e+06
5.422	383.464	6.40027e+06
5.423	383.535	6.40027e+06
5.424	383.605	6.40027e+06
5.425	383.676	6.40027e+06
5.426	383.747	6.40027e+06
5.427	383.818	6.40027e+06
5.428	383.888	6.40027e+06
5.429	383.959	6.40027e+06
5.43	384.03	6.40027e+06
5.431	384.1	6.40027e+06
5.432	384.171	6.40027e+06
5.433	384.242	6.40027e+06
5.434	384.313	6.40027e+06
5.435	384.383	6.40027e+06
5.436	384.454	6.40027e+06
5.437	384.525	6.40027e+06
5.438	384.595	6.40027e+06
5.439	384.666	6.40027e+06
5.44	384.737	6.40027e+06
5.441	384.808	6.40027e+06
5.442	384.878	6.40027e+06
5.443	384.949	6.40027e+06
5.444	385.02	6.40027e+06
5.445	385.09	6.40027e+06
5.446	385.161	6.40027e+06
5.447	385.232	6.40027e+06
5.448	385.302	6.40027e+06
5.449	385.373	6.40027e+06
5.45	385.444	6.40027e+06
5.451	385.515	6.40027e+06
5.452	385.585	6.40027e+06
5.453	385.656	6.40027e+06
5.454	385.727	6.40027e+06
5.455	385.797	6.40027e+06
5.456	385.868	6.40027e+06
5.457	385.939	6.40027e+06
5.458	386.01	6.40027e+06
5.459	386.08	6.40027e+06
5.46	386.151	6.40027e+06
5.461	386.222	6.40027e+06
5.462	386.292	6.40027e+06
5.463	386.363	6.40027e+06
5.464	386.434	6.40027e+06
5.465	386.505	6.40027e+06
5.466	386.575	6.40027e+06
5.467	386.646	6.40027e+06
5.468	386.717	6.40027e+06
5.469	386.787	6.40027e+06
5.47	386.858	6.40027e+06
5.471	386.929	6.40027e+06
5.472	387	6.40027e+06
5.473	387.07	6.40027e+06
5.474	387.141	6.40027e+06
5.475	387.212	6.40027e+06
5.476	387.282	6.40027e+06
5.477	387.353	6.40027e+06
5.478	387.424	6.40027e+06
5.479	387.495	6.40027e+06
5.48	387.565	6.40027e+06
5.481	387.636	6.40027e+06
5.482	387.707	6.40027e+06
5.483	387.777	6.40027e+06
5.484	387.848	6.40027e+06
5.485	387.919	6.40027e+06
5.486	387.989	6.40027e+06
5.487	388.06	6.40027e+06
5.488	388.131	6.40027e+06
5.489	388.202	6.40027e+06
5.49	388.272	6.40027e+06
5.491	388.343	6.40027e+06
5.492	388.414	6.40027e+06
5.493	388.484	6.40027e+06
5.494	388.555	6.40027e+06
5.495	388.626	6.40027e+06
5.496	388.697	6.40027e+06
5.497	388.767	6.40027e+06
5.498	388.838	6.40027e+06
5.499	388.909	6.40027e+06
5.5	388.979	6.40027e+06
5.501	389.05	6.40027e+06
5.502	389.121	6.40027e+06
5.503	389.192	6.40027e+06
5.504	389.262	6.40027e+06
5.505	389.333	6.40027e+06
5.506	389.404	6.40027e+06
5.507	389.474	6.40027e+06
5.508	389.545	6.40027e+06
5.509	389.616	6.40027e+06
5.51	389.687	6.40027e+06
5.511	389.757	6.40027e+06
5.512	389.828	6.40027e+06
5.513	389.899	6.40027e+06
5.514	389.969	6.40027e+06
5.515	390.04	6.40027e+06
5.516	390.111	6.40027e+06
5.517	390.182	6.40027e+06
5.518	390.252	6.40027e+06
5.519	390.323	6.40027e+06
5.52	390.394	6.40027e+06
5.521	390.464	6.40027e+06
5.522	390.535	6.40027e+06
5.523	390.606	6.40027e+06
5.524	390.676	6.40027e+06
5.525	390.747	6.40027e+06
5.526	390.818	6.40027e+06
5.527	390.889	6.40027e+06
5.528	390.959	6.40027e+06
5.529	391.03	6.40027e+06
5.53	391.101	6.40027e+06
5.531	391.171	6.40027e+06
5.532	391.242	6.40027e+06
5.533	391.313	6.40027e+06
5.534	391.384	6.40027e+06
5.535	391.454	6.40027e+06
5.536	391.525	6.40027e+06
5.537	391.596	6.40027e+06
5.538	391.666	6.40027e+06
5.539	391.737	6.40027e+06
5.54	391.808	6.40027e+06
5.541	391.879	6.40027e+06
5.542	391.949	6.40027e+06
5.543	392.02	6.40027e+06
5.544	392.091	6.40027e+06
5.545	392.161	6.40027e+06
5.546	392.232	6.40027e+06
5.547	392.303	6.40027e+06
5.548	392.374	6.40027e+06
5.549	392.444	6.40027e+06
5.55	392.515	6.40027e+06
5.551	392.586	6.40027e+06
5.552	392.656	6.40027e+06
5.553	392.727	6.40027e+06
5.554	392.798	6.40027e+06
5.555	392.869	6.40027e+06
5.556	392.939	6.40027e+06
5.557	393.01	6.40027e+06
5.558	393.081	6.40027e+06
5.559	393.151	6.40027e+06
5.56	393.222	6.40027e+06
5.561	393.293	6.40027e+06
5.562	393.364	6.40027e+06
5.563	393.434	6.40027e+06
5.564	393.505	6.40027e+06
5.565	393.576	6.40027e+06
5.566	393.646	6.40027e+06
5.567	393.717	6.40027e+06
5.568	393.788	6.40027e+06
5.569	393.858	6.40027e+06
5.57	393.929	6.40027e+06
5.571	394	6.40027e+06
5.572	394.071	6.40027e+06
5.573	394.141	6.40027e+06
5.574	394.212	6.40027e+06
5.575	394.283	6.40027e+06
5.576	394.353	6.40027e+06
5.577	394.424	6.40027e+06
5.578	394.495	6.40027e+06
5.579	394.566	6.40027e+06
5.58	394.636	6.40027e+06
5.581	394.707	6.40027e+06
5.582	394.778	6.40027e+06
5.583	394.848	6.40027e+06
5.584	394.919	6.40027e+06
5.585	394.99	6.40027e+06
5.586	395.061	6.40027e+06
5.587	395.131	6.40027e+06
5.588	395.202	6.40027e+06
5.589	395.273	6.40027e+06
5.59	395.343	6.40027e+06
5.591	395.414	6.40027e+06
5.592	395.485	6.40027e+06
5.593	395.556	6.40027e+06
5.594	395.626	6.40027e+06
5.595	395.697	6.40027e+06
5.596	395.768	6.40027e+06
5.597	395.838	6.40027e+06
5.598	395.909	6.40027e+06
5.599	395.98	6.40027e+06
5.6	396.051	6.40027e+06
5.601	396.121	6.40027e+06
5.602	396.192	6.40027e+06
5.603	396.263	6.40027e+06
5.604	396.333	6.40027e+06
5.605	396.404	6.40027e+06
5.606	396.475	6.40027e+06
5.607	396.545	6.40027e+06
5.608	396.616	6.40028e+06
5.609	396.687	6.40028e+06
5.61	396.758	6.40028e+06
5.611	396.828	6.40028e+06
5.612	396.899	6.40028e+06
5.613	396.97	6.40028e+06
5.614	397.04	6.40028e+06
5.615	397.111	6.40028e+06
5.616	397.182	6.40028e+06
5.617	397.253	6.40028e+06
5.618	397.323	6.40028e+06
5.619	397.394	6.40028e+06
5.62	397.465	6.40028e+06
5.621	397.535	6.40028e+06
5.622	397.606	6.40028e+06
5.623	397.677	6.40028e+06
5.624	397.748	6.40028e+06
5.625	397.818	6.40028e+06
5.626	397.889	6.40028e+06
5.627	397.96	6.40028e+06
5.628	398.03	6.40028e+06
5.629	398.101	6.40028e+06
5.63	398.172	6.40028e+06
5.631	398.243	6.40028e+06
5.632	398.313	6.40028e+06
5.633	398.384	6.40028e+06
5.634	398.455	6.40028e+06
5.635	398.525	6.40028e+06
5.636	398.596	6.40028e+06
5.637	398.667	6.40028e+06
5.638	398.738	6.40028e+06
5.639	398.808	6.40028e+06
5.64	398.879	6.40028e+06
5.641	398.95	6.40028e+06
5.642	399.02	6.40028e+06
5.643	399.091	6.40028e+06
5.644	399.162	6.40028e+06
5.645	399.232	6.40028e+06
5.646	399.303	6.40028e+06
5.647	399.374	6.40028e+06
5.648	399.445	6.40028e+06
5.649	399.515	6.40028e+06
5.65	399.586	6.40028e+06
5.651	399.657	6.40028e+06
5.652	399.727	6.40028e+06
5.653	399.798	6.40028e+06
5.654	399.869	6.40028e+06
5.655	399.94	6.40028e+06
5.656	400.01	6.40028e+06
5.657	400.081	6.40028e+06
5.658	400.152	6.40028e+06
5.659	400.222	6.40028e+06
5.66	400.293	6.40028e+06
5.661	400.364	6.40028e+06
5.662	400.435	6.40028e+06
5.663	400.505	6.40028e+06
5.664	400.576	6.40028e+06
5.665	400.647	6.40028e+06
5.666	400.717	6.40028e+06
5.667	400.788	6.40028e+06
5.668	400.859	6.40028e+06
5.669	400.93	6.40028e+06
5.67	401	6.40028e+06
5.671	401.071	6.40028e+06
5.672	401.142	6.40028e+06
5.673	401.212	6.40028e+06
5.674	401.283	6.40028e+06
5.675	401.354	6.40028e+06
5.676	401.425	6.40028e+06
5.677	401.495	6.40028e+06
5.678	401.566	6.40028e+06
5.679	401.637	6.40028e+06
5.68	401.707	6.40028e+06
5.681	401.778	6.40028e+06
5.682	401.849	6.40028e+06
5.683	401.919	6.40028e+06
5.684	401.99	6.40028e+06
5.685	402.061	6.40028e+06
5.686	402.132	6.40028e+06
5.687	402.202	6.40028e+06
5.688	402.273	6.40028e+06
5.689	402.344	6.40028e+06
5.69	402.414	6.40028e+06
5.691	402.485	6.40028e+06
5.692	402.556	6.40028e+06
5.693	402.627	6.40028e+06
5.694	402.697	6.40028e+06
5.695	402.768	6.40028e+06
5.696	402.839	6.40028e+06
5.697	402.909	6.40028e+06
5.698	402.98	6.40028e+06
5.699	403.051	6.40028e+06
5.7	403.122	6.40028e+06
5.701	403.192	6.40028e+06
5.702	403.263	6.40028e+06
5.703	403.334	6.40028e+06
5.704	403.404	6.40028e+06
5.705	403.475	6.40028e+06
5.706	403.546	6.40028e+06
5.707	403.617	6.40028e+06
5.708	403.687	6.40028e+06
5.709	403.758	6.40028e+06
5.71	403.829	6.40028e+06
5.711	403.899	6.40028e+06
5.712	403.97	6.40028e+06
5.713	404.041	6.40028e+06
5.714	404.112	6.40028e+06
5.715	404.182	6.40028e+06
5.716	404.253	6.40028e+06
5.717	404.324	6.40028e+06
5.718	404.394	6.40028e+06
5.719	404.465	6.40028e+06
5.72	404.536	6.40028e+06
5.721	404.607	6.40028e+06
5.722	404.677	6.40028e+06
5.723	404.748	6.40028e+06
5.724	404.819	6.40028e+06
5.725	404.889	6.40028e+06
5.726	404.96	6.40028e+06
5.727	405.031	6.40028e+06
5.728	405.101	6.40028e+06
5.729	405.172	6.40028e+06
5.73	405.243	6.40028e+06
5.731	405.314	6.40028e+06
5.732	405.384	6.40028e+06
5.733	405.455	6.40028e+06
5.734	405.526	6.40028e+06
5.735	405.596	6.40028e+06
5.736	405.667	6.40028e+06
5.737	405.738	6.40028e+06
5.738	405.809	6.40028e+06
5.739	405.879	6.40028e+06
5.74	405.95	6.40028e+06
5.741	406.021	6.40028e+06
5.742	406.091	6.40028e+06
5.743	406.162	6.40028e+06
5.744	406.233	6.40028e+06
5.745	406.304	6.40028e+06
5.746	406.374	6.40028e+06
5.747	406.445	6.40028e+06
5.748	406.516	6.40028e+06
5.749	406.586	6.40028e+06
5.75	406.657	6.40028e+06
5.751	406.728	6.40028e+06
5.752	406.799	6.40028e+06
5.753	406.869	6.40028e+06
5.754	406.94	6.40028e+06
5.755	407.011	6.40028e+06
5.756	407.081	6.40028e+06
5.757	407.152	6.40028e+06
5.758	407.223	6.40028e+06
5.759	407.294	6.40028e+06
5.76	407.364	6.40028e+06
5.761	407.435	6.40028e+06
5.762	407.506	6.40028e+06
5.763	407.576	6.40028e+06
5.764	407.647	6.40028e+06
5.765	407.718	6.40028e+06
5.766	407.788	6.40028e+06
5.767	407.859	6.40028e+06
5.768	407.93	6.40028e+06
5.769	408.001	6.40028e+06
5.77	408.071	6.40028e+06
5.771	408.142	6.40028e+06
5.772	408.213	6.40028e+06
5.773	408.283	6.40028e+06
5.774	408.354	6.40028e+06
5.775	408.425	6.40028e+06
5.776	408.496	6.40028e+06
5.777	408.566	6.40028e+06
5.778	408.637	6.40028e+06
5.779	408.708	6.40028e+06
5.78	408.778	6.40028e+06
5.781	408.849	6.40028e+06
5.782	408.92	6.40028e+06
5.783	408.991	6.40028e+06
5.784	409.061	6.40028e+06
5.785	409.132	6.40028e+06
5.786	409.203	6.40028e+06
5.787	409.273	6.40028e+06
5.788	409.344	6.40028e+06
5.789	409.415	6.40028e+06
5.79	409.486	6.40028e+06
5.791	409.556	6.40028e+06
5.792	409.627	6.40028e+06
5.793	409.698	6.40028e+06
5.794	409.768	6.40028e+06
5.795	409.839	6.40028e+06
5.796	409.91	6.40028e+06
5.797	409.981	6.40028e+06
5.798	410.051	6.40028e+06
5.799	410.122	6.40028e+06
5.8	410.193	6.40028e+06
5.801	410.263	6.40028e+06
5.802	410.334	6.40028e+06
5.803	410.405	6.40028e+06
5.804	410.475	6.40028e+06
5.805	410.546	6.40028e+06
5.806	410.617	6.40028e+06
5.807	410.688	6.40028e+06
5.808	410.758	6.40028e+06
5.809	410.829	6.40028e+06
5.81	410.9	6.40028e+06
5.811	410.97	6.40028e+06
5.812	411.041	6.40028e+06
5.813	411.112	6.40028e+06
5.814	411.183	6.40028e+06
5.815	411.253	6.40028e+06
5.816	411.324	6.40028e+06
5.817	411.395	6.40028e+06
5.818	411.465	6.40028e+06
5.819	411.536	6.40028e+06
5.82	411.607	6.40028e+06
5.821	411.678	6.40028e+06
5.822	411.748	6.40028e+06
5.823	411.819	6.40028e+06
5.824	411.89	6.40028e+06
5.825	411.96	6.40028e+06
5.826	412.031	6.40028e+06
5.827	412.102	6.40028e+06
5.828	412.173	6.40028e+06
5.829	412.243	6.40028e+06
5.83	412.314	6.40028e+06
5.831	412.385	6.40028e+06
5.832	412.455	6.40028e+06
5.833	412.526	6.40028e+06
5.834	412.597	6.40028e+06
5.835	412.668	6.40028e+06
5.836	412.738	6.40028e+06
5.837	412.809	6.40028e+06
5.838	412.88	6.40028e+06
5.839	412.95	6.40028e+06
5.84	413.021	6.40028e+06
5.841	413.092	6.40028e+06
5.842	413.162	6.40028e+06
5.843	413.233	6.40028e+06
5.844	413.304	6.40028e+06
5.845	413.375	6.40028e+06
5.846	413.445	6.40028e+06
5.847	413.516	6.40028e+06
5.848	413.587	6.40028e+06
5.849	413.657	6.40028e+06
5.85	413.728	6.40028e+06
5.851	413.799	6.40028e+06
5.852	413.87	6.40028e+06
5.853	413.94	6.40028e+06
5.854	414.011	6.40028e+06
5.855	414.082	6.40028e+06
5.856	414.152	6.40028e+06
5.857	414.223	6.40028e+06
5.858	414.294	6.40028e+06
5.859	414.365	6.40028e+06
5.86	414.435	6.40028e+06
5.861	414.506	6.40028e+06
5.862	414.577	6.40028e+06
5.863	414.647	6.40028e+06
5.864	414.718	6.40028e+06
5.865	414.789	6.40028e+06
5.866	414.86	6.40028e+06
5.867	414.93	6.40028e+06
5.868	415.001	6.40028e+06
5.869	415.072	6.40028e+06
5.87	415.142	6.40028e+06
5.871	415.213	6.40028e+06
5.872	415.284	6.40028e+06
5.873	415.355	6.40028e+06
5.874	415.425	6.40028e+06
5.875	415.496	6.40028e+06
5.876	415.567	6.40028e+06
5.877	415.637	6.40028e+06
5.878	415.708	6.40028e+06
5.879	415.779	6.40028e+06
5.88	415.849	6.40028e+06
5.881	415.92	6.40028e+06
5.882	415.991	6.40028e+06
5.883	416.062	6.40028e+06
5.884	416.132	6.40028e+06
5.885	416.203	6.40028e+06
5.886	416.274	6.40028e+06
5.887	416.344	6.40028e+06
5.888	416.415	6.40028e+06
5.889	416.486	6.40028e+06
5.89	416.557	6.40028e+06
5.891	416.627	6.40028e+06
5.892	416.698	6.40028e+06
5.893	416.769	6.40028e+06
5.894	416.839	6.40028e+06
5.895	416.91	6.40028e+06
5.896	416.981	6.40028e+06
5.897	417.052	6.40028e+06
5.898	417.122	6.40028e+06
5.899	417.193	6.40028e+06
5.9	417.264	6.40028e+06
5.901	417.334	6.40028e+06
5.902	417.405	6.40028e+06
5.903	417.476	6.40028e+06
5.904	417.547	6.40028e+06
5.905	417.617	6.40028e+06
5.906	417.688	6.40028e+06
5.907	417.759	6.40028e+06
5.908	417.829	6.40028e+06
5.909	417.9	6.40028e+06
5.91	417.971	6.40028e+06
5.911	418.042	6.40028e+06
5.912	418.112	6.40028e+06
5.913	418.183	6.40028e+06
5.914	418.254	6.40028e+06
5.915	418.324	6.40028e+06
5.916	418.395	6.40028e+06
5.917	418.466	6.40028e+06
5.918	418.537	6.40028e+06
5.919	418.607	6.40028e+06
5.92	418.678	6.40028e+06
5.921	418.749	6.40028e+06
5.922	418.819	6.40028e+06
5.923	418.89	6.40028e+06
5.924	418.961	6.40028e+06
5.925	419.031	6.40028e+06
5.926	419.102	6.40028e+06
5.927	419.173	6.40028e+06
5.928	419.244	6.40028e+06
5.929	419.314	6.40028e+06
5.93	419.385	6.40028e+06
5.931	419.456	6.40028e+06
5.932	419.526	6.40028e+06
5.933	419.597	6.40028e+06
5.934	419.668	6.40028e+06
5.935	419.739	6.40028e+06
5.936	419.809	6.40028e+06
5.937	419.88	6.40028e+06
5.938	419.951	6.40028e+06
5.939	420.021	6.40028e+06
5.94	420.092	6.40028e+06
5.941	420.163	6.40028e+06
5.942	420.234	6.40028e+06
5.943	420.304	6.40028e+06
5.944	420.375	6.40028e+06
5.945	420.446	6.40028e+06
5.946	420.516	6.40028e+06
5.947	420.587	6.40028e+06
5.948	420.658	6.40028e+06
5.949	420.729	6.40028e+06
5.95	420.799	6.40028e+06
5.951	420.87	6.40028e+06
5.952	420.941	6.40028e+06
5.953	421.011	6.40028e+06
5.954	421.082	6.40028e+06
5.955	421.153	6.40028e+06
5.956	421.224	6.40028e+06
5.957	421.294	6.40028e+06
5.958	421.365	6.40028e+06
5.959	421.436	6.40028e+06
5.96	421.506	6.40028e+06
5.961	421.577	6.40028e+06
5.962	421.648	6.40028e+06
5.963	421.718	6.40028e+06
5.964	421.789	6.40028e+06
5.965	421.86	6.40028e+06
5.966	421.931	6.40028e+06
5.967	422.001	6.40028e+06
5.968	422.072	6.40028e+06
5.969	422.143	6.40028e+06
5.97	422.213	6.40028e+06
5.971	422.284	6.40028e+06
5.972	422.355	6.40028e+06
5.973	422.426	6.40028e+06
5.974	422.496	6.40028e+06
5.975	422.567	6.40028e+06
5.976	422.638	6.40028e+06
5.977	422.708	6.40028e+06
5.978	422.779	6.40028e+06
5.979	422.85	6.40028e+06
5.98	422.921	6.40028e+06
5.981	422.991	6.40028e+06
5.982	423.062	6.40028e+06
5.983	423.133	6.40028e+06
5.984	423.203	6.40028e+06
5.985	423.274	6.40028e+06
5.986	423.345	6.40028e+06
5.987	423.416	6.40028e+06
5.988	423.486	6.40028e+06
5.989	423.557	6.40028e+06
5.99	423.628	6.40029e+06
5.991	423.698	6.40029e+06
5.992	423.769	6.40029e+06
5.993	423.84	6.40029e+06
5.994	423.911	6.40029e+06
5.995	423.981	6.40029e+06
5.996	424.052	6.40029e+06
5.997	424.123	6.40029e+06
5.998	424.193	6.40029e+06
5.999	424.264	6.40029e+06
6	424.335	6.40029e+06
6.001	424.405	6.40029e+06
6.002	424.476	6.40029e+06
6.003	424.547	6.40029e+06
6.004	424.618	6.40029e+06
6.005	424.688	6.40029e+06
6.006	424.759	6.40029e+06
6.007	424.83	6.40029e+06
6.008	424.9	6.40029e+06
6.009	424.971	6.40029e+06
6.01	425.042	6.40029e+06
6.011	425.113	6.40029e+06
6.012	425.183	6.40029e+06
6.013	425.254	6.40029e+06
6.014	425.325	6.40029e+06
6.015	425.395	6.40029e+06
6.016	425.466	6.40029e+06
6.017	425.537	6.40029e+06
6.018	425.608	6.40029e+06
6.019	425.678	6.40029e+06
6.02	425.749	6.40029e+06
6.021	425.82	6.40029e+06
6.022	425.89	6.40029e+06
6.023	425.961	6.40029e+06
6.024	426.032	6.40029e+06
6.025	426.103	6.40029e+06
6.026	426.173	6.40029e+06
6.027	426.244	6.40029e+06
6.028	426.315	6.40029e+06
6.029	426.385	6.40029e+06
6.03	426.456	6.40029e+06
6.031	426.527	6.40029e+06
6.032	426.598	6.40029e+06
6.033	426.668	6.40029e+06
6.034	426.739	6.40029e+06
6.035	426.81	6.40029e+06
6.036	426.88	6.40029e+06
6.037	426.951	6.40029e+06
6.038	427.022	6.40029e+06
6.039	427.092	6.40029e+06
6.04	427.163	6.40029e+06
6.041	427.234	6.40029e+06
6.042	427.305	6.40029e+06
6.043	427.375	6.40029e+06
6.044	427.446	6.40029e+06
6.045	427.517	6.40029e+06
6.046	427.587	6.40029e+06
6.047	427.658	6.40029e+06
6.048	427.729	6.40029e+06
6.049	427.8	6.40029e+06
6.05	427.87	6.40029e+06
6.051	427.941	6.40029e+06
6.052	428.012	6.40029e+06
6.053	428.082	6.40029e+06
6.054	428.153	6.40029e+06
6.055	428.224	6.40029e+06
6.056	428.295	6.40029e+06
6.057	428.365	6.40029e+06
6.058	428.436	6.40029e+06
6.059	428.507	6.40029e+06
6.06	428.577	6.40029e+06
6.061	428.648	6.40029e+06
6.062	428.719	6.40029e+06
6.063	428.79	6.40029e+06
6.064	428.86	6.40029e+06
6.065	428.931	6.40029e+06
6.066	429.002	6.40029e+06
6.067	429.072	6.40029e+06
6.068	429.143	6.40029e+06
6.069	429.214	6.40029e+06
6.07	429.285	6.40029e+06
6.071	429.355	6.40029e+06
6.072	429.426	6.40029e+06
6.073	429.497	6.40029e+06
6.074	429.567	6.40029e+06
6.075	429.638	6.40029e+06
6.076	429.709	6.40029e+06
6.077	429.78	6.40029e+06
6.078	429.85	6.40029e+06
6.079	429.921	6.40029e+06
6.08	429.992	6.40029e+06
6.081	430.062	6.40029e+06
6.082	430.133	6.40029e+06
6.083	430.204	6.40029e+06
6.084	430.274	6.40029e+06
6.085	430.345	6.40029e+06
6.086	430.416	6.40029e+06
6.087	430.487	6.40029e+06
6.088	430.557	6.40029e+06
6.089	430.628	6.40029e+06
6.09	430.699	6.40029e+06
6.091	430.769	6.40029e+06
6.092	430.84	6.40029e+06
6.093	430.911	6.40029e+06
6.094	430.982	6.40029e+06
6.095	431.052	6.40029e+06
6.096	431.123	6.40029e+06
6.097	431.194	6.40029e+06
6.098	431.264	6.40029e+06
6.099	431.335	6.40029e+06
6.1	431.406	6.40029e+06
6.101	431.477	6.40029e+06
6.102	431.547	6.40029e+06
6.103	431.618	6.40029e+06
6.104	431.689	6.40029e+06
6.105	431.759	6.40029e+06
6.106	431.83	6.40029e+06
6.107	431.901	6.40029e+06
6.108	431.972	6.40029e+06
6.109	432.042	6.40029e+06
6.11	432.113	6.40029e+06
6.111	432.184	6.40029e+06
6.112	432.254	6.40029e+06
6.113	432.325	6.40029e+06
6.114	432.396	6.40029e+06
6.115	432.467	6.40029e+06
6.116	432.537	6.40029e+06
6.117	432.608	6.40029e+06
6.118	432.679	6.40029e+06
6.119	432.749	6.40029e+06
6.12	432.82	6.40029e+06
6.121	432.891	6.40029e+06
6.122	432.961	6.40029e+06
6.123	433.032	6.40029e+06
6.124	433.103	6.40029e+06
6.125	433.174	6.40029e+06
6.126	433.244	6.40029e+06
6.127	433.315	6.40029e+06
6.128	433.386	6.40029e+06
6.129	433.456	6.40029e+06
6.13	433.527	6.40029e+06
6.131	433.598	6.40029e+06
6.132	433.669	6.40029e+06
6.133	433.739	6.40029e+06
6.134	433.81	6.40029e+06
6.135	433.881	6.40029e+06
6.136	433.951	6.40029e+06
6.137	434.022	6.40029e+06
6.138	434.093	6.40029e+06
6.139	434.164	6.40029e+06
6.14	434.234	6.40029e+06
6.141	434.305	6.40029e+06
6.142	434.376	6.40029e+06
6.143	434.446	6.40029e+06
6.144	434.517	6.40029e+06
6.145	434.588	6.40029e+06
6.146	434.659	6.40029e+06
6.147	434.729	6.40029e+06
6.148	434.8	6.40029e+06
6.149	434.871	6.40029e+06
6.15	434.941	6.40029e+06
6.151	435.012	6.40029e+06
6.152	435.083	6.40029e+06
6.153	435.154	6.40029e+06
6.154	435.224	6.40029e+06
6.155	435.295	6.40029e+06
6.156	435.366	6.40029e+06
6.157	435.436	6.40029e+06
6.158	435.507	6.40029e+06
6.159	435.578	6.40029e+06
6.16	435.648	6.40029e+06
6.161	435.719	6.40029e+06
6.162	435.79	6.40029e+06
6.163	435.861	6.40029e+06
6.164	435.931	6.40029e+06
6.165	436.002	6.40029e+06
6.166	436.073	6.40029e+06
6.167	436.143	6.40029e+06
6.168	436.214	6.40029e+06
6.169	436.285	6.40029e+06
6.17	436.356	6.40029e+06
6.171	436.426	6.40029e+06
6.172	436.497	6.40029e+06
6.173	436.568	6.40029e+06
6.174	436.638	6.40029e+06
6.175	436.709	6.40029e+06
6.176	436.78	6.40029e+06
6.177	436.851	6.40029e+06
6.178	436.921	6.40029e+06
6.179	436.992	6.40029e+06
6.18	437.063	6.40029e+06
6.181	437.133	6.40029e+06
6.182	437.204	6.40029e+06
6.183	437.275	6.40029e+06
6.184	437.346	6.40029e+06
6.185	437.416	6.40029e+06
6.186	437.487	6.40029e+06
6.187	437.558	6.40029e+06
6.188	437.628	6.40029e+06
6.189	437.699	6.40029e+06
6.19	437.77	6.40029e+06
6.191	437.841	6.40029e+06
6.192	437.911	6.40029e+06
6.193	437.982	6.40029e+06
6.194	438.053	6.40029e+06
6.195	438.123	6.40029e+06
6.196	438.194	6.40029e+06
6.197	438.265	6.40029e+06
6.198	438.335	6.40029e+06
6.199	438.406	6.40029e+06
6.2	438.477	6.40029e+06
6.201	438.548	6.40029e+06
6.202	438.618	6.40029e+06
6.203	438.689	6.40029e+06
6.204	438.76	6.40029e+06
6.205	438.83	6.40029e+06
6.206	438.901	6.40029e+06
6.207	438.972	6.40029e+06
6.208	439.043	6.40029e+06
6.209	439.113	6.40029e+06
6.21	439.184	6.40029e+06
6.211	439.255	6.40029e+06
6.212	439.325	6.40029e+06
6.213	439.396	6.40029e+06
6.214	439.467	6.40029e+06
6.215	439.538	6.40029e+06
6.216	439.608	6.40029e+06
6.217	439.679	6.40029e+06
6.218	439.75	6.40029e+06
6.219	439.82	6.40029e+06
6.22	439.891	6.40029e+06
6.221	439.962	6.40029e+06
6.222	440.033	6.40029e+06
6.223	440.103	6.40029e+06
6.224	440.174	6.40029e+06
6.225	440.245	6.40029e+06
6.226	440.315	6.40029e+06
6.227	440.386	6.40029e+06
6.228	440.457	6.40029e+06
6.229	440.528	6.40029e+06
6.23	440.598	6.40029e+06
6.231	440.669	6.40029e+06
6.232	440.74	6.40029e+06
6.233	440.81	6.40029e+06
6.234	440.881	6.40029e+06
6.235	440.952	6.40029e+06
6.236	441.022	6.40029e+06
6.237	441.093	6.40029e+06
6.238	441.164	6.40029e+06
6.239	441.235	6.40029e+06
6.24	441.305	6.40029e+06
6.241	441.376	6.40029e+06
6.242	441.447	6.40029e+06
6.243	441.517	6.40029e+06
6.244	441.588	6.40029e+06
6.245	441.659	6.40029e+06
6.246	441.73	6.40029e+06
6.247	441.8	6.40029e+06
6.248	441.871	6.40029e+06
6.249	441.942	6.40029e+06
6.25	442.012	6.40029e+06
6.251	442.083	6.40029e+06
6.252	442.154	6.40029e+06
6.253	442.225	6.40029e+06
6.254	442.295	6.40029e+06
6.255	442.366	6.40029e+06
6.256	442.437	6.40029e+06
6.257	442.507	6.40029e+06
6.258	442.578	6.40029e+06
6.259	442.649	6.40029e+06
6.26	442.72	6.40029e+06
6.261	442.79	6.40029e+06
6.262	442.861	6.40029e+06
6.263	442.932	6.40029e+06
6.264	443.002	6.40029e+06
6.265	443.073	6.40029e+06
6.266	443.144	6.40029e+06
6.267	443.215	6.40029e+06
6.268	443.285	6.40029e+06
6.269	443.356	6.40029e+06
6.27	443.427	6.40029e+06
6.271	443.497	6.40029e+06
6.272	443.568	6.40029e+06
6.273	443.639	6.40029e+06
6.274	443.71	6.40029e+06
6.275	443.78	6.40029e+06
6.276	443.851	6.40029e+06
6.277	443.922	6.40029e+06
6.278	443.992	6.40029e+06
6.279	444.063	6.40029e+06
6.28	444.134	6.40029e+06
6.281	444.204	6.40029e+06
6.282	444.275	6.40029e+06
6.283	444.346	6.40029e+06
6.284	444.417	6.40029e+06
6.285	444.487	6.40029e+06
6.286	444.558	6.40029e+06
6.287	444.629	6.40029e+06
6.288	444.699	6.40029e+06
6.289	444.77	6.40029e+06
6.29	444.841	6.40029e+06
6.291	444.912	6.40029e+06
6.292	444.982	6.40029e+06
6.293	445.053	6.40029e+06
6.294	445.124	6.40029e+06
6.295	445.194	6.40029e+06
6.296	445.265	6.40029e+06
6.297	445.336	6.40029e+06
6.298	445.407	6.40029e+06
6.299	445.477	6.40029e+06
6.3	445.548	6.40029e+06
6.301	445.619	6.40029e+06
6.302	445.689	6.40029e+06
6.303	445.76	6.40029e+06
6.304	445.831	6.40029e+06
6.305	445.902	6.40029e+06
6.306	445.972	6.40029e+06
6.307	446.043	6.40029e+06
6.308	446.114	6.40029e+06
6.309	446.184	6.40029e+06
6.31	446.255	6.40029e+06
6.311	446.326	6.40029e+06
6.312	446.397	6.40029e+06
6.313	446.467	6.40029e+06
6.314	446.538	6.40029e+06
6.315	446.609	6.40029e+06
6.316	446.679	6.40029e+06
6.317	446.75	6.40029e+06
6.318	446.821	6.40029e+06
6.319	446.891	6.40029e+06
6.32	446.962	6.40029e+06
6.321	447.033	6.40029e+06
6.322	447.104	6.40029e+06
6.323	447.174	6.40029e+06
6.324	447.245	6.40029e+06
6.325	447.316	6.40029e+06
6.326	447.386	6.40029e+06
6.327	447.457	6.40029e+06
6.328	447.528	6.40029e+06
6.329	447.599	6.40029e+06
6.33	447.669	6.40029e+06
6.331	447.74	6.40029e+06
6.332	447.811	6.40029e+06
6.333	447.881	6.40029e+06
6.334	447.952	6.40029e+06
6.335	448.023	6.40029e+06
6.336	448.094	6.40029e+06
6.337	448.164	6.40029e+06
6.338	448.235	6.40029e+06
6.339	448.306	6.40029e+06
6.34	448.376	6.40029e+06
6.341	448.447	6.40029e+06
6.342	448.518	6.40029e+06
6.343	448.589	6.40029e+06
6.344	448.659	6.40029e+06
6.345	448.73	6.40029e+06
6.346	448.801	6.40029e+06
6.347	448.871	6.40029e+06
6.348	448.942	6.40029e+06
6.349	449.013	6.40029e+06
6.35	449.084	6.40029e+06
6.351	449.154	6.40029e+06
6.352	449.225	6.40029e+06
6.353	449.296	6.40029e+06
6.354	449.366	6.40029e+06
6.355	449.437	6.40029e+06
6.356	449.508	6.40029e+06
6.357	449.578	6.40029e+06
6.358	449.649	6.40029e+06
6.359	449.72	6.40029e+06
6.36	449.791	6.40029e+06
6.361	449.861	6.40029e+06
6.362	449.932	6.40029e+06
6.363	450.003	6.40029e+06
6.364	450.073	6.40029e+06
6.365	450.144	6.40029e+06
6.366	450.215	6.40029e+06
6.367	450.286	6.40029e+06
6.368	450.356	6.40029e+06
6.369	450.427	6.40029e+06
6.37	450.498	6.40029e+06
6.371	450.568	6.40029e+06
6.372	450.639	6.40029e+06
6.373	450.71	6.40029e+06
6.374	450.781	6.40029e+06
6.375	450.851	6.40029e+06
6.376	450.922	6.40029e+06
6.377	450.993	6.40029e+06
6.378	451.063	6.40029e+06
6.379	451.134	6.40029e+06
6.38	451.205	6.40029e+06
6.381	451.276	6.40029e+06
6.382	451.346	6.40029e+06
6.383	451.417	6.40029e+06
6.384	451.488	6.40029e+06
6.385	451.558	6.40029e+06
6.386	451.629	6.40029e+06
6.387	451.7	6.40029e+06
6.388	451.771	6.40029e+06
6.389	451.841	6.40029e+06
6.39	451.912	6.40029e+06
6.391	451.983	6.40029e+06
6.392	452.053	6.40029e+06
6.393	452.124	6.40029e+06
6.394	452.195	6.40029e+06
6.395	452.265	6.40029e+06
6.396	452.336	6.40029e+06
6.397	452.407	6.40029e+06
6.398	452.478	6.40029e+06
6.399	452.548	6.40029e+06
6.4	452.619	6.40029e+06
6.401	452.69	6.40029e+06
6.402	452.76	6.40029e+06
6.403	452.831	6.40029e+06
6.404	452.902	6.40029e+06
6.405	452.973	6.40029e+06
6.406	453.043	6.40029e+06
6.407	453.114	6.40029e+06
6.408	453.185	6.40029e+06
6.409	453.255	6.40029e+06
6.41	453.326	6.40029e+06
6.411	453.397	6.40029e+06
6.412	453.468	6.40029e+06
6.413	453.538	6.40029e+06
6.414	453.609	6.40029e+06
6.415	453.68	6.40029e+06
6.416	453.75	6.40029e+06
6.417	453.821	6.40029e+06
6.418	453.892	6.40029e+06
6.419	453.963	6.40029e+06
6.42	454.033	6.40029e+06
6.421	454.104	6.40029e+06
6.422	454.175	6.40029e+06
6.423	454.245	6.40029e+06
6.424	454.316	6.4003e+06
6.425	454.387	6.4003e+06
6.426	454.458	6.4003e+06
6.427	454.528	6.4003e+06
6.428	454.599	6.4003e+06
6.429	454.67	6.4003e+06
6.43	454.74	6.4003e+06
6.431	454.811	6.4003e+06
6.432	454.882	6.4003e+06
6.433	454.953	6.4003e+06
6.434	455.023	6.4003e+06
6.435	455.094	6.4003e+06
6.436	455.165	6.4003e+06
6.437	455.235	6.4003e+06
6.438	455.306	6.4003e+06
6.439	455.377	6.4003e+06
6.44	455.447	6.4003e+06
6.441	455.518	6.4003e+06
6.442	455.589	6.4003e+06
6.443	455.66	6.4003e+06
6.444	455.73	6.4003e+06
6.445	455.801	6.4003e+06
6.446	455.872	6.4003e+06
6.447	455.942	6.4003e+06
6.448	456.013	6.4003e+06
6.449	456.084	6.4003e+06
6.45	456.155	6.4003e+06
6.451	456.225	6.4003e+06
6.452	456.296	6.4003e+06
6.453	456.367	6.4003e+06
6.454	456.437	6.4003e+06
6.455	456.508	6.4003e+06
6.456	456.579	6.4003e+06
6.457	456.65	6.4003e+06
6.458	456.72	6.4003e+06
6.459	456.791	6.4003e+06
6.46	456.862	6.4003e+06
6.461	456.932	6.4003e+06
6.462	457.003	6.4003e+06
6.463	457.074	6.4003e+06
6.464	457.145	6.4003e+06
6.465	457.215	6.4003e+06
6.466	457.286	6.4003e+06
6.467	457.357	6.4003e+06
6.468	457.427	6.4003e+06
6.469	457.498	6.4003e+06
6.47	457.569	6.4003e+06
6.471	457.64	6.4003e+06
6.472	457.71	6.4003e+06
6.473	457.781	6.4003e+06
6.474	457.852	6.4003e+06
6.475	457.922	6.4003e+06
6.476	457.993	6.4003e+06
6.477	458.064	6.4003e+06
6.478	458.134	6.4003e+06
6.479	458.205	6.4003e+06
6.48	458.276	6.4003e+06
6.481	458.347	6.4003e+06
6.482	458.417	6.4003e+06
6.483	458.488	6.4003e+06
6.484	458.559	6.4003e+06
6.485	458.629	6.4003e+06
6.486	458.7	6.4003e+06
6.487	458.771	6.4003e+06
6.488	458.842	6.4003e+06
6.489	458.912	6.4003e+06
6.49	458.983	6.4003e+06
6.491	459.054	6.4003e+06
6.492	459.124	6.4003e+06
6.493	459.195	6.4003e+06
6.494	459.266	6.4003e+06
6.495	459.337	6.4003e+06
6.496	459.407	6.4003e+06
6.497	459.478	6.4003e+06
6.498	459.549	6.4003e+06
6.499	459.619	6.4003e+06
6.5	459.69	6.4003e+06
6.501	459.761	6.4003e+06
6.502	459.832	6.4003e+06
6.503	459.902	6.4003e+06
6.504	459.973	6.4003e+06
6.505	460.044	6.4003e+06
6.506	460.114	6.4003e+06
6.507	460.185	6.4003e+06
6.508	460.256	6.4003e+06
6.509	460.327	6.4003e+06
6.51	460.397	6.4003e+06
6.511	460.468	6.4003e+06
6.512	460.539	6.4003e+06
6.513	460.609	6.4003e+06
6.514	460.68	6.4003e+06
6.515	460.751	6.4003e+06
6.516	460.821	6.4003e+06
6.517	460.892	6.4003e+06
6.518	460.963	6.4003e+06
6.519	461.034	6.4003e+06
6.52	461.104	6.4003e+06
6.521	461.175	6.4003e+06
6.522	461.246	6.4003e+06
6.523	461.316	6.4003e+06
6.524	461.387	6.4003e+06
6.525	461.458	6.4003e+06
6.526	461.529	6.4003e+06
6.527	461.599	6.4003e+06
6.528	461.67	6.4003e+06
6.529	461.741	6.4003e+06
6.53	461.811	6.4003e+06
6.531	461.882	6.4003e+06
6.532	461.953	6.4003e+06
6.533	462.024	6.4003e+06
6.534	462.094	6.4003e+06
6.535	462.165	6.4003e+06
6.536	462.236	6.4003e+06
6.537	462.306	6.4003e+06
6.538	462.377	6.4003e+06
6.539	462.448	6.4003e+06
6.54	462.519	6.4003e+06
6.541	462.589	6.4003e+06
6.542	462.66	6.4003e+06
6.543	462.731	6.4003e+06
6.544	462.801	6.4003e+06
6.545	462.872	6.4003e+06
6.546	462.943	6.4003e+06
6.547	463.014	6.4003e+06
6.548	463.084	6.4003e+06
6.549	463.155	6.4003e+06
6.55	463.226	6.4003e+06
6.551	463.296	6.4003e+06
6.552	463.367	6.4003e+06
6.553	463.438	6.4003e+06
6.554	463.508	6.4003e+06
6.555	463.579	6.4003e+06
6.556	463.65	6.4003e+06
6.557	463.721	6.4003e+06
6.558	463.791	6.4003e+06
6.559	463.862	6.4003e+06
6.56	463.933	6.4003e+06
6.561	464.003	6.4003e+06
6.562	464.074	6.4003e+06
6.563	464.145	6.4003e+06
6.564	464.216	6.4003e+06
6.565	464.286	6.4003e+06
6.566	464.357	6.4003e+06
6.567	464.428	6.4003e+06
6.568	464.498	6.4003e+06
6.569	464.569	6.4003e+06
6.57	464.64	6.4003e+06
6.571	464.711	6.4003e+06
6.572	464.781	6.4003e+06
6.573	464.852	6.4003e+06
6.574	464.923	6.4003e+06
6.575	464.993	6.4003e+06
6.576	465.064	6.4003e+06
6.577	465.135	6.4003e+06
6.578	465.206	6.4003e+06
6.579	465.276	6.4003e+06
6.58	465.347	6.4003e+06
6.581	465.418	6.4003e+06
6.582	465.488	6.4003e+06
6.583	465.559	6.4003e+06
6.584	465.63	6.4003e+06
6.585	465.701	6.4003e+06
6.586	465.771	6.4003e+06
6.587	465.842	6.4003e+06
6.588	465.913	6.4003e+06
6.589	465.983	6.4003e+06
6.59	466.054	6.4003e+06
6.591	466.125	6.4003e+06
6.592	466.196	6.4003e+06
6.593	466.266	6.4003e+06
6.594	466.337	6.4003e+06
6.595	466.408	6.4003e+06
6.596	466.478	6.4003e+06
6.597	466.549	6.4003e+06
6.598	466.62	6.4003e+06
6.599	466.69	6.4003e+06
6.6	466.761	6.4003e+06
6.601	466.832	6.4003e+06
6.602	466.903	6.4003e+06
6.603	466.973	6.4003e+06
6.604	467.044	6.4003e+06
6.605	467.115	6.4003e+06
6.606	467.185	6.4003e+06
6.607	467.256	6.4003e+06
6.608	467.327	6.4003e+06
6.609	467.398	6.4003e+06
6.61	467.468	6.4003e+06
6.611	467.539	6.4003e+06
6.612	467.61	6.4003e+06
6.613	467.68	6.4003e+06
6.614	467.751	6.4003e+06
6.615	467.822	6.4003e+06
6.616	467.893	6.4003e+06
6.617	467.963	6.4003e+06
6.618	468.034	6.4003e+06
6.619	468.105	6.4003e+06
6.62	468.175	6.4003e+06
6.621	468.246	6.4003e+06
6.622	468.317	6.4003e+06
6.623	468.388	6.4003e+06
6.624	468.458	6.4003e+06
6.625	468.529	6.4003e+06
6.626	468.6	6.4003e+06
6.627	468.67	6.4003e+06
6.628	468.741	6.4003e+06
6.629	468.812	6.4003e+06
6.63	468.883	6.4003e+06
6.631	468.953	6.4003e+06
6.632	469.024	6.4003e+06
6.633	469.095	6.4003e+06
6.634	469.165	6.4003e+06
6.635	469.236	6.4003e+06
6.636	469.307	6.4003e+06
6.637	469.377	6.4003e+06
6.638	469.448	6.4003e+06
6.639	469.519	6.4003e+06
6.64	469.59	6.4003e+06
6.641	469.66	6.4003e+06
6.642	469.731	6.4003e+06
6.643	469.802	6.4003e+06
6.644	469.872	6.4003e+06
6.645	469.943	6.4003e+06
6.646	470.014	6.4003e+06
6.647	470.085	6.4003e+06
6.648	470.155	6.4003e+06
6.649	470.226	6.4003e+06
6.65	470.297	6.4003e+06
6.651	470.367	6.4003e+06
6.652	470.438	6.4003e+06
6.653	470.509	6.4003e+06
6.654	470.58	6.4003e+06
6.655	470.65	6.4003e+06
6.656	470.721	6.4003e+06
6.657	470.792	6.4003e+06
6.658	470.862	6.4003e+06
6.659	470.933	6.4003e+06
6.66	471.004	6.4003e+06
6.661	471.075	6.4003e+06
6.662	471.145	6.4003e+06
6.663	471.216	6.4003e+06
6.664	471.287	6.4003e+06
6.665	471.357	6.4003e+06
6.666	471.428	6.4003e+06
6.667	471.499	6.4003e+06
6.668	471.57	6.4003e+06
6.669	471.64	6.4003e+06
6.67	471.711	6.4003e+06
6.671	471.782	6.4003e+06
6.672	471.852	6.4003e+06
6.673	471.923	6.4003e+06
6.674	471.994	6.4003e+06
6.675	472.064	6.4003e+06
6.676	472.135	6.4003e+06
6.677	472.206	6.4003e+06
6.678	472.277	6.4003e+06
6.679	472.347	6.4003e+06
6.68	472.418	6.4003e+06
6.681	472.489	6.4003e+06
6.682	472.559	6.4003e+06
6.683	472.63	6.4003e+06
6.684	472.701	6.4003e+06
6.685	472.772	6.4003e+06
6.686	472.842	6.4003e+06
6.687	472.913	6.4003e+06
6.688	472.984	6.4003e+06
6.689	473.054	6.4003e+06
6.69	473.125	6.4003e+06
6.691	473.196	6.4003e+06
6.692	473.267	6.4003e+06
6.693	473.337	6.4003e+06
6.694	473.408	6.4003e+06
6.695	473.479	6.4003e+06
6.696	473.549	6.4003e+06
6.697	473.62	6.4003e+06
6.698	473.691	6.4003e+06
6.699	473.762	6.4003e+06
6.7	473.832	6.4003e+06
6.701	473.903	6.4003e+06
6.702	473.974	6.4003e+06
6.703	474.044	6.4003e+06
6.704	474.115	6.4003e+06
6.705	474.186	6.4003e+06
6.706	474.257	6.4003e+06
6.707	474.327	6.4003e+06
6.708	474.398	6.4003e+06
6.709	474.469	6.4003e+06
6.71	474.539	6.4003e+06
6.711	474.61	6.4003e+06
6.712	474.681	6.4003e+06
6.713	474.751	6.4003e+06
6.714	474.822	6.4003e+06
6.715	474.893	6.4003e+06
6.716	474.964	6.4003e+06
6.717	475.034	6.4003e+06
6.718	475.105	6.4003e+06
6.719	475.176	6.4003e+06
6.72	475.246	6.4003e+06
6.721	475.317	6.4003e+06
6.722	475.388	6.4003e+06
6.723	475.459	6.4003e+06
6.724	475.529	6.4003e+06
6.725	475.6	6.4003e+06
6.726	475.671	6.4003e+06
6.727	475.741	6.4003e+06
6.728	475.812	6.4003e+06
6.729	475.883	6.4003e+06
6.73	475.954	6.4003e+06
6.731	476.024	6.4003e+06
6.732	476.095	6.4003e+06
6.733	476.166	6.4003e+06
6.734	476.236	6.4003e+06
6.735	476.307	6.4003e+06
6.736	476.378	6.4003e+06
6.737	476.449	6.4003e+06
6.738	476.519	6.4003e+06
6.739	476.59	6.4003e+06
6.74	476.661	6.4003e+06
6.741	476.731	6.4003e+06
6.742	476.802	6.4003e+06
6.743	476.873	6.4003e+06
6.744	476.944	6.4003e+06
6.745	477.014	6.4003e+06
6.746	477.085	6.4003e+06
6.747	477.156	6.4003e+06
6.748	477.226	6.4003e+06
6.749	477.297	6.4003e+06
6.75	477.368	6.4003e+06
6.751	477.438	6.4003e+06
6.752	477.509	6.4003e+06
6.753	477.58	6.4003e+06
6.754	477.651	6.4003e+06
6.755	477.721	6.4003e+06
6.756	477.792	6.4003e+06
6.757	477.863	6.4003e+06
6.758	477.933	6.4003e+06
6.759	478.004	6.4003e+06
6.76	478.075	6.4003e+06
6.761	478.146	6.4003e+06
6.762	478.216	6.4003e+06
6.763	478.287	6.4003e+06
6.764	478.358	6.4003e+06
6.765	478.428	6.4003e+06
6.766	478.499	6.4003e+06
6.767	478.57	6.4003e+06
6.768	478.641	6.4003e+06
6.769	478.711	6.4003e+06
6.77	478.782	6.4003e+06
6.771	478.853	6.4003e+06
6.772	478.923	6.4003e+06
6.773	478.994	6.4003e+06
6.774	479.065	6.4003e+06
6.775	479.136	6.4003e+06
6.776	479.206	6.4003e+06
6.777	479.277	6.4003e+06
6.778	479.348	6.4003e+06
6.779	479.418	6.4003e+06
6.78	479.489	6.4003e+06
6.781	479.56	6.4003e+06
6.782	479.631	6.4003e+06
6.783	479.701	6.4003e+06
6.784	479.772	6.4003e+06
6.785	479.843	6.4003e+06
6.786	479.913	6.4003e+06
6.787	479.984	6.4003e+06
6.788	480.055	6.4003e+06
6.789	480.126	6.4003e+06
6.79	480.196	6.4003e+06
6.791	480.267	6.4003e+06
6.792	480.338	6.4003e+06
6.793	480.408	6.4003e+06
6.794	480.479	6.4003e+06
6.795	480.55	6.4003e+06
6.796	480.62	6.4003e+06
6.797	480.691	6.4003e+06
6.798	480.762	6.4003e+06
6.799	480.833	6.4003e+06
6.8	480.903	6.4003e+06
6.801	480.974	6.4003e+06
6.802	481.045	6.4003e+06
6.803	481.115	6.4003e+06
6.804	481.186	6.4003e+06
6.805	481.257	6.4003e+06
6.806	481.328	6.4003e+06
6.807	481.398	6.4003e+06
6.808	481.469	6.4003e+06
6.809	481.54	6.4003e+06
6.81	481.61	6.4003e+06
6.811	481.681	6.4003e+06
6.812	481.752	6.4003e+06
6.813	481.823	6.4003e+06
6.814	481.893	6.4003e+06
6.815	481.964	6.4003e+06
6.816	482.035	6.4003e+06
6.817	482.105	6.4003e+06
6.818	482.176	6.4003e+06
6.819	482.247	6.4003e+06
6.82	482.318	6.4003e+06
6.821	482.388	6.4003e+06
6.822	482.459	6.4003e+06
6.823	482.53	6.4003e+06
6.824	482.6	6.4003e+06
6.825	482.671	6.4003e+06
6.826	482.742	6.4003e+06
6.827	482.813	6.4003e+06
6.828	482.883	6.4003e+06
6.829	482.954	6.4003e+06
6.83	483.025	6.4003e+06
6.831	483.095	6.4003e+06
6.832	483.166	6.4003e+06
6.833	483.237	6.4003e+06
6.834	483.307	6.4003e+06
6.835	483.378	6.4003e+06
6.836	483.449	6.4003e+06
6.837	483.52	6.4003e+06
6.838	483.59	6.4003e+06
6.839	483.661	6.4003e+06
6.84	483.732	6.4003e+06
6.841	483.802	6.4003e+06
6.842	483.873	6.4003e+06
6.843	483.944	6.4003e+06
6.844	484.015	6.4003e+06
6.845	484.085	6.4003e+06
6.846	484.156	6.4003e+06
6.847	484.227	6.4003e+06
6.848	484.297	6.4003e+06
6.849	484.368	6.4003e+06
6.85	484.439	6.4003e+06
6.851	484.51	6.4003e+06
6.852	484.58	6.4003e+06
6.853	484.651	6.4003e+06
6.854	484.722	6.4003e+06
6.855	484.792	6.4003e+06
6.856	484.863	6.4003e+06
6.857	484.934	6.4003e+06
6.858	485.005	6.4003e+06
6.859	485.075	6.4003e+06
6.86	485.146	6.4003e+06
6.861	485.217	6.4003e+06
6.862	485.287	6.4003e+06
6.863	485.358	6.4003e+06
6.864	485.429	6.4003e+06
6.865	485.5	6.4003e+06
6.866	485.57	6.4003e+06
6.867	485.641	6.4003e+06
6.868	485.712	6.4003e+06
6.869	485.782	6.4003e+06
6.87	485.853	6.4003e+06
6.871	485.924	6.4003e+06
6.872	485.994	6.4003e+06
6.873	486.065	6.4003e+06
6.874	486.136	6.4003e+06
6.875	486.207	6.4003e+06
6.876	486.277	6.4003e+06
6.877	486.348	6.4003e+06
6.878	486.419	6.4003e+06
6.879	486.489	6.4003e+06
6.88	486.56	6.4003e+06
6.881	486.631	6.4003e+06
6.882	486.702	6.4003e+06
6.883	486.772	6.4003e+06
6.884	486.843	6.4003e+06
6.885	486.914	6.4003e+06
6.886	486.984	6.4003e+06
6.887	487.055	6.4003e+06
6.888	487.126	6.4003e+06
6.889	487.197	6.4003e+06
6.89	487.267	6.4003e+06
6.891	487.338	6.4003e+06
6.892	487.409	6.4003e+06
6.893	487.479	6.4003e+06
6.894	487.55	6.4003e+06
6.895	487.621	6.4003e+06
6.896	487.692	6.4003e+06
6.897	487.762	6.4003e+06
6.898	487.833	6.4003e+06
6.899	487.904	6.4003e+06
6.9	487.974	6.4003e+06
6.901	488.045	6.4003e+06
6.902	488.116	6.4003e+06
6.903	488.187	6.4003e+06
6.904	488.257	6.4003e+06
6.905	488.328	6.4003e+06
6.906	488.399	6.4003e+06
6.907	488.469	6.4003e+06
6.908	488.54	6.4003e+06
6.909	488.611	6.4003e+06
6.91	488.681	6.4003e+06
6.911	488.752	6.4003e+06
6.912	488.823	6.4003e+06
6.913	488.894	6.4003e+06
6.914	488.964	6.4003e+06
6.915	489.035	6.4003e+06
6.916	489.106	6.4003e+06
6.917	489.176	6.4003e+06
6.918	489.247	6.4003e+06
6.919	489.318	6.4003e+06
6.92	489.389	6.4003e+06
6.921	489.459	6.4003e+06
6.922	489.53	6.4003e+06
6.923	489.601	6.4003e+06
6.924	489.671	6.4003e+06
6.925	489.742	6.4003e+06
6.926	489.813	6.4003e+06
6.927	489.884	6.4003e+06
6.928	489.954	6.4003e+06
6.929	490.025	6.4003e+06
6.93	490.096	6.4003e+06
6.931	490.166	6.4003e+06
6.932	490.237	6.4003e+06
6.933	490.308	6.4003e+06
6.934	490.379	6.4003e+06
6.935	490.449	6.4003e+06
6.936	490.52	6.40031e+06
6.937	490.591	6.40031e+06
6.938	490.661	6.40031e+06
6.939	490.732	6.40031e+06
6.94	490.803	6.40031e+06
6.941	490.874	6.40031e+06
6.942	490.944	6.40031e+06
6.943	491.015	6.40031e+06
6.944	491.086	6.40031e+06
6.945	491.156	6.40031e+06
6.946	491.227	6.40031e+06
6.947	491.298	6.40031e+06
6.948	491.369	6.40031e+06
6.949	491.439	6.40031e+06
6.95	491.51	6.40031e+06
6.951	491.581	6.40031e+06
6.952	491.651	6.40031e+06
6.953	491.722	6.40031e+06
6.954	491.793	6.40031e+06
6.955	491.863	6.40031e+06
6.956	491.934	6.40031e+06
6.957	492.005	6.40031e+06
6.958	492.076	6.40031e+06
6.959	492.146	6.40031e+06
6.96	492.217	6.40031e+06
6.961	492.288	6.40031e+06
6.962	492.358	6.40031e+06
6.963	492.429	6.40031e+06
6.964	492.5	6.40031e+06
6.965	492.571	6.40031e+06
6.966	492.641	6.40031e+06
6.967	492.712	6.40031e+06
6.968	492.783	6.40031e+06
6.969	492.853	6.40031e+06
6.97	492.924	6.40031e+06
6.971	492.995	6.40031e+06
6.972	493.066	6.40031e+06
6.973	493.136	6.40031e+06
6.974	493.207	6.40031e+06
6.975	493.278	6.40031e+06
6.976	493.348	6.40031e+06
6.977	493.419	6.40031e+06
6.978	493.49	6.40031e+06
6.979	493.561	6.40031e+06
6.98	493.631	6.40031e+06
6.981	493.702	6.40031e+06
6.982	493.773	6.40031e+06
6.983	493.843	6.40031e+06
6.984	493.914	6.40031e+06
6.985	493.985	6.40031e+06
6.986	494.056	6.40031e+06
6.987	494.126	6.40031e+06
6.988	494.197	6.40031e+06
6.989	494.268	6.40031e+06
6.99	494.338	6.40031e+06
6.991	494.409	6.40031e+06
6.992	494.48	6.40031e+06
6.993	494.55	6.40031e+06
6.994	494.621	6.40031e+06
6.995	494.692	6.40031e+06
6.996	494.763	6.40031e+06
6.997	494.833	6.40031e+06
6.998	494.904	6.40031e+06
6.999	494.975	6.40031e+06
7	495.045	6.40031e+06
7.001	495.116	6.40031e+06
7.002	495.187	6.40031e+06
7.003	495.258	6.40031e+06
7.004	495.328	6.40031e+06
7.005	495.399	6.40031e+06
7.006	495.47	6.40031e+06
7.007	495.54	6.40031e+06
7.008	495.611	6.40031e+06
7.009	495.682	6.40031e+06
7.01	495.753	6.40031e+06
7.011	495.823	6.40031e+06
7.012	495.894	6.40031e+06
7.013	495.965	6.40031e+06
7.014	496.035	6.40031e+06
7.015	496.106	6.40031e+06
7.016	496.177	6.40031e+06
7.017	496.248	6.40031e+06
7.018	496.318	6.40031e+06
7.019	496.389	6.40031e+06
7.02	496.46	6.40031e+06
7.021	496.53	6.40031e+06
7.022	496.601	6.40031e+06
7.023	496.672	6.40031e+06
7.024	496.743	6.40031e+06
7.025	496.813	6.40031e+06
7.026	496.884	6.40031e+06
7.027	496.955	6.40031e+06
7.028	497.025	6.40031e+06
7.029	497.096	6.40031e+06
7.03	497.167	6.40031e+06
7.031	497.237	6.40031e+06
7.032	497.308	6.40031e+06
7.033	497.379	6.40031e+06
7.034	497.45	6.40031e+06
7.035	497.52	6.40031e+06
7.036	497.591	6.40031e+06
7.037	497.662	6.40031e+06
7.038	497.732	6.40031e+06
7.039	497.803	6.40031e+06
7.04	497.874	6.40031e+06
7.041	497.945	6.40031e+06
7.042	498.015	6.40031e+06
7.043	498.086	6.40031e+06
7.044	498.157	6.40031e+06
7.045	498.227	6.40031e+06
7.046	498.298	6.40031e+06
7.047	498.369	6.40031e+06
7.048	498.44	6.40031e+06
7.049	498.51	6.40031e+06
7.05	498.581	6.40031e+06
7.051	498.652	6.40031e+06
7.052	498.722	6.40031e+06
7.053	498.793	6.40031e+06
7.054	498.864	6.40031e+06
7.055	498.935	6.40031e+06
7.056	499.005	6.40031e+06
7.057	499.076	6.40031e+06
7.058	499.147	6.40031e+06
7.059	499.217	6.40031e+06
7.06	499.288	6.40031e+06
7.061	499.359	6.40031e+06
7.062	499.43	6.40031e+06
7.063	499.5	6.40031e+06
7.064	499.571	6.40031e+06
7.065	499.642	6.40031e+06
7.066	499.712	6.40031e+06
7.067	499.783	6.40031e+06
7.068	499.854	6.40031e+06
7.069	499.924	6.40031e+06
7.07	499.995	6.40031e+06
7.071	500.066	6.40031e+06
7.072	500.137	6.40031e+06
7.073	500.207	6.40031e+06
7.074	500.278	6.40031e+06
7.075	500.349	6.40031e+06
7.076	500.419	6.40031e+06
7.077	500.49	6.40031e+06
7.078	500.561	6.40031e+06
7.079	500.632	6.40031e+06
7.08	500.702	6.40031e+06
7.081	500.773	6.40031e+06
7.082	500.844	6.40031e+06
7.083	500.914	6.40031e+06
7.084	500.985	6.40031e+06
7.085	501.056	6.40031e+06
7.086	501.127	6.40031e+06
7.087	501.197	6.40031e+06
7.088	501.268	6.40031e+06
7.089	501.339	6.40031e+06
7.09	501.409	6.40031e+06
7.091	501.48	6.40031e+06
7.092	501.551	6.40031e+06
7.093	501.622	6.40031e+06
7.094	501.692	6.40031e+06
7.095	501.763	6.40031e+06
7.096	501.834	6.40031e+06
7.097	501.904	6.40031e+06
7.098	501.975	6.40031e+06
7.099	502.046	6.40031e+06
7.1	502.117	6.40031e+06
7.101	502.187	6.40031e+06
7.102	502.258	6.40031e+06
7.103	502.329	6.40031e+06
7.104	502.399	6.40031e+06
7.105	502.47	6.40031e+06
7.106	502.541	6.40031e+06
7.107	502.612	6.40031e+06
7.108	502.682	6.40031e+06
7.109	502.753	6.40031e+06
7.11	502.824	6.40031e+06
7.111	502.894	6.40031e+06
7.112	502.965	6.40031e+06
7.113	503.036	6.40031e+06
7.114	503.106	6.40031e+06
7.115	503.177	6.40031e+06
7.116	503.248	6.40031e+06
7.117	503.319	6.40031e+06
7.118	503.389	6.40031e+06
7.119	503.46	6.40031e+06
7.12	503.531	6.40031e+06
7.121	503.601	6.40031e+06
7.122	503.672	6.40031e+06
7.123	503.743	6.40031e+06
7.124	503.814	6.40031e+06
7.125	503.884	6.40031e+06
7.126	503.955	6.40031e+06
7.127	504.026	6.40031e+06
7.128	504.096	6.40031e+06
7.129	504.167	6.40031e+06
7.13	504.238	6.40031e+06
7.131	504.309	6.40031e+06
7.132	504.379	6.40031e+06
7.133	504.45	6.40031e+06
7.134	504.521	6.40031e+06
7.135	504.591	6.40031e+06
7.136	504.662	6.40031e+06
7.137	504.733	6.40031e+06
7.138	504.804	6.40031e+06
7.139	504.874	6.40031e+06
7.14	504.945	6.40031e+06
7.141	505.016	6.40031e+06
7.142	505.086	6.40031e+06
7.143	505.157	6.40031e+06
7.144	505.228	6.40031e+06
7.145	505.299	6.40031e+06
7.146	505.369	6.40031e+06
7.147	505.44	6.40031e+06
7.148	505.511	6.40031e+06
7.149	505.581	6.40031e+06
7.15	505.652	6.40031e+06
7.151	505.723	6.40031e+06
7.152	505.793	6.40031e+06
7.153	505.864	6.40031e+06
7.154	505.935	6.40031e+06
7.155	506.006	6.40031e+06
7.156	506.076	6.40031e+06
7.157	506.147	6.40031e+06
7.158	506.218	6.40031e+06
7.159	506.288	6.40031e+06
7.16	506.359	6.40031e+06
7.161	506.43	6.40031e+06
7.162	506.501	6.40031e+06
7.163	506.571	6.40031e+06
7.164	506.642	6.40031e+06
7.165	506.713	6.40031e+06
7.166	506.783	6.40031e+06
7.167	506.854	6.40031e+06
7.168	506.925	6.40031e+06
7.169	506.996	6.40031e+06
7.17	507.066	6.40031e+06
7.171	507.137	6.40031e+06
7.172	507.208	6.40031e+06
7.173	507.278	6.40031e+06
7.174	507.349	6.40031e+06
7.175	507.42	6.40031e+06
7.176	507.491	6.40031e+06
7.177	507.561	6.40031e+06
7.178	507.632	6.40031e+06
7.179	507.703	6.40031e+06
7.18	507.773	6.40031e+06
7.181	507.844	6.40031e+06
7.182	507.915	6.40031e+06
7.183	507.986	6.40031e+06
7.184	508.056	6.40031e+06
7.185	508.127	6.40031e+06
7.186	508.198	6.40031e+06
7.187	508.268	6.40031e+06
7.188	508.339	6.40031e+06
7.189	508.41	6.40031e+06
7.19	508.48	6.40031e+06
7.191	508.551	6.40031e+06
7.192	508.622	6.40031e+06
7.193	508.693	6.40031e+06
7.194	508.763	6.40031e+06
7.195	508.834	6.40031e+06
7.196	508.905	6.40031e+06
7.197	508.975	6.40031e+06
7.198	509.046	6.40031e+06
7.199	509.117	6.40031e+06
7.2	509.188	6.40031e+06
7.201	509.258	6.40031e+06
7.202	509.329	6.40031e+06
7.203	509.4	6.40031e+06
7.204	509.47	6.40031e+06
7.205	509.541	6.40031e+06
7.206	509.612	6.40031e+06
7.207	509.683	6.40031e+06
7.208	509.753	6.40031e+06
7.209	509.824	6.40031e+06
7.21	509.895	6.40031e+06
7.211	509.965	6.40031e+06
7.212	510.036	6.40031e+06
7.213	510.107	6.40031e+06
7.214	510.178	6.40031e+06
7.215	510.248	6.40031e+06
7.216	510.319	6.40031e+06
7.217	510.39	6.40031e+06
7.218	510.46	6.40031e+06
7.219	510.531	6.40031e+06
7.22	510.602	6.40031e+06
7.221	510.673	6.40031e+06
7.222	510.743	6.40031e+06
7.223	510.814	6.40031e+06
7.224	510.885	6.40031e+06
7.225	510.955	6.40031e+06
7.226	511.026	6.40031e+06
7.227	511.097	6.40031e+06
7.228	511.167	6.40031e+06
7.229	511.238	6.40031e+06
7.23	511.309	6.40031e+06
7.231	511.38	6.40031e+06
7.232	511.45	6.40031e+06
7.233	511.521	6.40031e+06
7.234	511.592	6.40031e+06
7.235	511.662	6.40031e+06
7.236	511.733	6.40031e+06
7.237	511.804	6.40031e+06
7.238	511.875	6.40031e+06
7.239	511.945	6.40031e+06
7.24	512.016	6.40031e+06
7.241	512.087	6.40031e+06
7.242	512.157	6.40031e+06
7.243	512.228	6.40031e+06
7.244	512.299	6.40031e+06
7.245	512.37	6.40031e+06
7.246	512.44	6.40031e+06
7.247	512.511	6.40031e+06
7.248	512.582	6.40031e+06
7.249	512.652	6.40031e+06
7.25	512.723	6.40031e+06
7.251	512.794	6.40031e+06
7.252	512.865	6.40031e+06
7.253	512.935	6.40031e+06
7.254	513.006	6.40031e+06
7.255	513.077	6.40031e+06
7.256	513.147	6.40031e+06
7.257	513.218	6.40031e+06
7.258	513.289	6.40031e+06
7.259	513.36	6.40031e+06
7.26	513.43	6.40031e+06
7.261	513.501	6.40031e+06
7.262	513.572	6.40031e+06
7.263	513.642	6.40031e+06
7.264	513.713	6.40031e+06
7.265	513.784	6.40031e+06
7.266	513.854	6.40031e+06
7.267	513.925	6.40031e+06
7.268	513.996	6.40031e+06
7.269	514.067	6.40031e+06
7.27	514.137	6.40031e+06
7.271	514.208	6.40031e+06
7.272	514.279	6.40031e+06
7.273	514.349	6.40031e+06
7.274	514.42	6.40031e+06
7.275	514.491	6.40031e+06
7.276	514.562	6.40031e+06
7.277	514.632	6.40031e+06
7.278	514.703	6.40031e+06
7.279	514.774	6.40031e+06
7.28	514.844	6.40031e+06
7.281	514.915	6.40031e+06
7.282	514.986	6.40031e+06
7.283	515.057	6.40031e+06
7.284	515.127	6.40031e+06
7.285	515.198	6.40031e+06
7.286	515.269	6.40031e+06
7.287	515.339	6.40031e+06
7.288	515.41	6.40031e+06
7.289	515.481	6.40031e+06
7.29	515.552	6.40031e+06
7.291	515.622	6.40031e+06
7.292	515.693	6.40031e+06
7.293	515.764	6.40031e+06
7.294	515.834	6.40031e+06
7.295	515.905	6.40031e+06
7.296	515.976	6.40031e+06
7.297	516.047	6.40031e+06
7.298	516.117	6.40031e+06
7.299	516.188	6.40031e+06
7.3	516.259	6.40031e+06
7.301	516.329	6.40031e+06
7.302	516.4	6.40031e+06
7.303	516.471	6.40031e+06
7.304	516.542	6.40031e+06
7.305	516.612	6.40031e+06
7.306	516.683	6.40031e+06
7.307	516.754	6.40031e+06
7.308	516.824	6.40031e+06
7.309	516.895	6.40031e+06
7.31	516.966	6.40031e+06
7.311	517.036	6.40031e+06
7.312	517.107	6.40031e+06
7.313	517.178	6.40031e+06
7.314	517.249	6.40031e+06
7.315	517.319	6.40031e+06
7.316	517.39	6.40031e+06
7.317	517.461	6.40031e+06
7.318	517.531	6.40031e+06
7.319	517.602	6.40031e+06
7.32	517.673	6.40031e+06
7.321	517.744	6.40031e+06
7.322	517.814	6.40031e+06
7.323	517.885	6.40031e+06
7.324	517.956	6.40031e+06
7.325	518.026	6.40031e+06
7.326	518.097	6.40031e+06
7.327	518.168	6.40031e+06
7.328	518.239	6.40031e+06
7.329	518.309	6.40031e+06
7.33	518.38	6.40031e+06
7.331	518.451	6.40031e+06
7.332	518.521	6.40031e+06
7.333	518.592	6.40031e+06
7.334	518.663	6.40031e+06
7.335	518.734	6.40031e+06
7.336	518.804	6.40031e+06
7.337	518.875	6.40031e+06
7.338	518.946	6.40031e+06
7.339	519.016	6.40031e+06
7.34	519.087	6.40031e+06
7.341	519.158	6.40031e+06
7.342	519.229	6.40031e+06
7.343	519.299	6.40031e+06
7.344	519.37	6.40031e+06
7.345	519.441	6.40031e+06
7.346	519.511	6.40031e+06
7.347	519.582	6.40031e+06
7.348	519.653	6.40031e+06
7.349	519.723	6.40031e+06
7.35	519.794	6.40031e+06
7.351	519.865	6.40031e+06
7.352	519.936	6.40031e+06
7.353	520.006	6.40031e+06
7.354	520.077	6.40031e+06
7.355	520.148	6.40031e+06
7.356	520.218	6.40031e+06
7.357	520.289	6.40031e+06
7.358	520.36	6.40031e+06
7.359	520.431	6.40031e+06
7.36	520.501	6.40031e+06
7.361	520.572	6.40031e+06
7.362	520.643	6.40031e+06
7.363	520.713	6.40031e+06
7.364	520.784	6.40031e+06
7.365	520.855	6.40031e+06
7.366	520.926	6.40031e+06
7.367	520.996	6.40031e+06
7.368	521.067	6.40031e+06
7.369	521.138	6.40031e+06
7.37	521.208	6.40031e+06
7.371	521.279	6.40031e+06
7.372	521.35	6.40031e+06
7.373	521.421	6.40031e+06
7.374	521.491	6.40031e+06
7.375	521.562	6.40031e+06
7.376	521.633	6.40031e+06
7.377	521.703	6.40031e+06
7.378	521.774	6.40031e+06
7.379	521.845	6.40031e+06
7.38	521.916	6.40031e+06
7.381	521.986	6.40031e+06
7.382	522.057	6.40031e+06
7.383	522.128	6.40031e+06
7.384	522.198	6.40031e+06
7.385	522.269	6.40031e+06
7.386	522.34	6.40031e+06
7.387	522.41	6.40031e+06
7.388	522.481	6.40031e+06
7.389	522.552	6.40031e+06
7.39	522.623	6.40031e+06
7.391	522.693	6.40031e+06
7.392	522.764	6.40031e+06
7.393	522.835	6.40031e+06
7.394	522.905	6.40031e+06
7.395	522.976	6.40031e+06
7.396	523.047	6.40031e+06
7.397	523.118	6.40031e+06
7.398	523.188	6.40031e+06
7.399	523.259	6.40031e+06
7.4	523.33	6.40031e+06
7.401	523.4	6.40031e+06
7.402	523.471	6.40031e+06
7.403	523.542	6.40031e+06
7.404	523.613	6.40031e+06
7.405	523.683	6.40031e+06
7.406	523.754	6.40031e+06
7.407	523.825	6.40031e+06
7.408	523.895	6.40031e+06
7.409	523.966	6.40031e+06
7.41	524.037	6.40031e+06
7.411	524.108	6.40031e+06
7.412	524.178	6.40031e+06
7.413	524.249	6.40031e+06
7.414	524.32	6.40031e+06
7.415	524.39	6.40031e+06
7.416	524.461	6.40031e+06
7.417	524.532	6.40031e+06
7.418	524.603	6.40031e+06
7.419	524.673	6.40031e+06
7.42	524.744	6.40031e+06
7.421	524.815	6.40031e+06
7.422	524.885	6.40031e+06
7.423	524.956	6.40031e+06
7.424	525.027	6.40031e+06
7.425	525.097	6.40031e+06
7.426	525.168	6.40031e+06
7.427	525.239	6.40031e+06
7.428	525.31	6.40031e+06
7.429	525.38	6.40031e+06
7.43	525.451	6.40031e+06
7.431	525.522	6.40031e+06
7.432	525.592	6.40031e+06
7.433	525.663	6.40031e+06
7.434	525.734	6.40031e+06
7.435	525.805	6.40031e+06
7.436	525.875	6.40031e+06
7.437	525.946	6.40031e+06
7.438	526.017	6.40031e+06
7.439	526.087	6.40031e+06
7.44	526.158	6.40031e+06
7.441	526.229	6.40031e+06
7.442	526.3	6.40031e+06
7.443	526.37	6.40031e+06
7.444	526.441	6.40031e+06
7.445	526.512	6.40031e+06
7.446	526.582	6.40031e+06
7.447	526.653	6.40031e+06
7.448	526.724	6.40031e+06
7.449	526.795	6.40031e+06
7.45	526.865	6.40031e+06
7.451	526.936	6.40031e+06
7.452	527.007	6.40031e+06
7.453	527.077	6.40031e+06
7.454	527.148	6.40031e+06
7.455	527.219	6.40031e+06
7.456	527.29	6.40031e+06
7.457	527.36	6.40031e+06
7.458	527.431	6.40031e+06
7.459	527.502	6.40031e+06
7.46	527.572	6.40031e+06
7.461	527.643	6.40031e+06
7.462	527.714	6.40031e+06
7.463	527.785	6.40031e+06
7.464	527.855	6.40031e+06
7.465	527.926	6.40031e+06
7.466	527.997	6.40031e+06
7.467	528.067	6.40031e+06
7.468	528.138	6.40031e+06
7.469	528.209	6.40031e+06
7.47	528.279	6.40031e+06
7.471	528.35	6.40031e+06
7.472	528.421	6.40031e+06
7.473	528.492	6.40031e+06
7.474	528.562	6.40031e+06
7.475	528.633	6.40031e+06
7.476	528.704	6.40031e+06
7.477	528.774	6.40031e+06
7.478	528.845	6.40031e+06
7.479	528.916	6.40031e+06
7.48	528.987	6.40031e+06
7.481	529.057	6.40031e+06
7.482	529.128	6.40031e+06
7.483	529.199	6.40031e+06
7.484	529.269	6.40031e+06
7.485	529.34	6.40031e+06
7.486	529.411	6.40031e+06
7.487	529.482	6.40031e+06
7.488	529.552	6.40031e+06
7.489	529.623	6.40031e+06
7.49	529.694	6.40031e+06
7.491	529.764	6.40031e+06
7.492	529.835	6.40031e+06
7.493	529.906	6.40031e+06
7.494	529.977	6.40031e+06
7.495	530.047	6.40031e+06
7.496	530.118	6.40031e+06
7.497	530.189	6.40031e+06
7.498	530.259	6.40031e+06
7.499	530.33	6.40031e+06
7.5	530.401	6.40031e+06
7.501	530.472	6.40031e+06
7.502	530.542	6.40031e+06
7.503	530.613	6.40031e+06
7.504	530.684	6.40031e+06
7.505	530.754	6.40031e+06
7.506	530.825	6.40031e+06
7.507	530.896	6.40031e+06
7.508	530.966	6.40031e+06
7.509	531.037	6.40031e+06
7.51	531.108	6.40031e+06
7.511	531.179	6.40031e+06
7.512	531.249	6.40031e+06
7.513	531.32	6.40031e+06
7.514	531.391	6.40031e+06
7.515	531.461	6.40031e+06
7.516	531.532	6.40031e+06
7.517	531.603	6.40031e+06
7.518	531.674	6.40031e+06
7.519	531.744	6.40031e+06
7.52	531.815	6.40031e+06
7.521	531.886	6.40031e+06
7.522	531.956	6.40031e+06
7.523	532.027	6.40031e+06
7.524	532.098	6.40031e+06
7.525	532.169	6.40031e+06
7.526	532.239	6.40031e+06
7.527	532.31	6.40031e+06
7.528	532.381	6.40031e+06
7.529	532.451	6.40031e+06
7.53	532.522	6.40031e+06
7.531	532.593	6.40031e+06
7.532	532.664	6.40031e+06
7.533	532.734	6.40031e+06
7.534	532.805	6.40031e+06
7.535	532.876	6.40031e+06
7.536	532.946	6.40031e+06
7.537	533.017	6.40031e+06
7.538	533.088	6.40031e+06
7.539	533.159	6.40031e+06
7.54	533.229	6.40031e+06
7.541	533.3	6.40031e+06
7.542	533.371	6.40031e+06
7.543	533.441	6.40031e+06
7.544	533.512	6.40031e+06
7.545	533.583	6.40031e+06
7.546	533.653	6.40031e+06
7.547	533.724	6.40031e+06
7.548	533.795	6.40031e+06
7.549	533.866	6.40031e+06
7.55	533.936	6.40031e+06
7.551	534.007	6.40031e+06
7.552	534.078	6.40031e+06
7.553	534.148	6.40031e+06
7.554	534.219	6.40031e+06
7.555	534.29	6.40031e+06
7.556	534.361	6.40031e+06
7.557	534.431	6.40031e+06
7.558	534.502	6.40031e+06
7.559	534.573	6.40031e+06
7.56	534.643	6.40031e+06
7.561	534.714	6.40031e+06
7.562	534.785	6.40031e+06
7.563	534.856	6.40031e+06
7.564	534.926	6.40031e+06
7.565	534.997	6.40031e+06
7.566	535.068	6.40031e+06
7.567	535.138	6.40031e+06
7.568	535.209	6.40031e+06
7.569	535.28	6.40031e+06
7.57	535.351	6.40031e+06
7.571	535.421	6.40031e+06
7.572	535.492	6.40031e+06
7.573	535.563	6.40031e+06
7.574	535.633	6.40031e+06
7.575	535.704	6.40031e+06
7.576	535.775	6.40031e+06
7.577	535.846	6.40031e+06
7.578	535.916	6.40031e+06
7.579	535.987	6.40031e+06
7.58	536.058	6.40031e+06
7.581	536.128	6.40031e+06
7.582	536.199	6.40031e+06
7.583	536.27	6.40031e+06
7.584	536.34	6.40031e+06
7.585	536.411	6.40031e+06
7.586	536.482	6.40031e+06
7.587	536.553	6.40031e+06
7.588	536.623	6.40031e+06
7.589	536.694	6.40031e+06
7.59	536.765	6.40031e+06
7.591	536.835	6.40031e+06
7.592	536.906	6.40031e+06
7.593	536.977	6.40031e+06
7.594	537.048	6.40031e+06
7.595	537.118	6.40031e+06
7.596	537.189	6.40031e+06
7.597	537.26	6.40032e+06
7.598	537.33	6.40032e+06
7.599	537.401	6.40032e+06
7.6	537.472	6.40032e+06
7.601	537.543	6.40032e+06
7.602	537.613	6.40032e+06
7.603	537.684	6.40032e+06
7.604	537.755	6.40032e+06
7.605	537.825	6.40032e+06
7.606	537.896	6.40032e+06
7.607	537.967	6.40032e+06
7.608	538.038	6.40032e+06
7.609	538.108	6.40032e+06
7.61	538.179	6.40032e+06
7.611	538.25	6.40032e+06
7.612	538.32	6.40032e+06
7.613	538.391	6.40032e+06
7.614	538.462	6.40032e+06
7.615	538.533	6.40032e+06
7.616	538.603	6.40032e+06
7.617	538.674	6.40032e+06
7.618	538.745	6.40032e+06
7.619	538.815	6.40032e+06
7.62	538.886	6.40032e+06
7.621	538.957	6.40032e+06
7.622	539.027	6.40032e+06
7.623	539.098	6.40032e+06
7.624	539.169	6.40032e+06
7.625	539.24	6.40032e+06
7.626	539.31	6.40032e+06
7.627	539.381	6.40032e+06
7.628	539.452	6.40032e+06
7.629	539.522	6.40032e+06
7.63	539.593	6.40032e+06
7.631	539.664	6.40032e+06
7.632	539.735	6.40032e+06
7.633	539.805	6.40032e+06
7.634	539.876	6.40032e+06
7.635	539.947	6.40032e+06
7.636	540.017	6.40032e+06
7.637	540.088	6.40032e+06
7.638	540.159	6.40032e+06
7.639	540.23	6.40032e+06
7.64	540.3	6.40032e+06
7.641	540.371	6.40032e+06
7.642	540.442	6.40032e+06
7.643	540.512	6.40032e+06
7.644	540.583	6.40032e+06
7.645	540.654	6.40032e+06
7.646	540.725	6.40032e+06
7.647	540.795	6.40032e+06
7.648	540.866	6.40032e+06
7.649	540.937	6.40032e+06
7.65	541.007	6.40032e+06
7.651	541.078	6.40032e+06
7.652	541.149	6.40032e+06
7.653	541.22	6.40032e+06
7.654	541.29	6.40032e+06
7.655	541.361	6.40032e+06
7.656	541.432	6.40032e+06
7.657	541.502	6.40032e+06
7.658	541.573	6.40032e+06
7.659	541.644	6.40032e+06
7.66	541.715	6.40032e+06
7.661	541.785	6.40032e+06
7.662	541.856	6.40032e+06
7.663	541.927	6.40032e+06
7.664	541.997	6.40032e+06
7.665	542.068	6.40032e+06
7.666	542.139	6.40032e+06
7.667	542.209	6.40032e+06
7.668	542.28	6.40032e+06
7.669	542.351	6.40032e+06
7.67	542.422	6.40032e+06
7.671	542.492	6.40032e+06
7.672	542.563	6.40032e+06
7.673	542.634	6.40032e+06
7.674	542.704	6.40032e+06
7.675	542.775	6.40032e+06
7.676	542.846	6.40032e+06
7.677	542.917	6.40032e+06
7.678	542.987	6.40032e+06
7.679	543.058	6.40032e+06
7.68	543.129	6.40032e+06
7.681	543.199	6.40032e+06
7.682	543.27	6.40032e+06
7.683	543.341	6.40032e+06
7.684	543.412	6.40032e+06
7.685	543.482	6.40032e+06
7.686	543.553	6.40032e+06
7.687	543.624	6.40032e+06
7.688	543.694	6.40032e+06
7.689	543.765	6.40032e+06
7.69	543.836	6.40032e+06
7.691	543.907	6.40032e+06
7.692	543.977	6.40032e+06
7.693	544.048	6.40032e+06
7.694	544.119	6.40032e+06
7.695	544.189	6.40032e+06
7.696	544.26	6.40032e+06
7.697	544.331	6.40032e+06
7.698	544.402	6.40032e+06
7.699	544.472	6.40032e+06
7.7	544.543	6.40032e+06
7.701	544.614	6.40032e+06
7.702	544.684	6.40032e+06
7.703	544.755	6.40032e+06
7.704	544.826	6.40032e+06
7.705	544.896	6.40032e+06
7.706	544.967	6.40032e+06
7.707	545.038	6.40032e+06
7.708	545.109	6.40032e+06
7.709	545.179	6.40032e+06
7.71	545.25	6.40032e+06
7.711	545.321	6.40032e+06
7.712	545.391	6.40032e+06
7.713	545.462	6.40032e+06
7.714	545.533	6.40032e+06
7.715	545.604	6.40032e+06
7.716	545.674	6.40032e+06
7.717	545.745	6.40032e+06
7.718	545.816	6.40032e+06
7.719	545.886	6.40032e+06
7.72	545.957	6.40032e+06
7.721	546.028	6.40032e+06
7.722	546.099	6.40032e+06
7.723	546.169	6.40032e+06
7.724	546.24	6.40032e+06
7.725	546.311	6.40032e+06
7.726	546.381	6.40032e+06
7.727	546.452	6.40032e+06
7.728	546.523	6.40032e+06
7.729	546.594	6.40032e+06
7.73	546.664	6.40032e+06
7.731	546.735	6.40032e+06
7.732	546.806	6.40032e+06
7.733	546.876	6.40032e+06
7.734	546.947	6.40032e+06
7.735	547.018	6.40032e+06
7.736	547.089	6.40032e+06
7.737	547.159	6.40032e+06
7.738	547.23	6.40032e+06
7.739	547.301	6.40032e+06
7.74	547.371	6.40032e+06
7.741	547.442	6.40032e+06
7.742	547.513	6.40032e+06
7.743	547.583	6.40032e+06
7.744	547.654	6.40032e+06
7.745	547.725	6.40032e+06
7.746	547.796	6.40032e+06
7.747	547.866	6.40032e+06
7.748	547.937	6.40032e+06
7.749	548.008	6.40032e+06
7.75	548.078	6.40032e+06
7.751	548.149	6.40032e+06
7.752	548.22	6.40032e+06
7.753	548.291	6.40032e+06
7.754	548.361	6.40032e+06
7.755	548.432	6.40032e+06
7.756	548.503	6.40032e+06
7.757	548.573	6.40032e+06
7.758	548.644	6.40032e+06
7.759	548.715	6.40032e+06
7.76	548.786	6.40032e+06
7.761	548.856	6.40032e+06
7.762	548.927	6.40032e+06
7.763	548.998	6.40032e+06
7.764	549.068	6.40032e+06
7.765	549.139	6.40032e+06
7.766	549.21	6.40032e+06
7.767	549.281	6.40032e+06
7.768	549.351	6.40032e+06
7.769	549.422	6.40032e+06
7.77	549.493	6.40032e+06
7.771	549.563	6.40032e+06
7.772	549.634	6.40032e+06
7.773	549.705	6.40032e+06
7.774	549.776	6.40032e+06
7.775	549.846	6.40032e+06
7.776	549.917	6.40032e+06
7.777	549.988	6.40032e+06
7.778	550.058	6.40032e+06
7.779	550.129	6.40032e+06
7.78	550.2	6.40032e+06
7.781	550.27	6.40032e+06
7.782	550.341	6.40032e+06
7.783	550.412	6.40032e+06
7.784	550.483	6.40032e+06
7.785	550.553	6.40032e+06
7.786	550.624	6.40032e+06
7.787	550.695	6.40032e+06
7.788	550.765	6.40032e+06
7.789	550.836	6.40032e+06
7.79	550.907	6.40032e+06
7.791	550.978	6.40032e+06
7.792	551.048	6.40032e+06
7.793	551.119	6.40032e+06
7.794	551.19	6.40032e+06
7.795	551.26	6.40032e+06
7.796	551.331	6.40032e+06
7.797	551.402	6.40032e+06
7.798	551.473	6.40032e+06
7.799	551.543	6.40032e+06
7.8	551.614	6.40032e+06
7.801	551.685	6.40032e+06
7.802	551.755	6.40032e+06
7.803	551.826	6.40032e+06
7.804	551.897	6.40032e+06
7.805	551.968	6.40032e+06
7.806	552.038	6.40032e+06
7.807	552.109	6.40032e+06
7.808	552.18	6.40032e+06
7.809	552.25	6.40032e+06
7.81	552.321	6.40032e+06
7.811	552.392	6.40032e+06
7.812	552.463	6.40032e+06
7.813	552.533	6.40032e+06
7.814	552.604	6.40032e+06
7.815	552.675	6.40032e+06
7.816	552.745	6.40032e+06
7.817	552.816	6.40032e+06
7.818	552.887	6.40032e+06
7.819	552.958	6.40032e+06
7.82	553.028	6.40032e+06
7.821	553.099	6.40032e+06
7.822	553.17	6.40032e+06
7.823	553.24	6.40032e+06
7.824	553.311	6.40032e+06
7.825	553.382	6.40032e+06
7.826	553.452	6.40032e+06
7.827	553.523	6.40032e+06
7.828	553.594	6.40032e+06
7.829	553.665	6.40032e+06
7.83	553.735	6.40032e+06
7.831	553.806	6.40032e+06
7.832	553.877	6.40032e+06
7.833	553.947	6.40032e+06
7.834	554.018	6.40032e+06
7.835	554.089	6.40032e+06
7.836	554.16	6.40032e+06
7.837	554.23	6.40032e+06
7.838	554.301	6.40032e+06
7.839	554.372	6.40032e+06
7.84	554.442	6.40032e+06
7.841	554.513	6.40032e+06
7.842	554.584	6.40032e+06
7.843	554.655	6.40032e+06
7.844	554.725	6.40032e+06
7.845	554.796	6.40032e+06
7.846	554.867	6.40032e+06
7.847	554.937	6.40032e+06
7.848	555.008	6.40032e+06
7.849	555.079	6.40032e+06
7.85	555.15	6.40032e+06
7.851	555.22	6.40032e+06
7.852	555.291	6.40032e+06
7.853	555.362	6.40032e+06
7.854	555.432	6.40032e+06
7.855	555.503	6.40032e+06
7.856	555.574	6.40032e+06
7.857	555.645	6.40032e+06
7.858	555.715	6.40032e+06
7.859	555.786	6.40032e+06
7.86	555.857	6.40032e+06
7.861	555.927	6.40032e+06
7.862	555.998	6.40032e+06
7.863	556.069	6.40032e+06
7.864	556.139	6.40032e+06
7.865	556.21	6.40032e+06
7.866	556.281	6.40032e+06
7.867	556.352	6.40032e+06
7.868	556.422	6.40032e+06
7.869	556.493	6.40032e+06
7.87	556.564	6.40032e+06
7.871	556.634	6.40032e+06
7.872	556.705	6.40032e+06
7.873	556.776	6.40032e+06
7.874	556.847	6.40032e+06
7.875	556.917	6.40032e+06
7.876	556.988	6.40032e+06
7.877	557.059	6.40032e+06
7.878	557.129	6.40032e+06
7.879	557.2	6.40032e+06
7.88	557.271	6.40032e+06
7.881	557.342	6.40032e+06
7.882	557.412	6.40032e+06
7.883	557.483	6.40032e+06
7.884	557.554	6.40032e+06
7.885	557.624	6.40032e+06
7.886	557.695	6.40032e+06
7.887	557.766	6.40032e+06
7.888	557.837	6.40032e+06
7.889	557.907	6.40032e+06
7.89	557.978	6.40032e+06
7.891	558.049	6.40032e+06
7.892	558.119	6.40032e+06
7.893	558.19	6.40032e+06
7.894	558.261	6.40032e+06
7.895	558.332	6.40032e+06
7.896	558.402	6.40032e+06
7.897	558.473	6.40032e+06
7.898	558.544	6.40032e+06
7.899	558.614	6.40032e+06
7.9	558.685	6.40032e+06
7.901	558.756	6.40032e+06
7.902	558.826	6.40032e+06
7.903	558.897	6.40032e+06
7.904	558.968	6.40032e+06
7.905	559.039	6.40032e+06
7.906	559.109	6.40032e+06
7.907	559.18	6.40032e+06
7.908	559.251	6.40032e+06
7.909	559.321	6.40032e+06
7.91	559.392	6.40032e+06
7.911	559.463	6.40032e+06
7.912	559.534	6.40032e+06
7.913	559.604	6.40032e+06
7.914	559.675	6.40032e+06
7.915	559.746	6.40032e+06
7.916	559.816	6.40032e+06
7.917	559.887	6.40032e+06
7.918	559.958	6.40032e+06
7.919	560.029	6.40032e+06
7.92	560.099	6.40032e+06
7.921	560.17	6.40032e+06
7.922	560.241	6.40032e+06
7.923	560.311	6.40032e+06
7.924	560.382	6.40032e+06
7.925	560.453	6.40032e+06
7.926	560.524	6.40032e+06
7.927	560.594	6.40032e+06
7.928	560.665	6.40032e+06
7.929	560.736	6.40032e+06
7.93	560.806	6.40032e+06
7.931	560.877	6.40032e+06
7.932	560.948	6.40032e+06
7.933	561.019	6.40032e+06
7.934	561.089	6.40032e+06
7.935	561.16	6.40032e+06
7.936	561.231	6.40032e+06
7.937	561.301	6.40032e+06
7.938	561.372	6.40032e+06
7.939	561.443	6.40032e+06
7.94	561.513	6.40032e+06
7.941	561.584	6.40032e+06
7.942	561.655	6.40032e+06
7.943	561.726	6.40032e+06
7.944	561.796	6.40032e+06
7.945	561.867	6.40032e+06
7.946	561.938	6.40032e+06
7.947	562.008	6.40032e+06
7.948	562.079	6.40032e+06
7.949	562.15	6.40032e+06
7.95	562.221	6.40032e+06
7.951	562.291	6.40032e+06
7.952	562.362	6.40032e+06
7.953	562.433	6.40032e+06
7.954	562.503	6.40032e+06
7.955	562.574	6.40032e+06
7.956	562.645	6.40032e+06
7.957	562.716	6.40032e+06
7.958	562.786	6.40032e+06
7.959	562.857	6.40032e+06
7.96	562.928	6.40032e+06
7.961	562.998	6.40032e+06
7.962	563.069	6.40032e+06
7.963	563.14	6.40032e+06
7.964	563.211	6.40032e+06
7.965	563.281	6.40032e+06
7.966	563.352	6.40032e+06
7.967	563.423	6.40032e+06
7.968	563.493	6.40032e+06
7.969	563.564	6.40032e+06
7.97	563.635	6.40032e+06
7.971	563.706	6.40032e+06
7.972	563.776	6.40032e+06
7.973	563.847	6.40032e+06
7.974	563.918	6.40032e+06
7.975	563.988	6.40032e+06
7.976	564.059	6.40032e+06
7.977	564.13	6.40032e+06
7.978	564.201	6.40032e+06
7.979	564.271	6.40032e+06
7.98	564.342	6.40032e+06
7.981	564.413	6.40032e+06
7.982	564.483	6.40032e+06
7.983	564.554	6.40032e+06
7.984	564.625	6.40032e+06
7.985	564.695	6.40032e+06
7.986	564.766	6.40032e+06
7.987	564.837	6.40032e+06
7.988	564.908	6.40032e+06
7.989	564.978	6.40032e+06
7.99	565.049	6.40032e+06
7.991	565.12	6.40032e+06
7.992	565.19	6.40032e+06
7.993	565.261	6.40032e+06
7.994	565.332	6.40032e+06
7.995	565.403	6.40032e+06
7.996	565.473	6.40032e+06
7.997	565.544	6.40032e+06
7.998	565.615	6.40032e+06
7.999	565.685	6.40032e+06
8	565.756	6.40032e+06
8.001	565.827	6.40032e+06
8.002	565.898	6.40032e+06
8.003	565.968	6.40032e+06
8.004	566.039	6.40032e+06
8.005	566.11	6.40032e+06
8.006	566.18	6.40032e+06
8.007	566.251	6.40032e+06
8.008	566.322	6.40032e+06
8.009	566.393	6.40032e+06
8.01	566.463	6.40032e+06
8.011	566.534	6.40032e+06
8.012	566.605	6.40032e+06
8.013	566.675	6.40032e+06
8.014	566.746	6.40032e+06
8.015	566.817	6.40032e+06
8.016	566.888	6.40032e+06
8.017	566.958	6.40032e+06
8.018	567.029	6.40032e+06
8.019	567.1	6.40032e+06
8.02	567.17	6.40032e+06
8.021	567.241	6.40032e+06
8.022	567.312	6.40032e+06
8.023	567.382	6.40032e+06
8.024	567.453	6.40032e+06
8.025	567.524	6.40032e+06
8.026	567.595	6.40032e+06
8.027	567.665	6.40032e+06
8.028	567.736	6.40032e+06
8.029	567.807	6.40032e+06
8.03	567.877	6.40032e+06
8.031	567.948	6.40032e+06
8.032	568.019	6.40032e+06
8.033	568.09	6.40032e+06
8.034	568.16	6.40032e+06
8.035	568.231	6.40032e+06
8.036	568.302	6.40032e+06
8.037	568.372	6.40032e+06
8.038	568.443	6.40032e+06
8.039	568.514	6.40032e+06
8.04	568.585	6.40032e+06
8.041	568.655	6.40032e+06
8.042	568.726	6.40032e+06
8.043	568.797	6.40032e+06
8.044	568.867	6.40032e+06
8.045	568.938	6.40032e+06
8.046	569.009	6.40032e+06
8.047	569.08	6.40032e+06
8.048	569.15	6.40032e+06
8.049	569.221	6.40032e+06
8.05	569.292	6.40032e+06
8.051	569.362	6.40032e+06
8.052	569.433	6.40032e+06
8.053	569.504	6.40032e+06
8.054	569.575	6.40032e+06
8.055	569.645	6.40032e+06
8.056	569.716	6.40032e+06
8.057	569.787	6.40032e+06
8.058	569.857	6.40032e+06
8.059	569.928	6.40032e+06
8.06	569.999	6.40032e+06
8.061	570.069	6.40032e+06
8.062	570.14	6.40032e+06
8.063	570.211	6.40032e+06
8.064	570.282	6.40032e+06
8.065	570.352	6.40032e+06
8.066	570.423	6.40032e+06
8.067	570.494	6.40032e+06
8.068	570.564	6.40032e+06
8.069	570.635	6.40032e+06
8.07	570.706	6.40032e+06
8.071	570.777	6.40032e+06
8.072	570.847	6.40032e+06
8.073	570.918	6.40032e+06
8.074	570.989	6.40032e+06
8.075	571.059	6.40032e+06
8.076	571.13	6.40032e+06
8.077	571.201	6.40032e+06
8.078	571.272	6.40032e+06
8.079	571.342	6.40032e+06
8.08	571.413	6.40032e+06
8.081	571.484	6.40032e+06
8.082	571.554	6.40032e+06
8.083	571.625	6.40032e+06
8.084	571.696	6.40032e+06
8.085	571.767	6.40032e+06
8.086	571.837	6.40032e+06
8.087	571.908	6.40032e+06
8.088	571.979	6.40032e+06
8.089	572.049	6.40032e+06
8.09	572.12	6.40032e+06
8.091	572.191	6.40032e+06
8.092	572.262	6.40032e+06
8.093	572.332	6.40032e+06
8.094	572.403	6.40032e+06
8.095	572.474	6.40032e+06
8.096	572.544	6.40032e+06
8.097	572.615	6.40032e+06
8.098	572.686	6.40032e+06
8.099	572.756	6.40032e+06
8.1	572.827	6.40032e+06
8.101	572.898	6.40032e+06
8.102	572.969	6.40032e+06
8.103	573.039	6.40032e+06
8.104	573.11	6.40032e+06
8.105	573.181	6.40032e+06
8.106	573.251	6.40032e+06
8.107	573.322	6.40032e+06
8.108	573.393	6.40032e+06
8.109	573.464	6.40032e+06
8.11	573.534	6.40032e+06
8.111	573.605	6.40032e+06
8.112	573.676	6.40032e+06
8.113	573.746	6.40032e+06
8.114	573.817	6.40032e+06
8.115	573.888	6.40032e+06
8.116	573.959	6.40032e+06
8.117	574.029	6.40032e+06
8.118	574.1	6.40032e+06
8.119	574.171	6.40032e+06
8.12	574.241	6.40032e+06
8.121	574.312	6.40032e+06
8.122	574.383	6.40032e+06
8.123	574.454	6.40032e+06
8.124	574.524	6.40032e+06
8.125	574.595	6.40032e+06
8.126	574.666	6.40032e+06
8.127	574.736	6.40032e+06
8.128	574.807	6.40032e+06
8.129	574.878	6.40032e+06
8.13	574.949	6.40032e+06
8.131	575.019	6.40032e+06
8.132	575.09	6.40032e+06
8.133	575.161	6.40032e+06
8.134	575.231	6.40032e+06
8.135	575.302	6.40032e+06
8.136	575.373	6.40032e+06
8.137	575.443	6.40032e+06
8.138	575.514	6.40032e+06
8.139	575.585	6.40032e+06
8.14	575.656	6.40032e+06
8.141	575.726	6.40032e+06
8.142	575.797	6.40032e+06
8.143	575.868	6.40032e+06
8.144	575.938	6.40032e+06
8.145	576.009	6.40032e+06
8.146	576.08	6.40032e+06
8.147	576.151	6.40032e+06
8.148	576.221	6.40032e+06
8.149	576.292	6.40032e+06
8.15	576.363	6.40032e+06
8.151	576.433	6.40032e+06
8.152	576.504	6.40032e+06
8.153	576.575	6.40032e+06
8.154	576.646	6.40032e+06
8.155	576.716	6.40032e+06
8.156	576.787	6.40032e+06
8.157	576.858	6.40032e+06
8.158	576.928	6.40032e+06
8.159	576.999	6.40032e+06
8.16	577.07	6.40032e+06
8.161	577.141	6.40032e+06
8.162	577.211	6.40032e+06
8.163	577.282	6.40032e+06
8.164	577.353	6.40032e+06
8.165	577.423	6.40032e+06
8.166	577.494	6.40032e+06
8.167	577.565	6.40032e+06
8.168	577.636	6.40032e+06
8.169	577.706	6.40032e+06
8.17	577.777	6.40032e+06
8.171	577.848	6.40032e+06
8.172	577.918	6.40032e+06
8.173	577.989	6.40032e+06
8.174	578.06	6.40032e+06
8.175	578.131	6.40032e+06
8.176	578.201	6.40032e+06
8.177	578.272	6.40032e+06
8.178	578.343	6.40032e+06
8.179	578.413	6.40032e+06
8.18	578.484	6.40032e+06
8.181	578.555	6.40032e+06
8.182	578.625	6.40032e+06
8.183	578.696	6.40032e+06
8.184	578.767	6.40032e+06
8.185	578.838	6.40032e+06
8.186	578.908	6.40032e+06
8.187	578.979	6.40032e+06
8.188	579.05	6.40032e+06
8.189	579.12	6.40032e+06
8.19	579.191	6.40032e+06
8.191	579.262	6.40032e+06
8.192	579.333	6.40032e+06
8.193	579.403	6.40032e+06
8.194	579.474	6.40032e+06
8.195	579.545	6.40032e+06
8.196	579.615	6.40032e+06
8.197	579.686	6.40032e+06
8.198	579.757	6.40032e+06
8.199	579.828	6.40032e+06
8.2	579.898	6.40032e+06
8.201	579.969	6.40032e+06
8.202	580.04	6.40032e+06
8.203	580.11	6.40032e+06
8.204	580.181	6.40032e+06
8.205	580.252	6.40032e+06
8.206	580.323	6.40032e+06
8.207	580.393	6.40032e+06
8.208	580.464	6.40032e+06
8.209	580.535	6.40032e+06
8.21	580.605	6.40032e+06
8.211	580.676	6.40032e+06
8.212	580.747	6.40032e+06
8.213	580.818	6.40032e+06
8.214	580.888	6.40032e+06
8.215	580.959	6.40032e+06
8.216	581.03	6.40032e+06
8.217	581.1	6.40032e+06
8.218	581.171	6.40032e+06
8.219	581.242	6.40032e+06
8.22	581.312	6.40032e+06
8.221	581.383	6.40032e+06
8.222	581.454	6.40032e+06
8.223	581.525	6.40032e+06
8.224	581.595	6.40032e+06
8.225	581.666	6.40032e+06
8.226	581.737	6.40032e+06
8.227	581.807	6.40032e+06
8.228	581.878	6.40032e+06
8.229	581.949	6.40032e+06
8.23	582.02	6.40032e+06
8.231	582.09	6.40032e+06
8.232	582.161	6.40032e+06
8.233	582.232	6.40032e+06
8.234	582.302	6.40032e+06
8.235	582.373	6.40032e+06
8.236	582.444	6.40032e+06
8.237	582.515	6.40032e+06
8.238	582.585	6.40032e+06
8.239	582.656	6.40032e+06
8.24	582.727	6.40032e+06
8.241	582.797	6.40032e+06
8.242	582.868	6.40032e+06
8.243	582.939	6.40032e+06
8.244	583.01	6.40032e+06
8.245	583.08	6.40032e+06
8.246	583.151	6.40032e+06
8.247	583.222	6.40032e+06
8.248	583.292	6.40032e+06
8.249	583.363	6.40032e+06
8.25	583.434	6.40032e+06
8.251	583.505	6.40032e+06
8.252	583.575	6.40032e+06
8.253	583.646	6.40032e+06
8.254	583.717	6.40032e+06
8.255	583.787	6.40032e+06
8.256	583.858	6.40032e+06
8.257	583.929	6.40032e+06
8.258	583.999	6.40032e+06
8.259	584.07	6.40032e+06
8.26	584.141	6.40032e+06
8.261	584.212	6.40032e+06
8.262	584.282	6.40032e+06
8.263	584.353	6.40032e+06
8.264	584.424	6.40032e+06
8.265	584.494	6.40032e+06
8.266	584.565	6.40032e+06
8.267	584.636	6.40032e+06
8.268	584.707	6.40032e+06
8.269	584.777	6.40032e+06
8.27	584.848	6.40032e+06
8.271	584.919	6.40032e+06
8.272	584.989	6.40032e+06
8.273	585.06	6.40032e+06
8.274	585.131	6.40032e+06
8.275	585.202	6.40032e+06
8.276	585.272	6.40032e+06
8.277	585.343	6.40032e+06
8.278	585.414	6.40032e+06
8.279	585.484	6.40032e+06
8.28	585.555	6.40032e+06
8.281	585.626	6.40032e+06
8.282	585.697	6.40032e+06
8.283	585.767	6.40032e+06
8.284	585.838	6.40032e+06
8.285	585.909	6.40032e+06
8.286	585.979	6.40032e+06
8.287	586.05	6.40032e+06
8.288	586.121	6.40032e+06
8.289	586.192	6.40032e+06
8.29	586.262	6.40032e+06
8.291	586.333	6.40032e+06
8.292	586.404	6.40032e+06
8.293	586.474	6.40032e+06
8.294	586.545	6.40032e+06
8.295	586.616	6.40032e+06
8.296	586.686	6.40032e+06
8.297	586.757	6.40032e+06
8.298	586.828	6.40032e+06
8.299	586.899	6.40032e+06
8.3	586.969	6.40032e+06
8.301	587.04	6.40032e+06
8.302	587.111	6.40032e+06
8.303	587.181	6.40032e+06
8.304	587.252	6.40032e+06
8.305	587.323	6.40032e+06
8.306	587.394	6.40032e+06
8.307	587.464	6.40032e+06
8.308	587.535	6.40032e+06
8.309	587.606	6.40032e+06
8.31	587.676	6.40032e+06
8.311	587.747	6.40032e+06
8.312	587.818	6.40032e+06
8.313	587.889	6.40032e+06
8.314	587.959	6.40032e+06
8.315	588.03	6.40032e+06
8.316	588.101	6.40032e+06
8.317	588.171	6.40032e+06
8.318	588.242	6.40032e+06
8.319	588.313	6.40032e+06
8.32	588.384	6.40032e+06
8.321	588.454	6.40032e+06
8.322	588.525	6.40032e+06
8.323	588.596	6.40032e+06
8.324	588.666	6.40032e+06
8.325	588.737	6.40032e+06
8.326	588.808	6.40032e+06
8.327	588.879	6.40032e+06
8.328	588.949	6.40032e+06
8.329	589.02	6.40032e+06
8.33	589.091	6.40032e+06
8.331	589.161	6.40032e+06
8.332	589.232	6.40032e+06
8.333	589.303	6.40032e+06
8.334	589.374	6.40032e+06
8.335	589.444	6.40032e+06
8.336	589.515	6.40032e+06
8.337	589.586	6.40032e+06
8.338	589.656	6.40032e+06
8.339	589.727	6.40032e+06
8.34	589.798	6.40032e+06
8.341	589.868	6.40032e+06
8.342	589.939	6.40032e+06
8.343	590.01	6.40032e+06
8.344	590.081	6.40032e+06
8.345	590.151	6.40032e+06
8.346	590.222	6.40032e+06
8.347	590.293	6.40032e+06
8.348	590.363	6.40032e+06
8.349	590.434	6.40032e+06
8.35	590.505	6.40032e+06
8.351	590.576	6.40032e+06
8.352	590.646	6.40032e+06
8.353	590.717	6.40032e+06
8.354	590.788	6.40032e+06
8.355	590.858	6.40032e+06
8.356	590.929	6.40032e+06
8.357	591	6.40032e+06
8.358	591.071	6.40032e+06
8.359	591.141	6.40032e+06
8.36	591.212	6.40032e+06
8.361	591.283	6.40032e+06
8.362	591.353	6.40032e+06
8.363	591.424	6.40032e+06
8.364	591.495	6.40032e+06
8.365	591.566	6.40032e+06
8.366	591.636	6.40032e+06
8.367	591.707	6.40032e+06
8.368	591.778	6.40032e+06
8.369	591.848	6.40032e+06
8.37	591.919	6.40032e+06
8.371	591.99	6.40032e+06
8.372	592.061	6.40032e+06
8.373	592.131	6.40032e+06
8.374	592.202	6.40032e+06
8.375	592.273	6.40032e+06
8.376	592.343	6.40032e+06
8.377	592.414	6.40032e+06
8.378	592.485	6.40032e+06
8.379	592.555	6.40032e+06
8.38	592.626	6.40032e+06
8.381	592.697	6.40032e+06
8.382	592.768	6.40032e+06
8.383	592.838	6.40032e+06
8.384	592.909	6.40032e+06
8.385	592.98	6.40032e+06
8.386	593.05	6.40032e+06
8.387	593.121	6.40032e+06
8.388	593.192	6.40032e+06
8.389	593.263	6.40032e+06
8.39	593.333	6.40032e+06
8.391	593.404	6.40032e+06
8.392	593.475	6.40032e+06
8.393	593.545	6.40032e+06
8.394	593.616	6.40032e+06
8.395	593.687	6.40032e+06
8.396	593.758	6.40032e+06
8.397	593.828	6.40032e+06
8.398	593.899	6.40032e+06
8.399	593.97	6.40032e+06
8.4	594.04	6.40032e+06
8.401	594.111	6.40032e+06
8.402	594.182	6.40032e+06
8.403	594.253	6.40032e+06
8.404	594.323	6.40032e+06
8.405	594.394	6.40032e+06
8.406	594.465	6.40032e+06
8.407	594.535	6.40032e+06
8.408	594.606	6.40032e+06
8.409	594.677	6.40032e+06
8.41	594.748	6.40032e+06
8.411	594.818	6.40032e+06
8.412	594.889	6.40032e+06
8.413	594.96	6.40032e+06
8.414	595.03	6.40032e+06
8.415	595.101	6.40032e+06
8.416	595.172	6.40032e+06
8.417	595.242	6.40032e+06
8.418	595.313	6.40032e+06
8.419	595.384	6.40032e+06
8.42	595.455	6.40032e+06
8.421	595.525	6.40032e+06
8.422	595.596	6.40032e+06
8.423	595.667	6.40032e+06
8.424	595.737	6.40032e+06
8.425	595.808	6.40032e+06
8.426	595.879	6.40032e+06
8.427	595.95	6.40032e+06
8.428	596.02	6.40032e+06
8.429	596.091	6.40032e+06
8.43	596.162	6.40032e+06
8.431	596.232	6.40032e+06
8.432	596.303	6.40032e+06
8.433	596.374	6.40032e+06
8.434	596.445	6.40032e+06
8.435	596.515	6.40032e+06
8.436	596.586	6.40032e+06
8.437	596.657	6.40032e+06
8.438	596.727	6.40032e+06
8.439	596.798	6.40032e+06
8.44	596.869	6.40032e+06
8.441	596.94	6.40032e+06
8.442	597.01	6.40032e+06
8.443	597.081	6.40032e+06
8.444	597.152	6.40032e+06
8.445	597.222	6.40032e+06
8.446	597.293	6.40032e+06
8.447	597.364	6.40032e+06
8.448	597.435	6.40032e+06
8.449	597.505	6.40032e+06
8.45	597.576	6.40032e+06
8.451	597.647	6.40032e+06
8.452	597.717	6.40032e+06
8.453	597.788	6.40032e+06
8.454	597.859	6.40032e+06
8.455	597.929	6.40032e+06
8.456	598	6.40032e+06
8.457	598.071	6.40032e+06
8.458	598.142	6.40032e+06
8.459	598.212	6.40032e+06
8.46	598.283	6.40032e+06
8.461	598.354	6.40032e+06
8.462	598.424	6.40032e+06
8.463	598.495	6.40032e+06
8.464	598.566	6.40032e+06
8.465	598.637	6.40032e+06
8.466	598.707	6.40032e+06
8.467	598.778	6.40032e+06
8.468	598.849	6.40032e+06
8.469	598.919	6.40032e+06
8.47	598.99	6.40032e+06
8.471	599.061	6.40032e+06
8.472	599.132	6.40032e+06
8.473	599.202	6.40032e+06
8.474	599.273	6.40032e+06
8.475	599.344	6.40032e+06
8.476	599.414	6.40032e+06
8.477	599.485	6.40032e+06
8.478	599.556	6.40032e+06
8.479	599.627	6.40032e+06
8.48	599.697	6.40032e+06
8.481	599.768	6.40032e+06
8.482	599.839	6.40032e+06
8.483	599.909	6.40032e+06
8.484	599.98	6.40032e+06
8.485	600.051	6.40032e+06
8.486	600.122	6.40032e+06
8.487	600.192	6.40032e+06
8.488	600.263	6.40032e+06
8.489	600.334	6.40032e+06
8.49	600.404	6.40032e+06
8.491	600.475	6.40032e+06
8.492	600.546	6.40032e+06
8.493	600.616	6.40032e+06
8.494	600.687	6.40032e+06
8.495	600.758	6.40032e+06
8.496	600.829	6.40032e+06
8.497	600.899	6.40032e+06
8.498	600.97	6.40032e+06
8.499	601.041	6.40032e+06
8.5	601.111	6.40032e+06
8.501	601.182	6.40032e+06
8.502	601.253	6.40032e+06
8.503	601.324	6.40032e+06
8.504	601.394	6.40032e+06
8.505	601.465	6.40032e+06
8.506	601.536	6.40032e+06
8.507	601.606	6.40032e+06
8.508	601.677	6.40032e+06
8.509	601.748	6.40032e+06
8.51	601.819	6.40032e+06
8.511	601.889	6.40032e+06
8.512	601.96	6.40032e+06
8.513	602.031	6.40032e+06
8.514	602.101	6.40032e+06
8.515	602.172	6.40032e+06
8.516	602.243	6.40032e+06
8.517	602.314	6.40032e+06
8.518	602.384	6.40032e+06
8.519	602.455	6.40032e+06
8.52	602.526	6.40032e+06
8.521	602.596	6.40032e+06
8.522	602.667	6.40032e+06
8.523	602.738	6.40032e+06
8.524	602.809	6.40032e+06
8.525	602.879	6.40032e+06
8.526	602.95	6.40032e+06
8.527	603.021	6.40032e+06
8.528	603.091	6.40032e+06
8.529	603.162	6.40032e+06
8.53	603.233	6.40032e+06
8.531	603.304	6.40032e+06
8.532	603.374	6.40032e+06
8.533	603.445	6.40032e+06
8.534	603.516	6.40032e+06
8.535	603.586	6.40032e+06
8.536	603.657	6.40032e+06
8.537	603.728	6.40032e+06
8.538	603.798	6.40032e+06
8.539	603.869	6.40032e+06
8.54	603.94	6.40032e+06
8.541	604.011	6.40032e+06
8.542	604.081	6.40032e+06
8.543	604.152	6.40032e+06
8.544	604.223	6.40032e+06
8.545	604.293	6.40032e+06
8.546	604.364	6.40032e+06
8.547	604.435	6.40032e+06
8.548	604.506	6.40032e+06
8.549	604.576	6.40032e+06
8.55	604.647	6.40032e+06
8.551	604.718	6.40032e+06
8.552	604.788	6.40032e+06
8.553	604.859	6.40032e+06
8.554	604.93	6.40032e+06
8.555	605.001	6.40032e+06
8.556	605.071	6.40032e+06
8.557	605.142	6.40032e+06
8.558	605.213	6.40032e+06
8.559	605.283	6.40032e+06
8.56	605.354	6.40032e+06
8.561	605.425	6.40032e+06
8.562	605.496	6.40032e+06
8.563	605.566	6.40032e+06
8.564	605.637	6.40032e+06
8.565	605.708	6.40032e+06
8.566	605.778	6.40032e+06
8.567	605.849	6.40032e+06
8.568	605.92	6.40032e+06
8.569	605.991	6.40032e+06
8.57	606.061	6.40032e+06
8.571	606.132	6.40032e+06
8.572	606.203	6.40032e+06
8.573	606.273	6.40032e+06
8.574	606.344	6.40032e+06
8.575	606.415	6.40032e+06
8.576	606.485	6.40032e+06
8.577	606.556	6.40032e+06
8.578	606.627	6.40032e+06
8.579	606.698	6.40032e+06
8.58	606.768	6.40032e+06
8.581	606.839	6.40032e+06
8.582	606.91	6.40032e+06
8.583	606.98	6.40032e+06
8.584	607.051	6.40032e+06
8.585	607.122	6.40032e+06
8.586	607.193	6.40032e+06
8.587	607.263	6.40032e+06
8.588	607.334	6.40032e+06
8.589	607.405	6.40032e+06
8.59	607.475	6.40032e+06
8.591	607.546	6.40032e+06
8.592	607.617	6.40032e+06
8.593	607.688	6.40032e+06
8.594	607.758	6.40032e+06
8.595	607.829	6.40032e+06
8.596	607.9	6.40032e+06
8.597	607.97	6.40032e+06
8.598	608.041	6.40032e+06
8.599	608.112	6.40032e+06
8.6	608.183	6.40032e+06
8.601	608.253	6.40032e+06
8.602	608.324	6.40032e+06
8.603	608.395	6.40032e+06
8.604	608.465	6.40032e+06
8.605	608.536	6.40032e+06
8.606	608.607	6.40032e+06
8.607	608.678	6.40032e+06
8.608	608.748	6.40032e+06
8.609	608.819	6.40032e+06
8.61	608.89	6.40032e+06
8.611	608.96	6.40032e+06
8.612	609.031	6.40032e+06
8.613	609.102	6.40032e+06
8.614	609.172	6.40032e+06
8.615	609.243	6.40032e+06
8.616	609.314	6.40032e+06
8.617	609.385	6.40032e+06
8.618	609.455	6.40032e+06
8.619	609.526	6.40032e+06
8.62	609.597	6.40032e+06
8.621	609.667	6.40032e+06
8.622	609.738	6.40032e+06
8.623	609.809	6.40032e+06
8.624	609.88	6.40032e+06
8.625	609.95	6.40032e+06
8.626	610.021	6.40032e+06
8.627	610.092	6.40032e+06
8.628	610.162	6.40032e+06
8.629	610.233	6.40032e+06
8.63	610.304	6.40032e+06
8.631	610.375	6.40032e+06
8.632	610.445	6.40032e+06
8.633	610.516	6.40032e+06
8.634	610.587	6.40032e+06
8.635	610.657	6.40032e+06
8.636	610.728	6.40032e+06
8.637	610.799	6.40032e+06
8.638	610.87	6.40032e+06
8.639	610.94	6.40032e+06
8.64	611.011	6.40032e+06
8.641	611.082	6.40032e+06
8.642	611.152	6.40032e+06
8.643	611.223	6.40032e+06
8.644	611.294	6.40032e+06
8.645	611.365	6.40032e+06
8.646	611.435	6.40032e+06
8.647	611.506	6.40032e+06
8.648	611.577	6.40032e+06
8.649	611.647	6.40032e+06
8.65	611.718	6.40032e+06
8.651	611.789	6.40032e+06
8.652	611.859	6.40032e+06
8.653	611.93	6.40032e+06
8.654	612.001	6.40032e+06
8.655	612.072	6.40032e+06
8.656	612.142	6.40032e+06
8.657	612.213	6.40032e+06
8.658	612.284	6.40032e+06
8.659	612.354	6.40032e+06
8.66	612.425	6.40032e+06
8.661	612.496	6.40032e+06
8.662	612.567	6.40032e+06
8.663	612.637	6.40032e+06
8.664	612.708	6.40032e+06
8.665	612.779	6.40032e+06
8.666	612.849	6.40032e+06
8.667	612.92	6.40032e+06
8.668	612.991	6.40032e+06
8.669	613.062	6.40032e+06
8.67	613.132	6.40032e+06
8.671	613.203	6.40032e+06
8.672	613.274	6.40032e+06
8.673	613.344	6.40032e+06
8.674	613.415	6.40032e+06
8.675	613.486	6.40032e+06
8.676	613.557	6.40032e+06
8.677	613.627	6.40032e+06
8.678	613.698	6.40032e+06
8.679	613.769	6.40032e+06
8.68	613.839	6.40032e+06
8.681	613.91	6.40032e+06
8.682	613.981	6.40032e+06
8.683	614.052	6.40032e+06
8.684	614.122	6.40032e+06
8.685	614.193	6.40032e+06
8.686	614.264	6.40032e+06
8.687	614.334	6.40032e+06
8.688	614.405	6.40032e+06
8.689	614.476	6.40032e+06
8.69	614.547	6.40032e+06
8.691	614.617	6.40032e+06
8.692	614.688	6.40032e+06
8.693	614.759	6.40032e+06
8.694	614.829	6.40032e+06
8.695	614.9	6.40032e+06
8.696	614.971	6.40032e+06
8.697	615.041	6.40032e+06
8.698	615.112	6.40032e+06
8.699	615.183	6.40032e+06
8.7	615.254	6.40032e+06
8.701	615.324	6.40032e+06
8.702	615.395	6.40032e+06
8.703	615.466	6.40032e+06
8.704	615.536	6.40032e+06
8.705	615.607	6.40032e+06
8.706	615.678	6.40032e+06
8.707	615.749	6.40032e+06
8.708	615.819	6.40032e+06
8.709	615.89	6.40032e+06
8.71	615.961	6.40032e+06
8.711	616.031	6.40032e+06
8.712	616.102	6.40032e+06
8.713	616.173	6.40032e+06
8.714	616.244	6.40032e+06
8.715	616.314	6.40032e+06
8.716	616.385	6.40032e+06
8.717	616.456	6.40032e+06
8.718	616.526	6.40032e+06
8.719	616.597	6.40032e+06
8.72	616.668	6.40032e+06
8.721	616.739	6.40032e+06
8.722	616.809	6.40032e+06
8.723	616.88	6.40032e+06
8.724	616.951	6.40032e+06
8.725	617.021	6.40032e+06
8.726	617.092	6.40032e+06
8.727	617.163	6.40032e+06
8.728	617.234	6.40032e+06
8.729	617.304	6.40032e+06
8.73	617.375	6.40032e+06
8.731	617.446	6.40032e+06
8.732	617.516	6.40032e+06
8.733	617.587	6.40032e+06
8.734	617.658	6.40032e+06
8.735	617.728	6.40032e+06
8.736	617.799	6.40032e+06
8.737	617.87	6.40032e+06
8.738	617.941	6.40032e+06
8.739	618.011	6.40032e+06
8.74	618.082	6.40032e+06
8.741	618.153	6.40032e+06
8.742	618.223	6.40032e+06
8.743	618.294	6.40032e+06
8.744	618.365	6.40032e+06
8.745	618.436	6.40032e+06
8.746	618.506	6.40032e+06
8.747	618.577	6.40032e+06
8.748	618.648	6.40032e+06
8.749	618.718	6.40032e+06
8.75	618.789	6.40032e+06
8.751	618.86	6.40032e+06
8.752	618.931	6.40032e+06
8.753	619.001	6.40032e+06
8.754	619.072	6.40032e+06
8.755	619.143	6.40032e+06
8.756	619.213	6.40032e+06
8.757	619.284	6.40032e+06
8.758	619.355	6.40032e+06
8.759	619.426	6.40032e+06
8.76	619.496	6.40032e+06
8.761	619.567	6.40032e+06
8.762	619.638	6.40032e+06
8.763	619.708	6.40032e+06
8.764	619.779	6.40032e+06
8.765	619.85	6.40032e+06
8.766	619.921	6.40032e+06
8.767	619.991	6.40032e+06
8.768	620.062	6.40032e+06
8.769	620.133	6.40032e+06
8.77	620.203	6.40032e+06
8.771	620.274	6.40032e+06
8.772	620.345	6.40032e+06
8.773	620.415	6.40032e+06
8.774	620.486	6.40032e+06
8.775	620.557	6.40032e+06
8.776	620.628	6.40032e+06
8.777	620.698	6.40032e+06
8.778	620.769	6.40032e+06
8.779	620.84	6.40032e+06
8.78	620.91	6.40032e+06
8.781	620.981	6.40032e+06
8.782	621.052	6.40032e+06
8.783	621.123	6.40032e+06
8.784	621.193	6.40032e+06
8.785	621.264	6.40032e+06
8.786	621.335	6.40032e+06
8.787	621.405	6.40032e+06
8.788	621.476	6.40032e+06
8.789	621.547	6.40032e+06
8.79	621.618	6.40032e+06
8.791	621.688	6.40032e+06
8.792	621.759	6.40032e+06
8.793	621.83	6.40032e+06
8.794	621.9	6.40032e+06
8.795	621.971	6.40032e+06
8.796	622.042	6.40032e+06
8.797	622.113	6.40032e+06
8.798	622.183	6.40032e+06
8.799	622.254	6.40032e+06
8.8	622.325	6.40032e+06
8.801	622.395	6.40032e+06
8.802	622.466	6.40032e+06
8.803	622.537	6.40032e+06
8.804	622.608	6.40032e+06
8.805	622.678	6.40032e+06
8.806	622.749	6.40032e+06
8.807	622.82	6.40032e+06
8.808	622.89	6.40032e+06
8.809	622.961	6.40032e+06
8.81	623.032	6.40032e+06
8.811	623.102	6.40032e+06
8.812	623.173	6.40032e+06
8.813	623.244	6.40032e+06
8.814	623.315	6.40032e+06
8.815	623.385	6.40032e+06
8.816	623.456	6.40032e+06
8.817	623.527	6.40032e+06
8.818	623.597	6.40032e+06
8.819	623.668	6.40032e+06
8.82	623.739	6.40032e+06
8.821	623.81	6.40032e+06
8.822	623.88	6.40032e+06
8.823	623.951	6.40032e+06
8.824	624.022	6.40032e+06
8.825	624.092	6.40032e+06
8.826	624.163	6.40032e+06
8.827	624.234	6.40032e+06
8.828	624.305	6.40032e+06
8.829	624.375	6.40032e+06
8.83	624.446	6.40032e+06
8.831	624.517	6.40032e+06
8.832	624.587	6.40032e+06
8.833	624.658	6.40032e+06
8.834	624.729	6.40032e+06
8.835	624.8	6.40032e+06
8.836	624.87	6.40032e+06
8.837	624.941	6.40032e+06
8.838	625.012	6.40032e+06
8.839	625.082	6.40033e+06
8.84	625.153	6.40033e+06
8.841	625.224	6.40033e+06
8.842	625.295	6.40033e+06
8.843	625.365	6.40033e+06
8.844	625.436	6.40033e+06
8.845	625.507	6.40033e+06
8.846	625.577	6.40033e+06
8.847	625.648	6.40033e+06
8.848	625.719	6.40033e+06
8.849	625.79	6.40033e+06
8.85	625.86	6.40033e+06
8.851	625.931	6.40033e+06
8.852	626.002	6.40033e+06
8.853	626.072	6.40033e+06
8.854	626.143	6.40033e+06
8.855	626.214	6.40033e+06
8.856	626.284	6.40033e+06
8.857	626.355	6.40033e+06
8.858	626.426	6.40033e+06
8.859	626.497	6.40033e+06
8.86	626.567	6.40033e+06
8.861	626.638	6.40033e+06
8.862	626.709	6.40033e+06
8.863	626.779	6.40033e+06
8.864	626.85	6.40033e+06
8.865	626.921	6.40033e+06
8.866	626.992	6.40033e+06
8.867	627.062	6.40033e+06
8.868	627.133	6.40033e+06
8.869	627.204	6.40033e+06
8.87	627.274	6.40033e+06
8.871	627.345	6.40033e+06
8.872	627.416	6.40033e+06
8.873	627.487	6.40033e+06
8.874	627.557	6.40033e+06
8.875	627.628	6.40033e+06
8.876	627.699	6.40033e+06
8.877	627.769	6.40033e+06
8.878	627.84	6.40033e+06
8.879	627.911	6.40033e+06
8.88	627.982	6.40033e+06
8.881	628.052	6.40033e+06
8.882	628.123	6.40033e+06
8.883	628.194	6.40033e+06
8.884	628.264	6.40033e+06
8.885	628.335	6.40033e+06
8.886	628.406	6.40033e+06
8.887	628.477	6.40033e+06
8.888	628.547	6.40033e+06
8.889	628.618	6.40033e+06
8.89	628.689	6.40033e+06
8.891	628.759	6.40033e+06
8.892	628.83	6.40033e+06
8.893	628.901	6.40033e+06
8.894	628.971	6.40033e+06
8.895	629.042	6.40033e+06
8.896	629.113	6.40033e+06
8.897	629.184	6.40033e+06
8.898	629.254	6.40033e+06
8.899	629.325	6.40033e+06
8.9	629.396	6.40033e+06
8.901	629.466	6.40033e+06
8.902	629.537	6.40033e+06
8.903	629.608	6.40033e+06
8.904	629.679	6.40033e+06
8.905	629.749	6.40033e+06
8.906	629.82	6.40033e+06
8.907	629.891	6.40033e+06
8.908	629.961	6.40033e+06
8.909	630.032	6.40033e+06
8.91	630.103	6.40033e+06
8.911	630.174	6.40033e+06
8.912	630.244	6.40033e+06
8.913	630.315	6.40033e+06
8.914	630.386	6.40033e+06
8.915	630.456	6.40033e+06
8.916	630.527	6.40033e+06
8.917	630.598	6.40033e+06
8.918	630.669	6.40033e+06
8.919	630.739	6.40033e+06
8.92	630.81	6.40033e+06
8.921	630.881	6.40033e+06
8.922	630.951	6.40033e+06
8.923	631.022	6.40033e+06
8.924	631.093	6.40033e+06
8.925	631.164	6.40033e+06
8.926	631.234	6.40033e+06
8.927	631.305	6.40033e+06
8.928	631.376	6.40033e+06
8.929	631.446	6.40033e+06
8.93	631.517	6.40033e+06
8.931	631.588	6.40033e+06
8.932	631.658	6.40033e+06
8.933	631.729	6.40033e+06
8.934	631.8	6.40033e+06
8.935	631.871	6.40033e+06
8.936	631.941	6.40033e+06
8.937	632.012	6.40033e+06
8.938	632.083	6.40033e+06
8.939	632.153	6.40033e+06
8.94	632.224	6.40033e+06
8.941	632.295	6.40033e+06
8.942	632.366	6.40033e+06
8.943	632.436	6.40033e+06
8.944	632.507	6.40033e+06
8.945	632.578	6.40033e+06
8.946	632.648	6.40033e+06
8.947	632.719	6.40033e+06
8.948	632.79	6.40033e+06
8.949	632.861	6.40033e+06
8.95	632.931	6.40033e+06
8.951	633.002	6.40033e+06
8.952	633.073	6.40033e+06
8.953	633.143	6.40033e+06
8.954	633.214	6.40033e+06
8.955	633.285	6.40033e+06
8.956	633.356	6.40033e+06
8.957	633.426	6.40033e+06
8.958	633.497	6.40033e+06
8.959	633.568	6.40033e+06
8.96	633.638	6.40033e+06
8.961	633.709	6.40033e+06
8.962	633.78	6.40033e+06
8.963	633.851	6.40033e+06
8.964	633.921	6.40033e+06
8.965	633.992	6.40033e+06
8.966	634.063	6.40033e+06
8.967	634.133	6.40033e+06
8.968	634.204	6.40033e+06
8.969	634.275	6.40033e+06
8.97	634.345	6.40033e+06
8.971	634.416	6.40033e+06
8.972	634.487	6.40033e+06
8.973	634.558	6.40033e+06
8.974	634.628	6.40033e+06
8.975	634.699	6.40033e+06
8.976	634.77	6.40033e+06
8.977	634.84	6.40033e+06
8.978	634.911	6.40033e+06
8.979	634.982	6.40033e+06
8.98	635.053	6.40033e+06
8.981	635.123	6.40033e+06
8.982	635.194	6.40033e+06
8.983	635.265	6.40033e+06
8.984	635.335	6.40033e+06
8.985	635.406	6.40033e+06
8.986	635.477	6.40033e+06
8.987	635.548	6.40033e+06
8.988	635.618	6.40033e+06
8.989	635.689	6.40033e+06
8.99	635.76	6.40033e+06
8.991	635.83	6.40033e+06
8.992	635.901	6.40033e+06
8.993	635.972	6.40033e+06
8.994	636.043	6.40033e+06
8.995	636.113	6.40033e+06
8.996	636.184	6.40033e+06
8.997	636.255	6.40033e+06
8.998	636.325	6.40033e+06
8.999	636.396	6.40033e+06
9	636.467	6.40033e+06
9.001	636.538	6.40033e+06
9.002	636.608	6.40033e+06
9.003	636.679	6.40033e+06
9.004	636.75	6.40033e+06
9.005	636.82	6.40033e+06
9.006	636.891	6.40033e+06
9.007	636.962	6.40033e+06
9.008	637.032	6.40033e+06
9.009	637.103	6.40033e+06
9.01	637.174	6.40033e+06
9.011	637.245	6.40033e+06
9.012	637.315	6.40033e+06
9.013	637.386	6.40033e+06
9.014	637.457	6.40033e+06
9.015	637.527	6.40033e+06
9.016	637.598	6.40033e+06
9.017	637.669	6.40033e+06
9.018	637.74	6.40033e+06
9.019	637.81	6.40033e+06
9.02	637.881	6.40033e+06
9.021	637.952	6.40033e+06
9.022	638.022	6.40033e+06
9.023	638.093	6.40033e+06
9.024	638.164	6.40033e+06
9.025	638.235	6.40033e+06
9.026	638.305	6.40033e+06
9.027	638.376	6.40033e+06
9.028	638.447	6.40033e+06
9.029	638.517	6.40033e+06
9.03	638.588	6.40033e+06
9.031	638.659	6.40033e+06
9.032	638.73	6.40033e+06
9.033	638.8	6.40033e+06
9.034	638.871	6.40033e+06
9.035	638.942	6.40033e+06
9.036	639.012	6.40033e+06
9.037	639.083	6.40033e+06
9.038	639.154	6.40033e+06
9.039	639.225	6.40033e+06
9.04	639.295	6.40033e+06
9.041	639.366	6.40033e+06
9.042	639.437	6.40033e+06
9.043	639.507	6.40033e+06
9.044	639.578	6.40033e+06
9.045	639.649	6.40033e+06
9.046	639.72	6.40033e+06
9.047	639.79	6.40033e+06
9.048	639.861	6.40033e+06
9.049	639.932	6.40033e+06
9.05	640.002	6.40033e+06
9.051	640.073	6.40033e+06
9.052	640.144	6.40033e+06
9.053	640.214	6.40033e+06
9.054	640.285	6.40033e+06
9.055	640.356	6.40033e+06
9.056	640.427	6.40033e+06
9.057	640.497	6.40033e+06
9.058	640.568	6.40033e+06
9.059	640.639	6.40033e+06
9.06	640.709	6.40033e+06
9.061	640.78	6.40033e+06
9.062	640.851	6.40033e+06
9.063	640.922	6.40033e+06
9.064	640.992	6.40033e+06
9.065	641.063	6.40033e+06
9.066	641.134	6.40033e+06
9.067	641.204	6.40033e+06
9.068	641.275	6.40033e+06
9.069	641.346	6.40033e+06
9.07	641.417	6.40033e+06
9.071	641.487	6.40033e+06
9.072	641.558	6.40033e+06
9.073	641.629	6.40033e+06
9.074	641.699	6.40033e+06
9.075	641.77	6.40033e+06
9.076	641.841	6.40033e+06
9.077	641.912	6.40033e+06
9.078	641.982	6.40033e+06
9.079	642.053	6.40033e+06
9.08	642.124	6.40033e+06
9.081	642.194	6.40033e+06
9.082	642.265	6.40033e+06
9.083	642.336	6.40033e+06
9.084	642.407	6.40033e+06
9.085	642.477	6.40033e+06
9.086	642.548	6.40033e+06
9.087	642.619	6.40033e+06
9.088	642.689	6.40033e+06
9.089	642.76	6.40033e+06
9.09	642.831	6.40033e+06
9.091	642.901	6.40033e+06
9.092	642.972	6.40033e+06
9.093	643.043	6.40033e+06
9.094	643.114	6.40033e+06
9.095	643.184	6.40033e+06
9.096	643.255	6.40033e+06
9.097	643.326	6.40033e+06
9.098	643.396	6.40033e+06
9.099	643.467	6.40033e+06
9.1	643.538	6.40033e+06
9.101	643.609	6.40033e+06
9.102	643.679	6.40033e+06
9.103	643.75	6.40033e+06
9.104	643.821	6.40033e+06
9.105	643.891	6.40033e+06
9.106	643.962	6.40033e+06
9.107	644.033	6.40033e+06
9.108	644.104	6.40033e+06
9.109	644.174	6.40033e+06
9.11	644.245	6.40033e+06
9.111	644.316	6.40033e+06
9.112	644.386	6.40033e+06
9.113	644.457	6.40033e+06
9.114	644.528	6.40033e+06
9.115	644.599	6.40033e+06
9.116	644.669	6.40033e+06
9.117	644.74	6.40033e+06
9.118	644.811	6.40033e+06
9.119	644.881	6.40033e+06
9.12	644.952	6.40033e+06
9.121	645.023	6.40033e+06
9.122	645.094	6.40033e+06
9.123	645.164	6.40033e+06
9.124	645.235	6.40033e+06
9.125	645.306	6.40033e+06
9.126	645.376	6.40033e+06
9.127	645.447	6.40033e+06
9.128	645.518	6.40033e+06
9.129	645.588	6.40033e+06
9.13	645.659	6.40033e+06
9.131	645.73	6.40033e+06
9.132	645.801	6.40033e+06
9.133	645.871	6.40033e+06
9.134	645.942	6.40033e+06
9.135	646.013	6.40033e+06
9.136	646.083	6.40033e+06
9.137	646.154	6.40033e+06
9.138	646.225	6.40033e+06
9.139	646.296	6.40033e+06
9.14	646.366	6.40033e+06
9.141	646.437	6.40033e+06
9.142	646.508	6.40033e+06
9.143	646.578	6.40033e+06
9.144	646.649	6.40033e+06
9.145	646.72	6.40033e+06
9.146	646.791	6.40033e+06
9.147	646.861	6.40033e+06
9.148	646.932	6.40033e+06
9.149	647.003	6.40033e+06
9.15	647.073	6.40033e+06
9.151	647.144	6.40033e+06
9.152	647.215	6.40033e+06
9.153	647.286	6.40033e+06
9.154	647.356	6.40033e+06
9.155	647.427	6.40033e+06
9.156	647.498	6.40033e+06
9.157	647.568	6.40033e+06
9.158	647.639	6.40033e+06
9.159	647.71	6.40033e+06
9.16	647.781	6.40033e+06
9.161	647.851	6.40033e+06
9.162	647.922	6.40033e+06
9.163	647.993	6.40033e+06
9.164	648.063	6.40033e+06
9.165	648.134	6.40033e+06
9.166	648.205	6.40033e+06
9.167	648.275	6.40033e+06
9.168	648.346	6.40033e+06
9.169	648.417	6.40033e+06
9.17	648.488	6.40033e+06
9.171	648.558	6.40033e+06
9.172	648.629	6.40033e+06
9.173	648.7	6.40033e+06
9.174	648.77	6.40033e+06
9.175	648.841	6.40033e+06
9.176	648.912	6.40033e+06
9.177	648.983	6.40033e+06
9.178	649.053	6.40033e+06
9.179	649.124	6.40033e+06
9.18	649.195	6.40033e+06
9.181	649.265	6.40033e+06
9.182	649.336	6.40033e+06
9.183	649.407	6.40033e+06
9.184	649.478	6.40033e+06
9.185	649.548	6.40033e+06
9.186	649.619	6.40033e+06
9.187	649.69	6.40033e+06
9.188	649.76	6.40033e+06
9.189	649.831	6.40033e+06
9.19	649.902	6.40033e+06
9.191	649.973	6.40033e+06
9.192	650.043	6.40033e+06
9.193	650.114	6.40033e+06
9.194	650.185	6.40033e+06
9.195	650.255	6.40033e+06
9.196	650.326	6.40033e+06
9.197	650.397	6.40033e+06
9.198	650.468	6.40033e+06
9.199	650.538	6.40033e+06
9.2	650.609	6.40033e+06
9.201	650.68	6.40033e+06
9.202	650.75	6.40033e+06
9.203	650.821	6.40033e+06
9.204	650.892	6.40033e+06
9.205	650.963	6.40033e+06
9.206	651.033	6.40033e+06
9.207	651.104	6.40033e+06
9.208	651.175	6.40033e+06
9.209	651.245	6.40033e+06
9.21	651.316	6.40033e+06
9.211	651.387	6.40033e+06
9.212	651.457	6.40033e+06
9.213	651.528	6.40033e+06
9.214	651.599	6.40033e+06
9.215	651.67	6.40033e+06
9.216	651.74	6.40033e+06
9.217	651.811	6.40033e+06
9.218	651.882	6.40033e+06
9.219	651.952	6.40033e+06
9.22	652.023	6.40033e+06
9.221	652.094	6.40033e+06
9.222	652.165	6.40033e+06
9.223	652.235	6.40033e+06
9.224	652.306	6.40033e+06
9.225	652.377	6.40033e+06
9.226	652.447	6.40033e+06
9.227	652.518	6.40033e+06
9.228	652.589	6.40033e+06
9.229	652.66	6.40033e+06
9.23	652.73	6.40033e+06
9.231	652.801	6.40033e+06
9.232	652.872	6.40033e+06
9.233	652.942	6.40033e+06
9.234	653.013	6.40033e+06
9.235	653.084	6.40033e+06
9.236	653.155	6.40033e+06
9.237	653.225	6.40033e+06
9.238	653.296	6.40033e+06
9.239	653.367	6.40033e+06
9.24	653.437	6.40033e+06
9.241	653.508	6.40033e+06
9.242	653.579	6.40033e+06
9.243	653.65	6.40033e+06
9.244	653.72	6.40033e+06
9.245	653.791	6.40033e+06
9.246	653.862	6.40033e+06
9.247	653.932	6.40033e+06
9.248	654.003	6.40033e+06
9.249	654.074	6.40033e+06
9.25	654.144	6.40033e+06
9.251	654.215	6.40033e+06
9.252	654.286	6.40033e+06
9.253	654.357	6.40033e+06
9.254	654.427	6.40033e+06
9.255	654.498	6.40033e+06
9.256	654.569	6.40033e+06
9.257	654.639	6.40033e+06
9.258	654.71	6.40033e+06
9.259	654.781	6.40033e+06
9.26	654.852	6.40033e+06
9.261	654.922	6.40033e+06
9.262	654.993	6.40033e+06
9.263	655.064	6.40033e+06
9.264	655.134	6.40033e+06
9.265	655.205	6.40033e+06
9.266	655.276	6.40033e+06
9.267	655.347	6.40033e+06
9.268	655.417	6.40033e+06
9.269	655.488	6.40033e+06
9.27	655.559	6.40033e+06
9.271	655.629	6.40033e+06
9.272	655.7	6.40033e+06
9.273	655.771	6.40033e+06
9.274	655.842	6.40033e+06
9.275	655.912	6.40033e+06
9.276	655.983	6.40033e+06
9.277	656.054	6.40033e+06
9.278	656.124	6.40033e+06
9.279	656.195	6.40033e+06
9.28	656.266	6.40033e+06
9.281	656.337	6.40033e+06
9.282	656.407	6.40033e+06
9.283	656.478	6.40033e+06
9.284	656.549	6.40033e+06
9.285	656.619	6.40033e+06
9.286	656.69	6.40033e+06
9.287	656.761	6.40033e+06
9.288	656.831	6.40033e+06
9.289	656.902	6.40033e+06
9.29	656.973	6.40033e+06
9.291	657.044	6.40033e+06
9.292	657.114	6.40033e+06
9.293	657.185	6.40033e+06
9.294	657.256	6.40033e+06
9.295	657.326	6.40033e+06
9.296	657.397	6.40033e+06
9.297	657.468	6.40033e+06
9.298	657.539	6.40033e+06
9.299	657.609	6.40033e+06
9.3	657.68	6.40033e+06
9.301	657.751	6.40033e+06
9.302	657.821	6.40033e+06
9.303	657.892	6.40033e+06
9.304	657.963	6.40033e+06
9.305	658.034	6.40033e+06
9.306	658.104	6.40033e+06
9.307	658.175	6.40033e+06
9.308	658.246	6.40033e+06
9.309	658.316	6.40033e+06
9.31	658.387	6.40033e+06
9.311	658.458	6.40033e+06
9.312	658.529	6.40033e+06
9.313	658.599	6.40033e+06
9.314	658.67	6.40033e+06
9.315	658.741	6.40033e+06
9.316	658.811	6.40033e+06
9.317	658.882	6.40033e+06
9.318	658.953	6.40033e+06
9.319	659.024	6.40033e+06
9.32	659.094	6.40033e+06
9.321	659.165	6.40033e+06
9.322	659.236	6.40033e+06
9.323	659.306	6.40033e+06
9.324	659.377	6.40033e+06
9.325	659.448	6.40033e+06
9.326	659.518	6.40033e+06
9.327	659.589	6.40033e+06
9.328	659.66	6.40033e+06
9.329	659.731	6.40033e+06
9.33	659.801	6.40033e+06
9.331	659.872	6.40033e+06
9.332	659.943	6.40033e+06
9.333	660.013	6.40033e+06
9.334	660.084	6.40033e+06
9.335	660.155	6.40033e+06
9.336	660.226	6.40033e+06
9.337	660.296	6.40033e+06
9.338	660.367	6.40033e+06
9.339	660.438	6.40033e+06
9.34	660.508	6.40033e+06
9.341	660.579	6.40033e+06
9.342	660.65	6.40033e+06
9.343	660.721	6.40033e+06
9.344	660.791	6.40033e+06
9.345	660.862	6.40033e+06
9.346	660.933	6.40033e+06
9.347	661.003	6.40033e+06
9.348	661.074	6.40033e+06
9.349	661.145	6.40033e+06
9.35	661.216	6.40033e+06
9.351	661.286	6.40033e+06
9.352	661.357	6.40033e+06
9.353	661.428	6.40033e+06
9.354	661.498	6.40033e+06
9.355	661.569	6.40033e+06
9.356	661.64	6.40033e+06
9.357	661.711	6.40033e+06
9.358	661.781	6.40033e+06
9.359	661.852	6.40033e+06
9.36	661.923	6.40033e+06
9.361	661.993	6.40033e+06
9.362	662.064	6.40033e+06
9.363	662.135	6.40033e+06
9.364	662.206	6.40033e+06
9.365	662.276	6.40033e+06
9.366	662.347	6.40033e+06
9.367	662.418	6.40033e+06
9.368	662.488	6.40033e+06
9.369	662.559	6.40033e+06
9.37	662.63	6.40033e+06
9.371	662.7	6.40033e+06
9.372	662.771	6.40033e+06
9.373	662.842	6.40033e+06
9.374	662.913	6.40033e+06
9.375	662.983	6.40033e+06
9.376	663.054	6.40033e+06
9.377	663.125	6.40033e+06
9.378	663.195	6.40033e+06
9.379	663.266	6.40033e+06
9.38	663.337	6.40033e+06
9.381	663.408	6.40033e+06
9.382	663.478	6.40033e+06
9.383	663.549	6.40033e+06
9.384	663.62	6.40033e+06
9.385	663.69	6.40033e+06
9.386	663.761	6.40033e+06
9.387	663.832	6.40033e+06
9.388	663.903	6.40033e+06
9.389	663.973	6.40033e+06
9.39	664.044	6.40033e+06
9.391	664.115	6.40033e+06
9.392	664.185	6.40033e+06
9.393	664.256	6.40033e+06
9.394	664.327	6.40033e+06
9.395	664.398	6.40033e+06
9.396	664.468	6.40033e+06
9.397	664.539	6.40033e+06
9.398	664.61	6.40033e+06
9.399	664.68	6.40033e+06
9.4	664.751	6.40033e+06
9.401	664.822	6.40033e+06
9.402	664.893	6.40033e+06
9.403	664.963	6.40033e+06
9.404	665.034	6.40033e+06
9.405	665.105	6.40033e+06
9.406	665.175	6.40033e+06
9.407	665.246	6.40033e+06
9.408	665.317	6.40033e+06
9.409	665.387	6.40033e+06
9.41	665.458	6.40033e+06
9.411	665.529	6.40033e+06
9.412	665.6	6.40033e+06
9.413	665.67	6.40033e+06
9.414	665.741	6.40033e+06
9.415	665.812	6.40033e+06
9.416	665.882	6.40033e+06
9.417	665.953	6.40033e+06
9.418	666.024	6.40033e+06
9.419	666.095	6.40033e+06
9.42	666.165	6.40033e+06
9.421	666.236	6.40033e+06
9.422	666.307	6.40033e+06
9.423	666.377	6.40033e+06
9.424	666.448	6.40033e+06
9.425	666.519	6.40033e+06
9.426	666.59	6.40033e+06
9.427	666.66	6.40033e+06
9.428	666.731	6.40033e+06
9.429	666.802	6.40033e+06
9.43	666.872	6.40033e+06
9.431	666.943	6.40033e+06
9.432	667.014	6.40033e+06
9.433	667.085	6.40033e+06
9.434	667.155	6.40033e+06
9.435	667.226	6.40033e+06
9.436	667.297	6.40033e+06
9.437	667.367	6.40033e+06
9.438	667.438	6.40033e+06
9.439	667.509	6.40033e+06
9.44	667.58	6.40033e+06
9.441	667.65	6.40033e+06
9.442	667.721	6.40033e+06
9.443	667.792	6.40033e+06
9.444	667.862	6.40033e+06
9.445	667.933	6.40033e+06
9.446	668.004	6.40033e+06
9.447	668.074	6.40033e+06
9.448	668.145	6.40033e+06
9.449	668.216	6.40033e+06
9.45	668.287	6.40033e+06
9.451	668.357	6.40033e+06
9.452	668.428	6.40033e+06
9.453	668.499	6.40033e+06
9.454	668.569	6.40033e+06
9.455	668.64	6.40033e+06
9.456	668.711	6.40033e+06
9.457	668.782	6.40033e+06
9.458	668.852	6.40033e+06
9.459	668.923	6.40033e+06
9.46	668.994	6.40033e+06
9.461	669.064	6.40033e+06
9.462	669.135	6.40033e+06
9.463	669.206	6.40033e+06
9.464	669.277	6.40033e+06
9.465	669.347	6.40033e+06
9.466	669.418	6.40033e+06
9.467	669.489	6.40033e+06
9.468	669.559	6.40033e+06
9.469	669.63	6.40033e+06
9.47	669.701	6.40033e+06
9.471	669.772	6.40033e+06
9.472	669.842	6.40033e+06
9.473	669.913	6.40033e+06
9.474	669.984	6.40033e+06
9.475	670.054	6.40033e+06
9.476	670.125	6.40033e+06
9.477	670.196	6.40033e+06
9.478	670.267	6.40033e+06
9.479	670.337	6.40033e+06
9.48	670.408	6.40033e+06
9.481	670.479	6.40033e+06
9.482	670.549	6.40033e+06
9.483	670.62	6.40033e+06
9.484	670.691	6.40033e+06
9.485	670.761	6.40033e+06
9.486	670.832	6.40033e+06
9.487	670.903	6.40033e+06
9.488	670.974	6.40033e+06
9.489	671.044	6.40033e+06
9.49	671.115	6.40033e+06
9.491	671.186	6.40033e+06
9.492	671.256	6.40033e+06
9.493	671.327	6.40033e+06
9.494	671.398	6.40033e+06
9.495	671.469	6.40033e+06
9.496	671.539	6.40033e+06
9.497	671.61	6.40033e+06
9.498	671.681	6.40033e+06
9.499	671.751	6.40033e+06
9.5	671.822	6.40033e+06
9.501	671.893	6.40033e+06
9.502	671.964	6.40033e+06
9.503	672.034	6.40033e+06
9.504	672.105	6.40033e+06
9.505	672.176	6.40033e+06
9.506	672.246	6.40033e+06
9.507	672.317	6.40033e+06
9.508	672.388	6.40033e+06
9.509	672.459	6.40033e+06
9.51	672.529	6.40033e+06
9.511	672.6	6.40033e+06
9.512	672.671	6.40033e+06
9.513	672.741	6.40033e+06
9.514	672.812	6.40033e+06
9.515	672.883	6.40033e+06
9.516	672.954	6.40033e+06
9.517	673.024	6.40033e+06
9.518	673.095	6.40033e+06
9.519	673.166	6.40033e+06
9.52	673.236	6.40033e+06
9.521	673.307	6.40033e+06
9.522	673.378	6.40033e+06
9.523	673.448	6.40033e+06
9.524	673.519	6.40033e+06
9.525	673.59	6.40033e+06
9.526	673.661	6.40033e+06
9.527	673.731	6.40033e+06
9.528	673.802	6.40033e+06
9.529	673.873	6.40033e+06
9.53	673.943	6.40033e+06
9.531	674.014	6.40033e+06
9.532	674.085	6.40033e+06
9.533	674.156	6.40033e+06
9.534	674.226	6.40033e+06
9.535	674.297	6.40033e+06
9.536	674.368	6.40033e+06
9.537	674.438	6.40033e+06
9.538	674.509	6.40033e+06
9.539	674.58	6.40033e+06
9.54	674.651	6.40033e+06
9.541	674.721	6.40033e+06
9.542	674.792	6.40033e+06
9.543	674.863	6.40033e+06
9.544	674.933	6.40033e+06
9.545	675.004	6.40033e+06
9.546	675.075	6.40033e+06
9.547	675.146	6.40033e+06
9.548	675.216	6.40033e+06
9.549	675.287	6.40033e+06
9.55	675.358	6.40033e+06
9.551	675.428	6.40033e+06
9.552	675.499	6.40033e+06
9.553	675.57	6.40033e+06
9.554	675.641	6.40033e+06
9.555	675.711	6.40033e+06
9.556	675.782	6.40033e+06
9.557	675.853	6.40033e+06
9.558	675.923	6.40033e+06
9.559	675.994	6.40033e+06
9.56	676.065	6.40033e+06
9.561	676.136	6.40033e+06
9.562	676.206	6.40033e+06
9.563	676.277	6.40033e+06
9.564	676.348	6.40033e+06
9.565	676.418	6.40033e+06
9.566	676.489	6.40033e+06
9.567	676.56	6.40033e+06
9.568	676.63	6.40033e+06
9.569	676.701	6.40033e+06
9.57	676.772	6.40033e+06
9.571	676.843	6.40033e+06
9.572	676.913	6.40033e+06
9.573	676.984	6.40033e+06
9.574	677.055	6.40033e+06
9.575	677.125	6.40033e+06
9.576	677.196	6.40033e+06
9.577	677.267	6.40033e+06
9.578	677.338	6.40033e+06
9.579	677.408	6.40033e+06
9.58	677.479	6.40033e+06
9.581	677.55	6.40033e+06
9.582	677.62	6.40033e+06
9.583	677.691	6.40033e+06
9.584	677.762	6.40033e+06
9.585	677.833	6.40033e+06
9.586	677.903	6.40033e+06
9.587	677.974	6.40033e+06
9.588	678.045	6.40033e+06
9.589	678.115	6.40033e+06
9.59	678.186	6.40033e+06
9.591	678.257	6.40033e+06
9.592	678.328	6.40033e+06
9.593	678.398	6.40033e+06
9.594	678.469	6.40033e+06
9.595	678.54	6.40033e+06
9.596	678.61	6.40033e+06
9.597	678.681	6.40033e+06
9.598	678.752	6.40033e+06
9.599	678.823	6.40033e+06
9.6	678.893	6.40033e+06
9.601	678.964	6.40033e+06
9.602	679.035	6.40033e+06
9.603	679.105	6.40033e+06
9.604	679.176	6.40033e+06
9.605	679.247	6.40033e+06
9.606	679.317	6.40033e+06
9.607	679.388	6.40033e+06
9.608	679.459	6.40033e+06
9.609	679.53	6.40033e+06
9.61	679.6	6.40033e+06
9.611	679.671	6.40033e+06
9.612	679.742	6.40033e+06
9.613	679.812	6.40033e+06
9.614	679.883	6.40033e+06
9.615	679.954	6.40033e+06
9.616	680.025	6.40033e+06
9.617	680.095	6.40033e+06
9.618	680.166	6.40033e+06
9.619	680.237	6.40033e+06
9.62	680.307	6.40033e+06
9.621	680.378	6.40033e+06
9.622	680.449	6.40033e+06
9.623	680.52	6.40033e+06
9.624	680.59	6.40033e+06
9.625	680.661	6.40033e+06
9.626	680.732	6.40033e+06
9.627	680.802	6.40033e+06
9.628	680.873	6.40033e+06
9.629	680.944	6.40033e+06
9.63	681.015	6.40033e+06
9.631	681.085	6.40033e+06
9.632	681.156	6.40033e+06
9.633	681.227	6.40033e+06
9.634	681.297	6.40033e+06
9.635	681.368	6.40033e+06
9.636	681.439	6.40033e+06
9.637	681.51	6.40033e+06
9.638	681.58	6.40033e+06
9.639	681.651	6.40033e+06
9.64	681.722	6.40033e+06
9.641	681.792	6.40033e+06
9.642	681.863	6.40033e+06
9.643	681.934	6.40033e+06
9.644	682.004	6.40033e+06
9.645	682.075	6.40033e+06
9.646	682.146	6.40033e+06
9.647	682.217	6.40033e+06
9.648	682.287	6.40033e+06
9.649	682.358	6.40033e+06
9.65	682.429	6.40033e+06
9.651	682.499	6.40033e+06
9.652	682.57	6.40033e+06
9.653	682.641	6.40033e+06
9.654	682.712	6.40033e+06
9.655	682.782	6.40033e+06
9.656	682.853	6.40033e+06
9.657	682.924	6.40033e+06
9.658	682.994	6.40033e+06
9.659	683.065	6.40033e+06
9.66	683.136	6.40033e+06
9.661	683.207	6.40033e+06
9.662	683.277	6.40033e+06
9.663	683.348	6.40033e+06
9.664	683.419	6.40033e+06
9.665	683.489	6.40033e+06
9.666	683.56	6.40033e+06
9.667	683.631	6.40033e+06
9.668	683.702	6.40033e+06
9.669	683.772	6.40033e+06
9.67	683.843	6.40033e+06
9.671	683.914	6.40033e+06
9.672	683.984	6.40033e+06
9.673	684.055	6.40033e+06
9.674	684.126	6.40033e+06
9.675	684.197	6.40033e+06
9.676	684.267	6.40033e+06
9.677	684.338	6.40033e+06
9.678	684.409	6.40033e+06
9.679	684.479	6.40033e+06
9.68	684.55	6.40033e+06
9.681	684.621	6.40033e+06
9.682	684.691	6.40033e+06
9.683	684.762	6.40033e+06
9.684	684.833	6.40033e+06
9.685	684.904	6.40033e+06
9.686	684.974	6.40033e+06
9.687	685.045	6.40033e+06
9.688	685.116	6.40033e+06
9.689	685.186	6.40033e+06
9.69	685.257	6.40033e+06
9.691	685.328	6.40033e+06
9.692	685.399	6.40033e+06
9.693	685.469	6.40033e+06
9.694	685.54	6.40033e+06
9.695	685.611	6.40033e+06
9.696	685.681	6.40033e+06
9.697	685.752	6.40033e+06
9.698	685.823	6.40033e+06
9.699	685.894	6.40033e+06
9.7	685.964	6.40033e+06
9.701	686.035	6.40033e+06
9.702	686.106	6.40033e+06
9.703	686.176	6.40033e+06
9.704	686.247	6.40033e+06
9.705	686.318	6.40033e+06
9.706	686.389	6.40033e+06
9.707	686.459	6.40033e+06
9.708	686.53	6.40033e+06
9.709	686.601	6.40033e+06
9.71	686.671	6.40033e+06
9.711	686.742	6.40033e+06
9.712	686.813	6.40033e+06
9.713	686.884	6.40033e+06
9.714	686.954	6.40033e+06
9.715	687.025	6.40033e+06
9.716	687.096	6.40033e+06
9.717	687.166	6.40033e+06
9.718	687.237	6.40033e+06
9.719	687.308	6.40033e+06
9.72	687.379	6.40033e+06
9.721	687.449	6.40033e+06
9.722	687.52	6.40033e+06
9.723	687.591	6.40033e+06
9.724	687.661	6.40033e+06
9.725	687.732	6.40033e+06
9.726	687.803	6.40033e+06
9.727	687.873	6.40033e+06
9.728	687.944	6.40033e+06
9.729	688.015	6.40033e+06
9.73	688.086	6.40033e+06
9.731	688.156	6.40033e+06
9.732	688.227	6.40033e+06
9.733	688.298	6.40033e+06
9.734	688.368	6.40033e+06
9.735	688.439	6.40033e+06
9.736	688.51	6.40033e+06
9.737	688.581	6.40033e+06
9.738	688.651	6.40033e+06
9.739	688.722	6.40033e+06
9.74	688.793	6.40033e+06
9.741	688.863	6.40033e+06
9.742	688.934	6.40033e+06
9.743	689.005	6.40033e+06
9.744	689.076	6.40033e+06
9.745	689.146	6.40033e+06
9.746	689.217	6.40033e+06
9.747	689.288	6.40033e+06
9.748	689.358	6.40033e+06
9.749	689.429	6.40033e+06
9.75	689.5	6.40033e+06
9.751	689.571	6.40033e+06
9.752	689.641	6.40033e+06
9.753	689.712	6.40033e+06
9.754	689.783	6.40033e+06
9.755	689.853	6.40033e+06
9.756	689.924	6.40033e+06
9.757	689.995	6.40033e+06
9.758	690.066	6.40033e+06
9.759	690.136	6.40033e+06
9.76	690.207	6.40033e+06
9.761	690.278	6.40033e+06
9.762	690.348	6.40033e+06
9.763	690.419	6.40033e+06
9.764	690.49	6.40033e+06
9.765	690.56	6.40033e+06
9.766	690.631	6.40033e+06
9.767	690.702	6.40033e+06
9.768	690.773	6.40033e+06
9.769	690.843	6.40033e+06
9.77	690.914	6.40033e+06
9.771	690.985	6.40033e+06
9.772	691.055	6.40033e+06
9.773	691.126	6.40033e+06
9.774	691.197	6.40033e+06
9.775	691.268	6.40033e+06
9.776	691.338	6.40033e+06
9.777	691.409	6.40032e+06
9.778	691.48	6.40032e+06
9.779	691.55	6.40032e+06
9.78	691.621	6.40032e+06
9.781	691.692	6.40032e+06
9.782	691.763	6.40032e+06
9.783	691.833	6.40032e+06
9.784	691.904	6.40032e+06
9.785	691.975	6.40032e+06
9.786	692.045	6.40032e+06
9.787	692.116	6.40032e+06
9.788	692.187	6.40032e+06
9.789	692.258	6.40032e+06
9.79	692.328	6.40032e+06
9.791	692.399	6.40032e+06
9.792	692.47	6.40032e+06
9.793	692.54	6.40032e+06
9.794	692.611	6.40032e+06
9.795	692.682	6.40032e+06
9.796	692.753	6.40032e+06
9.797	692.823	6.40032e+06
9.798	692.894	6.40032e+06
9.799	692.965	6.40032e+06
9.8	693.035	6.40032e+06
9.801	693.106	6.40032e+06
9.802	693.177	6.40032e+06
9.803	693.247	6.40032e+06
9.804	693.318	6.40032e+06
9.805	693.389	6.40032e+06
9.806	693.46	6.40032e+06
9.807	693.53	6.40032e+06
9.808	693.601	6.40032e+06
9.809	693.672	6.40032e+06
9.81	693.742	6.40032e+06
9.811	693.813	6.40032e+06
9.812	693.884	6.40032e+06
9.813	693.955	6.40032e+06
9.814	694.025	6.40032e+06
9.815	694.096	6.40032e+06
9.816	694.167	6.40032e+06
9.817	694.237	6.40032e+06
9.818	694.308	6.40032e+06
9.819	694.379	6.40032e+06
9.82	694.45	6.40032e+06
9.821	694.52	6.40032e+06
9.822	694.591	6.40032e+06
9.823	694.662	6.40032e+06
9.824	694.732	6.40032e+06
9.825	694.803	6.40032e+06
9.826	694.874	6.40032e+06
9.827	694.945	6.40032e+06
9.828	695.015	6.40032e+06
9.829	695.086	6.40032e+06
9.83	695.157	6.40032e+06
9.831	695.227	6.40032e+06
9.832	695.298	6.40032e+06
9.833	695.369	6.40032e+06
9.834	695.44	6.40032e+06
9.835	695.51	6.40032e+06
9.836	695.581	6.40032e+06
9.837	695.652	6.40032e+06
9.838	695.722	6.40032e+06
9.839	695.793	6.40032e+06
9.84	695.864	6.40032e+06
9.841	695.934	6.40032e+06
9.842	696.005	6.40032e+06
9.843	696.076	6.40032e+06
9.844	696.147	6.40032e+06
9.845	696.217	6.40032e+06
9.846	696.288	6.40032e+06
9.847	696.359	6.40032e+06
9.848	696.429	6.40032e+06
9.849	696.5	6.40032e+06
9.85	696.571	6.40032e+06
9.851	696.642	6.40032e+06
9.852	696.712	6.40032e+06
9.853	696.783	6.40032e+06
9.854	696.854	6.40032e+06
9.855	696.924	6.40032e+06
9.856	696.995	6.40032e+06
9.857	697.066	6.40032e+06
9.858	697.137	6.40032e+06
9.859	697.207	6.40032e+06
9.86	697.278	6.40032e+06
9.861	697.349	6.40032e+06
9.862	697.419	6.40032e+06
9.863	697.49	6.40032e+06
9.864	697.561	6.40032e+06
9.865	697.632	6.40032e+06
9.866	697.702	6.40032e+06
9.867	697.773	6.40032e+06
9.868	697.844	6.40032e+06
9.869	697.914	6.40032e+06
9.87	697.985	6.40032e+06
9.871	698.056	6.40032e+06
9.872	698.127	6.40032e+06
9.873	698.197	6.40032e+06
9.874	698.268	6.40032e+06
9.875	698.339	6.40032e+06
9.876	698.409	6.40032e+06
9.877	698.48	6.40032e+06
9.878	698.551	6.40032e+06
9.879	698.621	6.40032e+06
9.88	698.692	6.40032e+06
9.881	698.763	6.40032e+06
9.882	698.834	6.40032e+06
9.883	698.904	6.40032e+06
9.884	698.975	6.40032e+06
9.885	699.046	6.40032e+06
9.886	699.116	6.40032e+06
9.887	699.187	6.40032e+06
9.888	699.258	6.40032e+06
9.889	699.329	6.40032e+06
9.89	699.399	6.40032e+06
9.891	699.47	6.40032e+06
9.892	699.541	6.40032e+06
9.893	699.611	6.40032e+06
9.894	699.682	6.40032e+06
9.895	699.753	6.40032e+06
9.896	699.824	6.40032e+06
9.897	699.894	6.40032e+06
9.898	699.965	6.40032e+06
9.899	700.036	6.40032e+06
9.9	700.106	6.40032e+06
9.901	700.177	6.40032e+06
9.902	700.248	6.40032e+06
9.903	700.319	6.40032e+06
9.904	700.389	6.40032e+06
9.905	700.46	6.40032e+06
9.906	700.531	6.40032e+06
9.907	700.601	6.40032e+06
9.908	700.672	6.40032e+06
9.909	700.743	6.40032e+06
9.91	700.814	6.40032e+06
9.911	700.884	6.40032e+06
9.912	700.955	6.40032e+06
9.913	701.026	6.40032e+06
9.914	701.096	6.40032e+06
9.915	701.167	6.40032e+06
9.916	701.238	6.40032e+06
9.917	701.309	6.40032e+06
9.918	701.379	6.40032e+06
9.919	701.45	6.40032e+06
9.92	701.521	6.40032e+06
9.921	701.591	6.40032e+06
9.922	701.662	6.40032e+06
9.923	701.733	6.40032e+06
9.924	701.803	6.40032e+06
9.925	701.874	6.40032e+06
9.926	701.945	6.40032e+06
9.927	702.016	6.40032e+06
9.928	702.086	6.40032e+06
9.929	702.157	6.40032e+06
9.93	702.228	6.40032e+06
9.931	702.298	6.40032e+06
9.932	702.369	6.40032e+06
9.933	702.44	6.40032e+06
9.934	702.511	6.40032e+06
9.935	702.581	6.40032e+06
9.936	702.652	6.40032e+06
9.937	702.723	6.40032e+06
9.938	702.793	6.40032e+06
9.939	702.864	6.40032e+06
9.94	702.935	6.40032e+06
9.941	703.006	6.40032e+06
9.942	703.076	6.40032e+06
9.943	703.147	6.40032e+06
9.944	703.218	6.40032e+06
9.945	703.288	6.40032e+06
9.946	703.359	6.40032e+06
9.947	703.43	6.40032e+06
9.948	703.501	6.40032e+06
9.949	703.571	6.40032e+06
9.95	703.642	6.40032e+06
9.951	703.713	6.40032e+06
9.952	703.783	6.40032e+06
9.953	703.854	6.40032e+06
9.954	703.925	6.40032e+06
9.955	703.996	6.40032e+06
9.956	704.066	6.40032e+06
9.957	704.137	6.40032e+06
9.958	704.208	6.40032e+06
9.959	704.278	6.40032e+06
9.96	704.349	6.40032e+06
9.961	704.42	6.40032e+06
9.962	704.49	6.40032e+06
9.963	704.561	6.40032e+06
9.964	704.632	6.40032e+06
9.965	704.703	6.40032e+06
9.966	704.773	6.40032e+06
9.967	704.844	6.40032e+06
9.968	704.915	6.40032e+06
9.969	704.985	6.40032e+06
9.97	705.056	6.40032e+06
9.971	705.127	6.40032e+06
9.972	705.198	6.40032e+06
9.973	705.268	6.40032e+06
9.974	705.339	6.40032e+06
9.975	705.41	6.40032e+06
9.976	705.48	6.40032e+06
9.977	705.551	6.40032e+06
9.978	705.622	6.40032e+06
9.979	705.693	6.40032e+06
9.98	705.763	6.40032e+06
9.981	705.834	6.40032e+06
9.982	705.905	6.40032e+06
9.983	705.975	6.40032e+06
9.984	706.046	6.40032e+06
9.985	706.117	6.40032e+06
9.986	706.188	6.40032e+06
9.987	706.258	6.40032e+06
9.988	706.329	6.40032e+06
9.989	706.4	6.40032e+06
9.99	706.47	6.40032e+06
9.991	706.541	6.40032e+06
9.992	706.612	6.40032e+06
9.993	706.683	6.40032e+06
9.994	706.753	6.40032e+06
9.995	706.824	6.40032e+06
9.996	706.895	6.40032e+06
9.997	706.965	6.40032e+06
9.998	707.036	6.40032e+06
9.999	707.107	6.40032e+06
10	707.177	6.40032e+06
10.001	707.248	6.40032e+06
10.002	707.319	6.40032e+06
10.003	707.39	6.40032e+06
10.004	707.46	6.40032e+06
10.005	707.531	6.40032e+06
10.006	707.602	6.40032e+06
10.007	707.672	6.40032e+06
10.008	707.743	6.40032e+06
10.009	707.814	6.40032e+06
10.01	707.885	6.40032e+06
10.011	707.955	6.40032e+06
10.012	708.026	6.40032e+06
10.013	708.097	6.40032e+06
10.014	708.167	6.40032e+06
10.015	708.238	6.40032e+06
10.016	708.309	6.40032e+06
10.017	708.38	6.40032e+06
10.018	708.45	6.40032e+06
10.019	708.521	6.40032e+06
10.02	708.592	6.40032e+06
10.021	708.662	6.40032e+06
10.022	708.733	6.40032e+06
10.023	708.804	6.40032e+06
10.024	708.875	6.40032e+06
10.025	708.945	6.40032e+06
10.026	709.016	6.40032e+06
10.027	709.087	6.40032e+06
10.028	709.157	6.40032e+06
10.029	709.228	6.40032e+06
10.03	709.299	6.40032e+06
10.031	709.37	6.40032e+06
10.032	709.44	6.40032e+06
10.033	709.511	6.40032e+06
10.034	709.582	6.40032e+06
10.035	709.652	6.40032e+06
10.036	709.723	6.40032e+06
10.037	709.794	6.40032e+06
10.038	709.864	6.40032e+06
10.039	709.935	6.40032e+06
10.04	710.006	6.40032e+06
10.041	710.077	6.40032e+06
10.042	710.147	6.40032e+06
10.043	710.218	6.40032e+06
10.044	710.289	6.40032e+06
10.045	710.359	6.40032e+06
10.046	710.43	6.40032e+06
10.047	710.501	6.40032e+06
10.048	710.572	6.40032e+06
10.049	710.642	6.40032e+06
10.05	710.713	6.40032e+06
10.051	710.784	6.40032e+06
10.052	710.854	6.40032e+06
10.053	710.925	6.40032e+06
10.054	710.996	6.40032e+06
10.055	711.067	6.40032e+06
10.056	711.137	6.40032e+06
10.057	711.208	6.40032e+06
10.058	711.279	6.40032e+06
10.059	711.349	6.40032e+06
10.06	711.42	6.40032e+06
10.061	711.491	6.40032e+06
10.062	711.562	6.40032e+06
10.063	711.632	6.40032e+06
10.064	711.703	6.40032e+06
10.065	711.774	6.40032e+06
10.066	711.844	6.40032e+06
10.067	711.915	6.40032e+06
10.068	711.986	6.40032e+06
10.069	712.057	6.40032e+06
10.07	712.127	6.40032e+06
10.071	712.198	6.40032e+06
10.072	712.269	6.40032e+06
10.073	712.339	6.40032e+06
10.074	712.41	6.40032e+06
10.075	712.481	6.40032e+06
10.076	712.552	6.40032e+06
10.077	712.622	6.40032e+06
10.078	712.693	6.40032e+06
10.079	712.764	6.40032e+06
10.08	712.834	6.40032e+06
10.081	712.905	6.40032e+06
10.082	712.976	6.40032e+06
10.083	713.046	6.40032e+06
10.084	713.117	6.40032e+06
10.085	713.188	6.40032e+06
10.086	713.259	6.40032e+06
10.087	713.329	6.40032e+06
10.088	713.4	6.40032e+06
10.089	713.471	6.40032e+06
10.09	713.541	6.40032e+06
10.091	713.612	6.40032e+06
10.092	713.683	6.40032e+06
10.093	713.754	6.40032e+06
10.094	713.824	6.40032e+06
10.095	713.895	6.40032e+06
10.096	713.966	6.40032e+06
10.097	714.036	6.40032e+06
10.098	714.107	6.40032e+06
10.099	714.178	6.40032e+06
10.1	714.249	6.40032e+06
10.101	714.319	6.40032e+06
10.102	714.39	6.40032e+06
10.103	714.461	6.40032e+06
10.104	714.531	6.40032e+06
10.105	714.602	6.40032e+06
10.106	714.673	6.40032e+06
10.107	714.744	6.40032e+06
10.108	714.814	6.40032e+06
10.109	714.885	6.40032e+06
10.11	714.956	6.40032e+06
10.111	715.026	6.40032e+06
10.112	715.097	6.40032e+06
10.113	715.168	6.40032e+06
10.114	715.239	6.40032e+06
10.115	715.309	6.40032e+06
10.116	715.38	6.40032e+06
10.117	715.451	6.40032e+06
10.118	715.521	6.40032e+06
10.119	715.592	6.40032e+06
10.12	715.663	6.40032e+06
10.121	715.733	6.40032e+06
10.122	715.804	6.40032e+06
10.123	715.875	6.40032e+06
10.124	715.946	6.40032e+06
10.125	716.016	6.40032e+06
10.126	716.087	6.40032e+06
10.127	716.158	6.40032e+06
10.128	716.228	6.40032e+06
10.129	716.299	6.40032e+06
10.13	716.37	6.40032e+06
10.131	716.441	6.40032e+06
10.132	716.511	6.40032e+06
10.133	716.582	6.40032e+06
10.134	716.653	6.40032e+06
10.135	716.723	6.40032e+06
10.136	716.794	6.40032e+06
10.137	716.865	6.40032e+06
10.138	716.936	6.40032e+06
10.139	717.006	6.40032e+06
10.14	717.077	6.40032e+06
10.141	717.148	6.40032e+06
10.142	717.218	6.40032e+06
10.143	717.289	6.40032e+06
10.144	717.36	6.40032e+06
10.145	717.431	6.40032e+06
10.146	717.501	6.40032e+06
10.147	717.572	6.40032e+06
10.148	717.643	6.40032e+06
10.149	717.713	6.40032e+06
10.15	717.784	6.40032e+06
10.151	717.855	6.40032e+06
10.152	717.926	6.40032e+06
10.153	717.996	6.40032e+06
10.154	718.067	6.40032e+06
10.155	718.138	6.40032e+06
10.156	718.208	6.40032e+06
10.157	718.279	6.40032e+06
10.158	718.35	6.40032e+06
10.159	718.42	6.40032e+06
10.16	718.491	6.40032e+06
10.161	718.562	6.40032e+06
10.162	718.633	6.40032e+06
10.163	718.703	6.40032e+06
10.164	718.774	6.40032e+06
10.165	718.845	6.40032e+06
10.166	718.915	6.40032e+06
10.167	718.986	6.40032e+06
10.168	719.057	6.40032e+06
10.169	719.128	6.40032e+06
10.17	719.198	6.40032e+06
10.171	719.269	6.40032e+06
10.172	719.34	6.40032e+06
10.173	719.41	6.40032e+06
10.174	719.481	6.40032e+06
10.175	719.552	6.40032e+06
10.176	719.623	6.40032e+06
10.177	719.693	6.40032e+06
10.178	719.764	6.40032e+06
10.179	719.835	6.40032e+06
10.18	719.905	6.40032e+06
10.181	719.976	6.40032e+06
10.182	720.047	6.40032e+06
10.183	720.118	6.40032e+06
10.184	720.188	6.40032e+06
10.185	720.259	6.40032e+06
10.186	720.33	6.40032e+06
10.187	720.4	6.40032e+06
10.188	720.471	6.40032e+06
10.189	720.542	6.40032e+06
10.19	720.613	6.40032e+06
10.191	720.683	6.40032e+06
10.192	720.754	6.40032e+06
10.193	720.825	6.40032e+06
10.194	720.895	6.40032e+06
10.195	720.966	6.40032e+06
10.196	721.037	6.40032e+06
10.197	721.107	6.40032e+06
10.198	721.178	6.40032e+06
10.199	721.249	6.40032e+06
10.2	721.32	6.40032e+06
10.201	721.39	6.40032e+06
10.202	721.461	6.40032e+06
10.203	721.532	6.40032e+06
10.204	721.602	6.40032e+06
10.205	721.673	6.40032e+06
10.206	721.744	6.40032e+06
10.207	721.815	6.40032e+06
10.208	721.885	6.40032e+06
10.209	721.956	6.40032e+06
10.21	722.027	6.40032e+06
10.211	722.097	6.40032e+06
10.212	722.168	6.40032e+06
10.213	722.239	6.40032e+06
10.214	722.31	6.40032e+06
10.215	722.38	6.40032e+06
10.216	722.451	6.40032e+06
10.217	722.522	6.40032e+06
10.218	722.592	6.40032e+06
10.219	722.663	6.40032e+06
10.22	722.734	6.40032e+06
10.221	722.805	6.40032e+06
10.222	722.875	6.40032e+06
10.223	722.946	6.40032e+06
10.224	723.017	6.40032e+06
10.225	723.087	6.40032e+06
10.226	723.158	6.40032e+06
10.227	723.229	6.40032e+06
10.228	723.3	6.40032e+06
10.229	723.37	6.40032e+06
10.23	723.441	6.40032e+06
10.231	723.512	6.40032e+06
10.232	723.582	6.40032e+06
10.233	723.653	6.40032e+06
10.234	723.724	6.40032e+06
10.235	723.795	6.40032e+06
10.236	723.865	6.40032e+06
10.237	723.936	6.40032e+06
10.238	724.007	6.40032e+06
10.239	724.077	6.40032e+06
10.24	724.148	6.40032e+06
10.241	724.219	6.40032e+06
10.242	724.289	6.40032e+06
10.243	724.36	6.40032e+06
10.244	724.431	6.40032e+06
10.245	724.502	6.40032e+06
10.246	724.572	6.40032e+06
10.247	724.643	6.40032e+06
10.248	724.714	6.40032e+06
10.249	724.784	6.40032e+06
10.25	724.855	6.40032e+06
10.251	724.926	6.40032e+06
10.252	724.997	6.40032e+06
10.253	725.067	6.40032e+06
10.254	725.138	6.40032e+06
10.255	725.209	6.40032e+06
10.256	725.279	6.40032e+06
10.257	725.35	6.40032e+06
10.258	725.421	6.40032e+06
10.259	725.492	6.40032e+06
10.26	725.562	6.40032e+06
10.261	725.633	6.40032e+06
10.262	725.704	6.40032e+06
10.263	725.774	6.40032e+06
10.264	725.845	6.40032e+06
10.265	725.916	6.40032e+06
10.266	725.987	6.40032e+06
10.267	726.057	6.40032e+06
10.268	726.128	6.40032e+06
10.269	726.199	6.40032e+06
10.27	726.269	6.40032e+06
10.271	726.34	6.40032e+06
10.272	726.411	6.40032e+06
10.273	726.482	6.40032e+06
10.274	726.552	6.40032e+06
10.275	726.623	6.40032e+06
10.276	726.694	6.40032e+06
10.277	726.764	6.40032e+06
10.278	726.835	6.40032e+06
10.279	726.906	6.40032e+06
10.28	726.976	6.40032e+06
10.281	727.047	6.40032e+06
10.282	727.118	6.40032e+06
10.283	727.189	6.40032e+06
10.284	727.259	6.40032e+06
10.285	727.33	6.40032e+06
10.286	727.401	6.40032e+06
10.287	727.471	6.40032e+06
10.288	727.542	6.40032e+06
10.289	727.613	6.40032e+06
10.29	727.684	6.40032e+06
10.291	727.754	6.40032e+06
10.292	727.825	6.40032e+06
10.293	727.896	6.40032e+06
10.294	727.966	6.40032e+06
10.295	728.037	6.40032e+06
10.296	728.108	6.40032e+06
10.297	728.179	6.40032e+06
10.298	728.249	6.40032e+06
10.299	728.32	6.40032e+06
10.3	728.391	6.40032e+06
10.301	728.461	6.40032e+06
10.302	728.532	6.40032e+06
10.303	728.603	6.40032e+06
10.304	728.674	6.40032e+06
10.305	728.744	6.40032e+06
10.306	728.815	6.40032e+06
10.307	728.886	6.40032e+06
10.308	728.956	6.40032e+06
10.309	729.027	6.40032e+06
10.31	729.098	6.40032e+06
10.311	729.169	6.40032e+06
10.312	729.239	6.40032e+06
10.313	729.31	6.40032e+06
10.314	729.381	6.40032e+06
10.315	729.451	6.40032e+06
10.316	729.522	6.40032e+06
10.317	729.593	6.40032e+06
10.318	729.663	6.40032e+06
10.319	729.734	6.40032e+06
10.32	729.805	6.40032e+06
10.321	729.876	6.40032e+06
10.322	729.946	6.40032e+06
10.323	730.017	6.40032e+06
10.324	730.088	6.40032e+06
10.325	730.158	6.40032e+06
10.326	730.229	6.40032e+06
10.327	730.3	6.40032e+06
10.328	730.371	6.40032e+06
10.329	730.441	6.40032e+06
10.33	730.512	6.40032e+06
10.331	730.583	6.40032e+06
10.332	730.653	6.40032e+06
10.333	730.724	6.40032e+06
10.334	730.795	6.40032e+06
10.335	730.866	6.40032e+06
10.336	730.936	6.40032e+06
10.337	731.007	6.40032e+06
10.338	731.078	6.40032e+06
10.339	731.148	6.40032e+06
10.34	731.219	6.40032e+06
10.341	731.29	6.40032e+06
10.342	731.361	6.40032e+06
10.343	731.431	6.40032e+06
10.344	731.502	6.40032e+06
10.345	731.573	6.40032e+06
10.346	731.643	6.40032e+06
10.347	731.714	6.40032e+06
10.348	731.785	6.40032e+06
10.349	731.856	6.40032e+06
10.35	731.926	6.40032e+06
10.351	731.997	6.40032e+06
10.352	732.068	6.40032e+06
10.353	732.138	6.40032e+06
10.354	732.209	6.40032e+06
10.355	732.28	6.40032e+06
10.356	732.35	6.40032e+06
10.357	732.421	6.40032e+06
10.358	732.492	6.40032e+06
10.359	732.563	6.40032e+06
10.36	732.633	6.40032e+06
10.361	732.704	6.40032e+06
10.362	732.775	6.40032e+06
10.363	732.845	6.40032e+06
10.364	732.916	6.40032e+06
10.365	732.987	6.40032e+06
10.366	733.058	6.40032e+06
10.367	733.128	6.40032e+06
10.368	733.199	6.40032e+06
10.369	733.27	6.40032e+06
10.37	733.34	6.40032e+06
10.371	733.411	6.40032e+06
10.372	733.482	6.40032e+06
10.373	733.553	6.40032e+06
10.374	733.623	6.40032e+06
10.375	733.694	6.40032e+06
10.376	733.765	6.40032e+06
10.377	733.835	6.40032e+06
10.378	733.906	6.40032e+06
10.379	733.977	6.40032e+06
10.38	734.048	6.40032e+06
10.381	734.118	6.40032e+06
10.382	734.189	6.40032e+06
10.383	734.26	6.40032e+06
10.384	734.33	6.40032e+06
10.385	734.401	6.40032e+06
10.386	734.472	6.40032e+06
10.387	734.543	6.40032e+06
10.388	734.613	6.40032e+06
10.389	734.684	6.40032e+06
10.39	734.755	6.40032e+06
10.391	734.825	6.40032e+06
10.392	734.896	6.40032e+06
10.393	734.967	6.40032e+06
10.394	735.037	6.40032e+06
10.395	735.108	6.40032e+06
10.396	735.179	6.40032e+06
10.397	735.25	6.40032e+06
10.398	735.32	6.40032e+06
10.399	735.391	6.40032e+06
10.4	735.462	6.40032e+06
10.401	735.532	6.40032e+06
10.402	735.603	6.40032e+06
10.403	735.674	6.40032e+06
10.404	735.745	6.40032e+06
10.405	735.815	6.40032e+06
10.406	735.886	6.40032e+06
10.407	735.957	6.40032e+06
10.408	736.027	6.40032e+06
10.409	736.098	6.40032e+06
10.41	736.169	6.40032e+06
10.411	736.24	6.40032e+06
10.412	736.31	6.40032e+06
10.413	736.381	6.40032e+06
10.414	736.452	6.40032e+06
10.415	736.522	6.40032e+06
10.416	736.593	6.40032e+06
10.417	736.664	6.40032e+06
10.418	736.735	6.40032e+06
10.419	736.805	6.40032e+06
10.42	736.876	6.40032e+06
10.421	736.947	6.40032e+06
10.422	737.017	6.40032e+06
10.423	737.088	6.40032e+06
10.424	737.159	6.40032e+06
10.425	737.23	6.40032e+06
10.426	737.3	6.40032e+06
10.427	737.371	6.40032e+06
10.428	737.442	6.40032e+06
10.429	737.512	6.40032e+06
10.43	737.583	6.40032e+06
10.431	737.654	6.40032e+06
10.432	737.725	6.40032e+06
10.433	737.795	6.40032e+06
10.434	737.866	6.40032e+06
10.435	737.937	6.40032e+06
10.436	738.007	6.40032e+06
10.437	738.078	6.40032e+06
10.438	738.149	6.40032e+06
10.439	738.219	6.40032e+06
10.44	738.29	6.40032e+06
10.441	738.361	6.40032e+06
10.442	738.432	6.40032e+06
10.443	738.502	6.40032e+06
10.444	738.573	6.40032e+06
10.445	738.644	6.40032e+06
10.446	738.714	6.40032e+06
10.447	738.785	6.40032e+06
10.448	738.856	6.40032e+06
10.449	738.927	6.40032e+06
10.45	738.997	6.40032e+06
10.451	739.068	6.40032e+06
10.452	739.139	6.40032e+06
10.453	739.209	6.40032e+06
10.454	739.28	6.40032e+06
10.455	739.351	6.40032e+06
10.456	739.422	6.40032e+06
10.457	739.492	6.40032e+06
10.458	739.563	6.40032e+06
10.459	739.634	6.40032e+06
10.46	739.704	6.40032e+06
10.461	739.775	6.40032e+06
10.462	739.846	6.40032e+06
10.463	739.917	6.40032e+06
10.464	739.987	6.40032e+06
10.465	740.058	6.40032e+06
10.466	740.129	6.40032e+06
10.467	740.199	6.40032e+06
10.468	740.27	6.40032e+06
10.469	740.341	6.40032e+06
10.47	740.412	6.40032e+06
10.471	740.482	6.40032e+06
10.472	740.553	6.40032e+06
10.473	740.624	6.40032e+06
10.474	740.694	6.40032e+06
10.475	740.765	6.40032e+06
10.476	740.836	6.40032e+06
10.477	740.906	6.40032e+06
10.478	740.977	6.40032e+06
10.479	741.048	6.40032e+06
10.48	741.119	6.40032e+06
10.481	741.189	6.40032e+06
10.482	741.26	6.40032e+06
10.483	741.331	6.40032e+06
10.484	741.401	6.40032e+06
10.485	741.472	6.40032e+06
10.486	741.543	6.40032e+06
10.487	741.614	6.40032e+06
10.488	741.684	6.40032e+06
10.489	741.755	6.40032e+06
10.49	741.826	6.40032e+06
10.491	741.896	6.40032e+06
10.492	741.967	6.40032e+06
10.493	742.038	6.40032e+06
10.494	742.109	6.40032e+06
10.495	742.179	6.40032e+06
10.496	742.25	6.40032e+06
10.497	742.321	6.40032e+06
10.498	742.391	6.40032e+06
10.499	742.462	6.40032e+06
10.5	742.533	6.40032e+06
10.501	742.604	6.40032e+06
10.502	742.674	6.40032e+06
10.503	742.745	6.40032e+06
10.504	742.816	6.40032e+06
10.505	742.886	6.40032e+06
10.506	742.957	6.40032e+06
10.507	743.028	6.40032e+06
10.508	743.099	6.40032e+06
10.509	743.169	6.40032e+06
10.51	743.24	6.40032e+06
10.511	743.311	6.40032e+06
10.512	743.381	6.40032e+06
10.513	743.452	6.40032e+06
10.514	743.523	6.40032e+06
10.515	743.593	6.40032e+06
10.516	743.664	6.40032e+06
10.517	743.735	6.40032e+06
10.518	743.806	6.40032e+06
10.519	743.876	6.40032e+06
10.52	743.947	6.40032e+06
10.521	744.018	6.40032e+06
10.522	744.088	6.40032e+06
10.523	744.159	6.40032e+06
10.524	744.23	6.40032e+06
10.525	744.301	6.40032e+06
10.526	744.371	6.40032e+06
10.527	744.442	6.40032e+06
10.528	744.513	6.40032e+06
10.529	744.583	6.40032e+06
10.53	744.654	6.40032e+06
10.531	744.725	6.40032e+06
10.532	744.796	6.40032e+06
10.533	744.866	6.40032e+06
10.534	744.937	6.40032e+06
10.535	745.008	6.40032e+06
10.536	745.078	6.40032e+06
10.537	745.149	6.40032e+06
10.538	745.22	6.40032e+06
10.539	745.291	6.40032e+06
10.54	745.361	6.40032e+06
10.541	745.432	6.40032e+06
10.542	745.503	6.40032e+06
10.543	745.573	6.40032e+06
10.544	745.644	6.40032e+06
10.545	745.715	6.40032e+06
10.546	745.786	6.40032e+06
10.547	745.856	6.40032e+06
10.548	745.927	6.40032e+06
10.549	745.998	6.40032e+06
10.55	746.068	6.40032e+06
10.551	746.139	6.40032e+06
10.552	746.21	6.40032e+06
10.553	746.28	6.40032e+06
10.554	746.351	6.40032e+06
10.555	746.422	6.40032e+06
10.556	746.493	6.40032e+06
10.557	746.563	6.40032e+06
10.558	746.634	6.40032e+06
10.559	746.705	6.40032e+06
10.56	746.775	6.40032e+06
10.561	746.846	6.40032e+06
10.562	746.917	6.40032e+06
10.563	746.988	6.40032e+06
10.564	747.058	6.40032e+06
10.565	747.129	6.40032e+06
10.566	747.2	6.40032e+06
10.567	747.27	6.40032e+06
10.568	747.341	6.40032e+06
10.569	747.412	6.40032e+06
10.57	747.483	6.40032e+06
10.571	747.553	6.40032e+06
10.572	747.624	6.40032e+06
10.573	747.695	6.40032e+06
10.574	747.765	6.40032e+06
10.575	747.836	6.40032e+06
10.576	747.907	6.40032e+06
10.577	747.978	6.40032e+06
10.578	748.048	6.40032e+06
10.579	748.119	6.40032e+06
10.58	748.19	6.40032e+06
10.581	748.26	6.40032e+06
10.582	748.331	6.40032e+06
10.583	748.402	6.40032e+06
10.584	748.473	6.40032e+06
10.585	748.543	6.40032e+06
10.586	748.614	6.40032e+06
10.587	748.685	6.40032e+06
10.588	748.755	6.40032e+06
10.589	748.826	6.40032e+06
10.59	748.897	6.40032e+06
10.591	748.968	6.40032e+06
10.592	749.038	6.40032e+06
10.593	749.109	6.40032e+06
10.594	749.18	6.40032e+06
10.595	749.25	6.40032e+06
10.596	749.321	6.40032e+06
10.597	749.392	6.40032e+06
10.598	749.462	6.40032e+06
10.599	749.533	6.40032e+06
10.6	749.604	6.40032e+06
10.601	749.675	6.40032e+06
10.602	749.745	6.40032e+06
10.603	749.816	6.40032e+06
10.604	749.887	6.40032e+06
10.605	749.957	6.40032e+06
10.606	750.028	6.40032e+06
10.607	750.099	6.40032e+06
10.608	750.17	6.40032e+06
10.609	750.24	6.40032e+06
10.61	750.311	6.40032e+06
10.611	750.382	6.40032e+06
10.612	750.452	6.40032e+06
10.613	750.523	6.40032e+06
10.614	750.594	6.40032e+06
10.615	750.665	6.40032e+06
10.616	750.735	6.40032e+06
10.617	750.806	6.40032e+06
10.618	750.877	6.40032e+06
10.619	750.947	6.40032e+06
10.62	751.018	6.40032e+06
10.621	751.089	6.40032e+06
10.622	751.16	6.40032e+06
10.623	751.23	6.40032e+06
10.624	751.301	6.40032e+06
10.625	751.372	6.40032e+06
10.626	751.442	6.40032e+06
10.627	751.513	6.40032e+06
10.628	751.584	6.40032e+06
10.629	751.655	6.40032e+06
10.63	751.725	6.40032e+06
10.631	751.796	6.40032e+06
10.632	751.867	6.40032e+06
10.633	751.937	6.40032e+06
10.634	752.008	6.40032e+06
10.635	752.079	6.40032e+06
10.636	752.149	6.40032e+06
10.637	752.22	6.40032e+06
10.638	752.291	6.40032e+06
10.639	752.362	6.40032e+06
10.64	752.432	6.40032e+06
10.641	752.503	6.40032e+06
10.642	752.574	6.40032e+06
10.643	752.644	6.40032e+06
10.644	752.715	6.40032e+06
10.645	752.786	6.40032e+06
10.646	752.857	6.40032e+06
10.647	752.927	6.40032e+06
10.648	752.998	6.40032e+06
10.649	753.069	6.40032e+06
10.65	753.139	6.40032e+06
10.651	753.21	6.40032e+06
10.652	753.281	6.40032e+06
10.653	753.352	6.40032e+06
10.654	753.422	6.40032e+06
10.655	753.493	6.40032e+06
10.656	753.564	6.40032e+06
10.657	753.634	6.40032e+06
10.658	753.705	6.40032e+06
10.659	753.776	6.40032e+06
10.66	753.847	6.40032e+06
10.661	753.917	6.40032e+06
10.662	753.988	6.40032e+06
10.663	754.059	6.40032e+06
10.664	754.129	6.40032e+06
10.665	754.2	6.40032e+06
10.666	754.271	6.40032e+06
10.667	754.342	6.40032e+06
10.668	754.412	6.40032e+06
10.669	754.483	6.40032e+06
10.67	754.554	6.40032e+06
10.671	754.624	6.40032e+06
10.672	754.695	6.40032e+06
10.673	754.766	6.40032e+06
10.674	754.836	6.40032e+06
10.675	754.907	6.40032e+06
10.676	754.978	6.40032e+06
10.677	755.049	6.40032e+06
10.678	755.119	6.40032e+06
10.679	755.19	6.40032e+06
10.68	755.261	6.40032e+06
10.681	755.331	6.40032e+06
10.682	755.402	6.40032e+06
10.683	755.473	6.40032e+06
10.684	755.544	6.40032e+06
10.685	755.614	6.40032e+06
10.686	755.685	6.40032e+06
10.687	755.756	6.40032e+06
10.688	755.826	6.40032e+06
10.689	755.897	6.40032e+06
10.69	755.968	6.40032e+06
10.691	756.039	6.40032e+06
10.692	756.109	6.40032e+06
10.693	756.18	6.40032e+06
10.694	756.251	6.40032e+06
10.695	756.321	6.40032e+06
10.696	756.392	6.40032e+06
10.697	756.463	6.40032e+06
10.698	756.534	6.40032e+06
10.699	756.604	6.40032e+06
10.7	756.675	6.40032e+06
10.701	756.746	6.40032e+06
10.702	756.816	6.40032e+06
10.703	756.887	6.40032e+06
10.704	756.958	6.40032e+06
10.705	757.029	6.40032e+06
10.706	757.099	6.40032e+06
10.707	757.17	6.40032e+06
10.708	757.241	6.40032e+06
10.709	757.311	6.40032e+06
10.71	757.382	6.40032e+06
10.711	757.453	6.40032e+06
10.712	757.523	6.40032e+06
10.713	757.594	6.40032e+06
10.714	757.665	6.40032e+06
10.715	757.736	6.40032e+06
10.716	757.806	6.40032e+06
10.717	757.877	6.40032e+06
10.718	757.948	6.40032e+06
10.719	758.018	6.40032e+06
10.72	758.089	6.40032e+06
10.721	758.16	6.40032e+06
10.722	758.231	6.40032e+06
10.723	758.301	6.40032e+06
10.724	758.372	6.40032e+06
10.725	758.443	6.40032e+06
10.726	758.513	6.40032e+06
10.727	758.584	6.40032e+06
10.728	758.655	6.40032e+06
10.729	758.726	6.40032e+06
10.73	758.796	6.40032e+06
10.731	758.867	6.40032e+06
10.732	758.938	6.40032e+06
10.733	759.008	6.40032e+06
10.734	759.079	6.40032e+06
10.735	759.15	6.40032e+06
10.736	759.221	6.40032e+06
10.737	759.291	6.40032e+06
10.738	759.362	6.40032e+06
10.739	759.433	6.40032e+06
10.74	759.503	6.40032e+06
10.741	759.574	6.40032e+06
10.742	759.645	6.40032e+06
10.743	759.716	6.40032e+06
10.744	759.786	6.40032e+06
10.745	759.857	6.40032e+06
10.746	759.928	6.40032e+06
10.747	759.998	6.40032e+06
10.748	760.069	6.40032e+06
10.749	760.14	6.40032e+06
10.75	760.211	6.40032e+06
10.751	760.281	6.40032e+06
10.752	760.352	6.40032e+06
10.753	760.423	6.40032e+06
10.754	760.493	6.40032e+06
10.755	760.564	6.40032e+06
10.756	760.635	6.40032e+06
10.757	760.705	6.40032e+06
10.758	760.776	6.40032e+06
10.759	760.847	6.40032e+06
10.76	760.918	6.40032e+06
10.761	760.988	6.40032e+06
10.762	761.059	6.40032e+06
10.763	761.13	6.40032e+06
10.764	761.2	6.40032e+06
10.765	761.271	6.40032e+06
10.766	761.342	6.40032e+06
10.767	761.413	6.40032e+06
10.768	761.483	6.40032e+06
10.769	761.554	6.40032e+06
10.77	761.625	6.40032e+06
10.771	761.695	6.40032e+06
10.772	761.766	6.40032e+06
10.773	761.837	6.40032e+06
10.774	761.908	6.40032e+06
10.775	761.978	6.40032e+06
10.776	762.049	6.40032e+06
10.777	762.12	6.40032e+06
10.778	762.19	6.40032e+06
10.779	762.261	6.40032e+06
10.78	762.332	6.40032e+06
10.781	762.403	6.40032e+06
10.782	762.473	6.40032e+06
10.783	762.544	6.40032e+06
10.784	762.615	6.40032e+06
10.785	762.685	6.40032e+06
10.786	762.756	6.40032e+06
10.787	762.827	6.40032e+06
10.788	762.898	6.40032e+06
10.789	762.968	6.40032e+06
10.79	763.039	6.40032e+06
10.791	763.11	6.40032e+06
10.792	763.18	6.40032e+06
10.793	763.251	6.40032e+06
10.794	763.322	6.40032e+06
10.795	763.392	6.40032e+06
10.796	763.463	6.40032e+06
10.797	763.534	6.40032e+06
10.798	763.605	6.40032e+06
10.799	763.675	6.40032e+06
10.8	763.746	6.40032e+06
10.801	763.817	6.40032e+06
10.802	763.887	6.40032e+06
10.803	763.958	6.40032e+06
10.804	764.029	6.40032e+06
10.805	764.1	6.40032e+06
10.806	764.17	6.40032e+06
10.807	764.241	6.40032e+06
10.808	764.312	6.40032e+06
10.809	764.382	6.40032e+06
10.81	764.453	6.40032e+06
10.811	764.524	6.40032e+06
10.812	764.595	6.40032e+06
10.813	764.665	6.40032e+06
10.814	764.736	6.40032e+06
10.815	764.807	6.40032e+06
10.816	764.877	6.40032e+06
10.817	764.948	6.40032e+06
10.818	765.019	6.40032e+06
10.819	765.09	6.40032e+06
10.82	765.16	6.40032e+06
10.821	765.231	6.40032e+06
10.822	765.302	6.40032e+06
10.823	765.372	6.40032e+06
10.824	765.443	6.40032e+06
10.825	765.514	6.40032e+06
10.826	765.585	6.40032e+06
10.827	765.655	6.40032e+06
10.828	765.726	6.40032e+06
10.829	765.797	6.40032e+06
10.83	765.867	6.40032e+06
10.831	765.938	6.40032e+06
10.832	766.009	6.40032e+06
10.833	766.079	6.40032e+06
10.834	766.15	6.40032e+06
10.835	766.221	6.40032e+06
10.836	766.292	6.40032e+06
10.837	766.362	6.40032e+06
10.838	766.433	6.40032e+06
10.839	766.504	6.40032e+06
10.84	766.574	6.40032e+06
10.841	766.645	6.40032e+06
10.842	766.716	6.40032e+06
10.843	766.787	6.40032e+06
10.844	766.857	6.40032e+06
10.845	766.928	6.40032e+06
10.846	766.999	6.40032e+06
10.847	767.069	6.40032e+06
10.848	767.14	6.40032e+06
10.849	767.211	6.40032e+06
10.85	767.282	6.40032e+06
10.851	767.352	6.40032e+06
10.852	767.423	6.40032e+06
10.853	767.494	6.40032e+06
10.854	767.564	6.40032e+06
10.855	767.635	6.40032e+06
10.856	767.706	6.40032e+06
10.857	767.777	6.40032e+06
10.858	767.847	6.40032e+06
10.859	767.918	6.40032e+06
10.86	767.989	6.40032e+06
10.861	768.059	6.40032e+06
10.862	768.13	6.40032e+06
10.863	768.201	6.40032e+06
10.864	768.272	6.40032e+06
10.865	768.342	6.40032e+06
10.866	768.413	6.40032e+06
10.867	768.484	6.40032e+06
10.868	768.554	6.40032e+06
10.869	768.625	6.40032e+06
10.87	768.696	6.40032e+06
10.871	768.766	6.40032e+06
10.872	768.837	6.40032e+06
10.873	768.908	6.40032e+06
10.874	768.979	6.40032e+06
10.875	769.049	6.40032e+06
10.876	769.12	6.40032e+06
10.877	769.191	6.40032e+06
10.878	769.261	6.40032e+06
10.879	769.332	6.40032e+06
10.88	769.403	6.40032e+06
10.881	769.474	6.40032e+06
10.882	769.544	6.40032e+06
10.883	769.615	6.40032e+06
10.884	769.686	6.40032e+06
10.885	769.756	6.40032e+06
10.886	769.827	6.40032e+06
10.887	769.898	6.40032e+06
10.888	769.969	6.40032e+06
10.889	770.039	6.40032e+06
10.89	770.11	6.40032e+06
10.891	770.181	6.40032e+06
10.892	770.251	6.40032e+06
10.893	770.322	6.40032e+06
10.894	770.393	6.40032e+06
10.895	770.464	6.40032e+06
10.896	770.534	6.40032e+06
10.897	770.605	6.40032e+06
10.898	770.676	6.40032e+06
10.899	770.746	6.40032e+06
10.9	770.817	6.40032e+06
10.901	770.888	6.40032e+06
10.902	770.959	6.40032e+06
10.903	771.029	6.40032e+06
10.904	771.1	6.40032e+06
10.905	771.171	6.40032e+06
10.906	771.241	6.40032e+06
10.907	771.312	6.40032e+06
10.908	771.383	6.40032e+06
10.909	771.453	6.40032e+06
10.91	771.524	6.40032e+06
10.911	771.595	6.40032e+06
10.912	771.666	6.40032e+06
10.913	771.736	6.40032e+06
10.914	771.807	6.40032e+06
10.915	771.878	6.40032e+06
10.916	771.948	6.40032e+06
10.917	772.019	6.40032e+06
10.918	772.09	6.40032e+06
10.919	772.161	6.40032e+06
10.92	772.231	6.40032e+06
10.921	772.302	6.40032e+06
10.922	772.373	6.40032e+06
10.923	772.443	6.40032e+06
10.924	772.514	6.40032e+06
10.925	772.585	6.40032e+06
10.926	772.656	6.40032e+06
10.927	772.726	6.40032e+06
10.928	772.797	6.40032e+06
10.929	772.868	6.40032e+06
10.93	772.938	6.40032e+06
10.931	773.009	6.40032e+06
10.932	773.08	6.40032e+06
10.933	773.151	6.40032e+06
10.934	773.221	6.40032e+06
10.935	773.292	6.40032e+06
10.936	773.363	6.40032e+06
10.937	773.433	6.40032e+06
10.938	773.504	6.40032e+06
10.939	773.575	6.40032e+06
10.94	773.646	6.40032e+06
10.941	773.716	6.40032e+06
10.942	773.787	6.40032e+06
10.943	773.858	6.40032e+06
10.944	773.928	6.40032e+06
10.945	773.999	6.40032e+06
10.946	774.07	6.40032e+06
10.947	774.141	6.40032e+06
10.948	774.211	6.40032e+06
10.949	774.282	6.40032e+06
10.95	774.353	6.40032e+06
10.951	774.423	6.40032e+06
10.952	774.494	6.40032e+06
10.953	774.565	6.40032e+06
10.954	774.635	6.40032e+06
10.955	774.706	6.40032e+06
10.956	774.777	6.40032e+06
10.957	774.848	6.40032e+06
10.958	774.918	6.40032e+06
10.959	774.989	6.40032e+06
10.96	775.06	6.40032e+06
10.961	775.13	6.40032e+06
10.962	775.201	6.40032e+06
10.963	775.272	6.40032e+06
10.964	775.343	6.40032e+06
10.965	775.413	6.40032e+06
10.966	775.484	6.40032e+06
10.967	775.555	6.40032e+06
10.968	775.625	6.40032e+06
10.969	775.696	6.40032e+06
10.97	775.767	6.40032e+06
10.971	775.838	6.40032e+06
10.972	775.908	6.40032e+06
10.973	775.979	6.40032e+06
10.974	776.05	6.40032e+06
10.975	776.12	6.40032e+06
10.976	776.191	6.40032e+06
10.977	776.262	6.40032e+06
10.978	776.333	6.40032e+06
10.979	776.403	6.40032e+06
10.98	776.474	6.40032e+06
10.981	776.545	6.40032e+06
10.982	776.615	6.40032e+06
10.983	776.686	6.40032e+06
10.984	776.757	6.40032e+06
10.985	776.828	6.40032e+06
10.986	776.898	6.40032e+06
10.987	776.969	6.40032e+06
10.988	777.04	6.40032e+06
10.989	777.11	6.40032e+06
10.99	777.181	6.40032e+06
10.991	777.252	6.40032e+06
10.992	777.322	6.40032e+06
10.993	777.393	6.40032e+06
10.994	777.464	6.40032e+06
10.995	777.535	6.40032e+06
10.996	777.605	6.40032e+06
10.997	777.676	6.40032e+06
10.998	777.747	6.40032e+06
10.999	777.817	6.40032e+06
11	777.888	6.40032e+06
11.001	777.959	6.40032e+06
11.002	778.03	6.40032e+06
11.003	778.1	6.40032e+06
11.004	778.171	6.40032e+06
11.005	778.242	6.40032e+06
11.006	778.312	6.40032e+06
11.007	778.383	6.40032e+06
11.008	778.454	6.40032e+06
11.009	778.525	6.40032e+06
11.01	778.595	6.40032e+06
11.011	778.666	6.40032e+06
11.012	778.737	6.40032e+06
11.013	778.807	6.40032e+06
11.014	778.878	6.40032e+06
11.015	778.949	6.40032e+06
11.016	779.02	6.40032e+06
11.017	779.09	6.40032e+06
11.018	779.161	6.40032e+06
11.019	779.232	6.40032e+06
11.02	779.302	6.40032e+06
11.021	779.373	6.40032e+06
11.022	779.444	6.40032e+06
11.023	779.515	6.40032e+06
11.024	779.585	6.40032e+06
11.025	779.656	6.40032e+06
11.026	779.727	6.40031e+06
11.027	779.797	6.40031e+06
11.028	779.868	6.40031e+06
11.029	779.939	6.40031e+06
11.03	780.009	6.40031e+06
11.031	780.08	6.40031e+06
11.032	780.151	6.40031e+06
11.033	780.222	6.40031e+06
11.034	780.292	6.40031e+06
11.035	780.363	6.40031e+06
11.036	780.434	6.40031e+06
11.037	780.504	6.40031e+06
11.038	780.575	6.40031e+06
11.039	780.646	6.40031e+06
11.04	780.717	6.40031e+06
11.041	780.787	6.40031e+06
11.042	780.858	6.40031e+06
11.043	780.929	6.40031e+06
11.044	780.999	6.40031e+06
11.045	781.07	6.40031e+06
11.046	781.141	6.40031e+06
11.047	781.212	6.40031e+06
11.048	781.282	6.40031e+06
11.049	781.353	6.40031e+06
11.05	781.424	6.40031e+06
11.051	781.494	6.40031e+06
11.052	781.565	6.40031e+06
11.053	781.636	6.40031e+06
11.054	781.707	6.40031e+06
11.055	781.777	6.40031e+06
11.056	781.848	6.40031e+06
11.057	781.919	6.40031e+06
11.058	781.989	6.40031e+06
11.059	782.06	6.40031e+06
11.06	782.131	6.40031e+06
11.061	782.202	6.40031e+06
11.062	782.272	6.40031e+06
11.063	782.343	6.40031e+06
11.064	782.414	6.40031e+06
11.065	782.484	6.40031e+06
11.066	782.555	6.40031e+06
11.067	782.626	6.40031e+06
11.068	782.696	6.40031e+06
11.069	782.767	6.40031e+06
11.07	782.838	6.40031e+06
11.071	782.909	6.40031e+06
11.072	782.979	6.40031e+06
11.073	783.05	6.40031e+06
11.074	783.121	6.40031e+06
11.075	783.191	6.40031e+06
11.076	783.262	6.40031e+06
11.077	783.333	6.40031e+06
11.078	783.404	6.40031e+06
11.079	783.474	6.40031e+06
11.08	783.545	6.40031e+06
11.081	783.616	6.40031e+06
11.082	783.686	6.40031e+06
11.083	783.757	6.40031e+06
11.084	783.828	6.40031e+06
11.085	783.899	6.40031e+06
11.086	783.969	6.40031e+06
11.087	784.04	6.40031e+06
11.088	784.111	6.40031e+06
11.089	784.181	6.40031e+06
11.09	784.252	6.40031e+06
11.091	784.323	6.40031e+06
11.092	784.394	6.40031e+06
11.093	784.464	6.40031e+06
11.094	784.535	6.40031e+06
11.095	784.606	6.40031e+06
11.096	784.676	6.40031e+06
11.097	784.747	6.40031e+06
11.098	784.818	6.40031e+06
11.099	784.889	6.40031e+06
11.1	784.959	6.40031e+06
11.101	785.03	6.40031e+06
11.102	785.101	6.40031e+06
11.103	785.171	6.40031e+06
11.104	785.242	6.40031e+06
11.105	785.313	6.40031e+06
11.106	785.384	6.40031e+06
11.107	785.454	6.40031e+06
11.108	785.525	6.40031e+06
11.109	785.596	6.40031e+06
11.11	785.666	6.40031e+06
11.111	785.737	6.40031e+06
11.112	785.808	6.40031e+06
11.113	785.878	6.40031e+06
11.114	785.949	6.40031e+06
11.115	786.02	6.40031e+06
11.116	786.091	6.40031e+06
11.117	786.161	6.40031e+06
11.118	786.232	6.40031e+06
11.119	786.303	6.40031e+06
11.12	786.373	6.40031e+06
11.121	786.444	6.40031e+06
11.122	786.515	6.40031e+06
11.123	786.586	6.40031e+06
11.124	786.656	6.40031e+06
11.125	786.727	6.40031e+06
11.126	786.798	6.40031e+06
11.127	786.868	6.40031e+06
11.128	786.939	6.40031e+06
11.129	787.01	6.40031e+06
11.13	787.081	6.40031e+06
11.131	787.151	6.40031e+06
11.132	787.222	6.40031e+06
11.133	787.293	6.40031e+06
11.134	787.363	6.40031e+06
11.135	787.434	6.40031e+06
11.136	787.505	6.40031e+06
11.137	787.576	6.40031e+06
11.138	787.646	6.40031e+06
11.139	787.717	6.40031e+06
11.14	787.788	6.40031e+06
11.141	787.858	6.40031e+06
11.142	787.929	6.40031e+06
11.143	788	6.40031e+06
11.144	788.071	6.40031e+06
11.145	788.141	6.40031e+06
11.146	788.212	6.40031e+06
11.147	788.283	6.40031e+06
11.148	788.353	6.40031e+06
11.149	788.424	6.40031e+06
11.15	788.495	6.40031e+06
11.151	788.565	6.40031e+06
11.152	788.636	6.40031e+06
11.153	788.707	6.40031e+06
11.154	788.778	6.40031e+06
11.155	788.848	6.40031e+06
11.156	788.919	6.40031e+06
11.157	788.99	6.40031e+06
11.158	789.06	6.40031e+06
11.159	789.131	6.40031e+06
11.16	789.202	6.40031e+06
11.161	789.273	6.40031e+06
11.162	789.343	6.40031e+06
11.163	789.414	6.40031e+06
11.164	789.485	6.40031e+06
11.165	789.555	6.40031e+06
11.166	789.626	6.40031e+06
11.167	789.697	6.40031e+06
11.168	789.768	6.40031e+06
11.169	789.838	6.40031e+06
11.17	789.909	6.40031e+06
11.171	789.98	6.40031e+06
11.172	790.05	6.40031e+06
11.173	790.121	6.40031e+06
11.174	790.192	6.40031e+06
11.175	790.263	6.40031e+06
11.176	790.333	6.40031e+06
11.177	790.404	6.40031e+06
11.178	790.475	6.40031e+06
11.179	790.545	6.40031e+06
11.18	790.616	6.40031e+06
11.181	790.687	6.40031e+06
11.182	790.758	6.40031e+06
11.183	790.828	6.40031e+06
11.184	790.899	6.40031e+06
11.185	790.97	6.40031e+06
11.186	791.04	6.40031e+06
11.187	791.111	6.40031e+06
11.188	791.182	6.40031e+06
11.189	791.252	6.40031e+06
11.19	791.323	6.40031e+06
11.191	791.394	6.40031e+06
11.192	791.465	6.40031e+06
11.193	791.535	6.40031e+06
11.194	791.606	6.40031e+06
11.195	791.677	6.40031e+06
11.196	791.747	6.40031e+06
11.197	791.818	6.40031e+06
11.198	791.889	6.40031e+06
11.199	791.96	6.40031e+06
11.2	792.03	6.40031e+06
11.201	792.101	6.40031e+06
11.202	792.172	6.40031e+06
11.203	792.242	6.40031e+06
11.204	792.313	6.40031e+06
11.205	792.384	6.40031e+06
11.206	792.455	6.40031e+06
11.207	792.525	6.40031e+06
11.208	792.596	6.40031e+06
11.209	792.667	6.40031e+06
11.21	792.737	6.40031e+06
11.211	792.808	6.40031e+06
11.212	792.879	6.40031e+06
11.213	792.95	6.40031e+06
11.214	793.02	6.40031e+06
11.215	793.091	6.40031e+06
11.216	793.162	6.40031e+06
11.217	793.232	6.40031e+06
11.218	793.303	6.40031e+06
11.219	793.374	6.40031e+06
11.22	793.445	6.40031e+06
11.221	793.515	6.40031e+06
11.222	793.586	6.40031e+06
11.223	793.657	6.40031e+06
11.224	793.727	6.40031e+06
11.225	793.798	6.40031e+06
11.226	793.869	6.40031e+06
11.227	793.939	6.40031e+06
11.228	794.01	6.40031e+06
11.229	794.081	6.40031e+06
11.23	794.152	6.40031e+06
11.231	794.222	6.40031e+06
11.232	794.293	6.40031e+06
11.233	794.364	6.40031e+06
11.234	794.434	6.40031e+06
11.235	794.505	6.40031e+06
11.236	794.576	6.40031e+06
11.237	794.647	6.40031e+06
11.238	794.717	6.40031e+06
11.239	794.788	6.40031e+06
11.24	794.859	6.40031e+06
11.241	794.929	6.40031e+06
11.242	795	6.40031e+06
11.243	795.071	6.40031e+06
11.244	795.142	6.40031e+06
11.245	795.212	6.40031e+06
11.246	795.283	6.40031e+06
11.247	795.354	6.40031e+06
11.248	795.424	6.40031e+06
11.249	795.495	6.40031e+06
11.25	795.566	6.40031e+06
11.251	795.637	6.40031e+06
11.252	795.707	6.40031e+06
11.253	795.778	6.40031e+06
11.254	795.849	6.40031e+06
11.255	795.919	6.40031e+06
11.256	795.99	6.40031e+06
11.257	796.061	6.40031e+06
11.258	796.132	6.40031e+06
11.259	796.202	6.40031e+06
11.26	796.273	6.40031e+06
11.261	796.344	6.40031e+06
11.262	796.414	6.40031e+06
11.263	796.485	6.40031e+06
11.264	796.556	6.40031e+06
11.265	796.626	6.40031e+06
11.266	796.697	6.40031e+06
11.267	796.768	6.40031e+06
11.268	796.839	6.40031e+06
11.269	796.909	6.40031e+06
11.27	796.98	6.40031e+06
11.271	797.051	6.40031e+06
11.272	797.121	6.40031e+06
11.273	797.192	6.40031e+06
11.274	797.263	6.40031e+06
11.275	797.334	6.40031e+06
11.276	797.404	6.40031e+06
11.277	797.475	6.40031e+06
11.278	797.546	6.40031e+06
11.279	797.616	6.40031e+06
11.28	797.687	6.40031e+06
11.281	797.758	6.40031e+06
11.282	797.829	6.40031e+06
11.283	797.899	6.40031e+06
11.284	797.97	6.40031e+06
11.285	798.041	6.40031e+06
11.286	798.111	6.40031e+06
11.287	798.182	6.40031e+06
11.288	798.253	6.40031e+06
11.289	798.324	6.40031e+06
11.29	798.394	6.40031e+06
11.291	798.465	6.40031e+06
11.292	798.536	6.40031e+06
11.293	798.606	6.40031e+06
11.294	798.677	6.40031e+06
11.295	798.748	6.40031e+06
11.296	798.819	6.40031e+06
11.297	798.889	6.40031e+06
11.298	798.96	6.40031e+06
11.299	799.031	6.40031e+06
11.3	799.101	6.40031e+06
11.301	799.172	6.40031e+06
11.302	799.243	6.40031e+06
11.303	799.314	6.40031e+06
11.304	799.384	6.40031e+06
11.305	799.455	6.40031e+06
11.306	799.526	6.40031e+06
11.307	799.596	6.40031e+06
11.308	799.667	6.40031e+06
11.309	799.738	6.40031e+06
11.31	799.808	6.40031e+06
11.311	799.879	6.40031e+06
11.312	799.95	6.40031e+06
11.313	800.021	6.40031e+06
11.314	800.091	6.40031e+06
11.315	800.162	6.40031e+06
11.316	800.233	6.40031e+06
11.317	800.303	6.40031e+06
11.318	800.374	6.40031e+06
11.319	800.445	6.40031e+06
11.32	800.516	6.40031e+06
11.321	800.586	6.40031e+06
11.322	800.657	6.40031e+06
11.323	800.728	6.40031e+06
11.324	800.798	6.40031e+06
11.325	800.869	6.40031e+06
11.326	800.94	6.40031e+06
11.327	801.011	6.40031e+06
11.328	801.081	6.40031e+06
11.329	801.152	6.40031e+06
11.33	801.223	6.40031e+06
11.331	801.293	6.40031e+06
11.332	801.364	6.40031e+06
11.333	801.435	6.40031e+06
11.334	801.506	6.40031e+06
11.335	801.576	6.40031e+06
11.336	801.647	6.40031e+06
11.337	801.718	6.40031e+06
11.338	801.788	6.40031e+06
11.339	801.859	6.40031e+06
11.34	801.93	6.40031e+06
11.341	802.001	6.40031e+06
11.342	802.071	6.40031e+06
11.343	802.142	6.40031e+06
11.344	802.213	6.40031e+06
11.345	802.283	6.40031e+06
11.346	802.354	6.40031e+06
11.347	802.425	6.40031e+06
11.348	802.495	6.40031e+06
11.349	802.566	6.40031e+06
11.35	802.637	6.40031e+06
11.351	802.708	6.40031e+06
11.352	802.778	6.40031e+06
11.353	802.849	6.40031e+06
11.354	802.92	6.40031e+06
11.355	802.99	6.40031e+06
11.356	803.061	6.40031e+06
11.357	803.132	6.40031e+06
11.358	803.203	6.40031e+06
11.359	803.273	6.40031e+06
11.36	803.344	6.40031e+06
11.361	803.415	6.40031e+06
11.362	803.485	6.40031e+06
11.363	803.556	6.40031e+06
11.364	803.627	6.40031e+06
11.365	803.698	6.40031e+06
11.366	803.768	6.40031e+06
11.367	803.839	6.40031e+06
11.368	803.91	6.40031e+06
11.369	803.98	6.40031e+06
11.37	804.051	6.40031e+06
11.371	804.122	6.40031e+06
11.372	804.193	6.40031e+06
11.373	804.263	6.40031e+06
11.374	804.334	6.40031e+06
11.375	804.405	6.40031e+06
11.376	804.475	6.40031e+06
11.377	804.546	6.40031e+06
11.378	804.617	6.40031e+06
11.379	804.688	6.40031e+06
11.38	804.758	6.40031e+06
11.381	804.829	6.40031e+06
11.382	804.9	6.40031e+06
11.383	804.97	6.40031e+06
11.384	805.041	6.40031e+06
11.385	805.112	6.40031e+06
11.386	805.182	6.40031e+06
11.387	805.253	6.40031e+06
11.388	805.324	6.40031e+06
11.389	805.395	6.40031e+06
11.39	805.465	6.40031e+06
11.391	805.536	6.40031e+06
11.392	805.607	6.40031e+06
11.393	805.677	6.40031e+06
11.394	805.748	6.40031e+06
11.395	805.819	6.40031e+06
11.396	805.89	6.40031e+06
11.397	805.96	6.40031e+06
11.398	806.031	6.40031e+06
11.399	806.102	6.40031e+06
11.4	806.172	6.40031e+06
11.401	806.243	6.40031e+06
11.402	806.314	6.40031e+06
11.403	806.385	6.40031e+06
11.404	806.455	6.40031e+06
11.405	806.526	6.40031e+06
11.406	806.597	6.40031e+06
11.407	806.667	6.40031e+06
11.408	806.738	6.40031e+06
11.409	806.809	6.40031e+06
11.41	806.88	6.40031e+06
11.411	806.95	6.40031e+06
11.412	807.021	6.40031e+06
11.413	807.092	6.40031e+06
11.414	807.162	6.40031e+06
11.415	807.233	6.40031e+06
11.416	807.304	6.40031e+06
11.417	807.375	6.40031e+06
11.418	807.445	6.40031e+06
11.419	807.516	6.40031e+06
11.42	807.587	6.40031e+06
11.421	807.657	6.40031e+06
11.422	807.728	6.40031e+06
11.423	807.799	6.40031e+06
11.424	807.869	6.40031e+06
11.425	807.94	6.40031e+06
11.426	808.011	6.40031e+06
11.427	808.082	6.40031e+06
11.428	808.152	6.40031e+06
11.429	808.223	6.40031e+06
11.43	808.294	6.40031e+06
11.431	808.364	6.40031e+06
11.432	808.435	6.40031e+06
11.433	808.506	6.40031e+06
11.434	808.577	6.40031e+06
11.435	808.647	6.40031e+06
11.436	808.718	6.40031e+06
11.437	808.789	6.40031e+06
11.438	808.859	6.40031e+06
11.439	808.93	6.40031e+06
11.44	809.001	6.40031e+06
11.441	809.072	6.40031e+06
11.442	809.142	6.40031e+06
11.443	809.213	6.40031e+06
11.444	809.284	6.40031e+06
11.445	809.354	6.40031e+06
11.446	809.425	6.40031e+06
11.447	809.496	6.40031e+06
11.448	809.567	6.40031e+06
11.449	809.637	6.40031e+06
11.45	809.708	6.40031e+06
11.451	809.779	6.40031e+06
11.452	809.849	6.40031e+06
11.453	809.92	6.40031e+06
11.454	809.991	6.40031e+06
11.455	810.062	6.40031e+06
11.456	810.132	6.40031e+06
11.457	810.203	6.40031e+06
11.458	810.274	6.40031e+06
11.459	810.344	6.40031e+06
11.46	810.415	6.40031e+06
11.461	810.486	6.40031e+06
11.462	810.557	6.40031e+06
11.463	810.627	6.40031e+06
11.464	810.698	6.40031e+06
11.465	810.769	6.40031e+06
11.466	810.839	6.40031e+06
11.467	810.91	6.40031e+06
11.468	810.981	6.40031e+06
11.469	811.051	6.40031e+06
11.47	811.122	6.40031e+06
11.471	811.193	6.40031e+06
11.472	811.264	6.40031e+06
11.473	811.334	6.40031e+06
11.474	811.405	6.40031e+06
11.475	811.476	6.40031e+06
11.476	811.546	6.40031e+06
11.477	811.617	6.40031e+06
11.478	811.688	6.40031e+06
11.479	811.759	6.40031e+06
11.48	811.829	6.40031e+06
11.481	811.9	6.40031e+06
11.482	811.971	6.40031e+06
11.483	812.041	6.40031e+06
11.484	812.112	6.40031e+06
11.485	812.183	6.40031e+06
11.486	812.254	6.40031e+06
11.487	812.324	6.40031e+06
11.488	812.395	6.40031e+06
11.489	812.466	6.40031e+06
11.49	812.536	6.40031e+06
11.491	812.607	6.40031e+06
11.492	812.678	6.40031e+06
11.493	812.749	6.40031e+06
11.494	812.819	6.40031e+06
11.495	812.89	6.40031e+06
11.496	812.961	6.40031e+06
11.497	813.031	6.40031e+06
11.498	813.102	6.40031e+06
11.499	813.173	6.40031e+06
11.5	813.244	6.40031e+06
11.501	813.314	6.40031e+06
11.502	813.385	6.40031e+06
11.503	813.456	6.40031e+06
11.504	813.526	6.40031e+06
11.505	813.597	6.40031e+06
11.506	813.668	6.40031e+06
11.507	813.738	6.40031e+06
11.508	813.809	6.40031e+06
11.509	813.88	6.40031e+06
11.51	813.951	6.40031e+06
11.511	814.021	6.40031e+06
11.512	814.092	6.40031e+06
11.513	814.163	6.40031e+06
11.514	814.233	6.40031e+06
11.515	814.304	6.40031e+06
11.516	814.375	6.40031e+06
11.517	814.446	6.40031e+06
11.518	814.516	6.40031e+06
11.519	814.587	6.40031e+06
11.52	814.658	6.40031e+06
11.521	814.728	6.40031e+06
11.522	814.799	6.40031e+06
11.523	814.87	6.40031e+06
11.524	814.941	6.40031e+06
11.525	815.011	6.40031e+06
11.526	815.082	6.40031e+06
11.527	815.153	6.40031e+06
11.528	815.223	6.40031e+06
11.529	815.294	6.40031e+06
11.53	815.365	6.40031e+06
11.531	815.436	6.40031e+06
11.532	815.506	6.40031e+06
11.533	815.577	6.40031e+06
11.534	815.648	6.40031e+06
11.535	815.718	6.40031e+06
11.536	815.789	6.40031e+06
11.537	815.86	6.40031e+06
11.538	815.931	6.40031e+06
11.539	816.001	6.40031e+06
11.54	816.072	6.40031e+06
11.541	816.143	6.40031e+06
11.542	816.213	6.40031e+06
11.543	816.284	6.40031e+06
11.544	816.355	6.40031e+06
11.545	816.425	6.40031e+06
11.546	816.496	6.40031e+06
11.547	816.567	6.40031e+06
11.548	816.638	6.40031e+06
11.549	816.708	6.40031e+06
11.55	816.779	6.40031e+06
11.551	816.85	6.40031e+06
11.552	816.92	6.40031e+06
11.553	816.991	6.40031e+06
11.554	817.062	6.40031e+06
11.555	817.133	6.40031e+06
11.556	817.203	6.40031e+06
11.557	817.274	6.40031e+06
11.558	817.345	6.40031e+06
11.559	817.415	6.40031e+06
11.56	817.486	6.40031e+06
11.561	817.557	6.40031e+06
11.562	817.628	6.40031e+06
11.563	817.698	6.40031e+06
11.564	817.769	6.40031e+06
11.565	817.84	6.40031e+06
11.566	817.91	6.40031e+06
11.567	817.981	6.40031e+06
11.568	818.052	6.40031e+06
11.569	818.123	6.40031e+06
11.57	818.193	6.40031e+06
11.571	818.264	6.40031e+06
11.572	818.335	6.40031e+06
11.573	818.405	6.40031e+06
11.574	818.476	6.40031e+06
11.575	818.547	6.40031e+06
11.576	818.618	6.40031e+06
11.577	818.688	6.40031e+06
11.578	818.759	6.40031e+06
11.579	818.83	6.40031e+06
11.58	818.9	6.40031e+06
11.581	818.971	6.40031e+06
11.582	819.042	6.40031e+06
11.583	819.112	6.40031e+06
11.584	819.183	6.40031e+06
11.585	819.254	6.40031e+06
11.586	819.325	6.40031e+06
11.587	819.395	6.40031e+06
11.588	819.466	6.40031e+06
11.589	819.537	6.40031e+06
11.59	819.607	6.40031e+06
11.591	819.678	6.40031e+06
11.592	819.749	6.40031e+06
11.593	819.82	6.40031e+06
11.594	819.89	6.40031e+06
11.595	819.961	6.40031e+06
11.596	820.032	6.40031e+06
11.597	820.102	6.40031e+06
11.598	820.173	6.40031e+06
11.599	820.244	6.40031e+06
11.6	820.315	6.40031e+06
11.601	820.385	6.40031e+06
11.602	820.456	6.40031e+06
11.603	820.527	6.40031e+06
11.604	820.597	6.40031e+06
11.605	820.668	6.40031e+06
11.606	820.739	6.40031e+06
11.607	820.81	6.40031e+06
11.608	820.88	6.40031e+06
11.609	820.951	6.40031e+06
11.61	821.022	6.40031e+06
11.611	821.092	6.40031e+06
11.612	821.163	6.40031e+06
11.613	821.234	6.40031e+06
11.614	821.305	6.40031e+06
11.615	821.375	6.40031e+06
11.616	821.446	6.40031e+06
11.617	821.517	6.40031e+06
11.618	821.587	6.40031e+06
11.619	821.658	6.40031e+06
11.62	821.729	6.40031e+06
11.621	821.8	6.40031e+06
11.622	821.87	6.40031e+06
11.623	821.941	6.40031e+06
11.624	822.012	6.40031e+06
11.625	822.082	6.40031e+06
11.626	822.153	6.40031e+06
11.627	822.224	6.40031e+06
11.628	822.294	6.40031e+06
11.629	822.365	6.40031e+06
11.63	822.436	6.40031e+06
11.631	822.507	6.40031e+06
11.632	822.577	6.40031e+06
11.633	822.648	6.40031e+06
11.634	822.719	6.40031e+06
11.635	822.789	6.40031e+06
11.636	822.86	6.40031e+06
11.637	822.931	6.40031e+06
11.638	823.002	6.40031e+06
11.639	823.072	6.40031e+06
11.64	823.143	6.40031e+06
11.641	823.214	6.40031e+06
11.642	823.284	6.40031e+06
11.643	823.355	6.40031e+06
11.644	823.426	6.40031e+06
11.645	823.497	6.40031e+06
11.646	823.567	6.40031e+06
11.647	823.638	6.40031e+06
11.648	823.709	6.40031e+06
11.649	823.779	6.40031e+06
11.65	823.85	6.40031e+06
11.651	823.921	6.40031e+06
11.652	823.992	6.40031e+06
11.653	824.062	6.40031e+06
11.654	824.133	6.40031e+06
11.655	824.204	6.40031e+06
11.656	824.274	6.40031e+06
11.657	824.345	6.40031e+06
11.658	824.416	6.40031e+06
11.659	824.487	6.40031e+06
11.66	824.557	6.40031e+06
11.661	824.628	6.40031e+06
11.662	824.699	6.40031e+06
11.663	824.769	6.40031e+06
11.664	824.84	6.40031e+06
11.665	824.911	6.40031e+06
11.666	824.981	6.40031e+06
11.667	825.052	6.40031e+06
11.668	825.123	6.40031e+06
11.669	825.194	6.40031e+06
11.67	825.264	6.40031e+06
11.671	825.335	6.40031e+06
11.672	825.406	6.40031e+06
11.673	825.476	6.40031e+06
11.674	825.547	6.40031e+06
11.675	825.618	6.40031e+06
11.676	825.689	6.40031e+06
11.677	825.759	6.40031e+06
11.678	825.83	6.40031e+06
11.679	825.901	6.40031e+06
11.68	825.971	6.40031e+06
11.681	826.042	6.40031e+06
11.682	826.113	6.40031e+06
11.683	826.184	6.40031e+06
11.684	826.254	6.40031e+06
11.685	826.325	6.40031e+06
11.686	826.396	6.40031e+06
11.687	826.466	6.40031e+06
11.688	826.537	6.40031e+06
11.689	826.608	6.40031e+06
11.69	826.679	6.40031e+06
11.691	826.749	6.40031e+06
11.692	826.82	6.40031e+06
11.693	826.891	6.40031e+06
11.694	826.961	6.40031e+06
11.695	827.032	6.4003e+06
11.696	827.103	6.4003e+06
11.697	827.174	6.4003e+06
11.698	827.244	6.4003e+06
11.699	827.315	6.4003e+06
11.7	827.386	6.4003e+06
11.701	827.456	6.4003e+06
11.702	827.527	6.4003e+06
11.703	827.598	6.4003e+06
11.704	827.668	6.4003e+06
11.705	827.739	6.4003e+06
11.706	827.81	6.4003e+06
11.707	827.881	6.4003e+06
11.708	827.951	6.4003e+06
11.709	828.022	6.4003e+06
11.71	828.093	6.4003e+06
11.711	828.163	6.4003e+06
11.712	828.234	6.4003e+06
11.713	828.305	6.4003e+06
11.714	828.376	6.4003e+06
11.715	828.446	6.4003e+06
11.716	828.517	6.4003e+06
11.717	828.588	6.4003e+06
11.718	828.658	6.4003e+06
11.719	828.729	6.4003e+06
11.72	828.8	6.4003e+06
11.721	828.871	6.4003e+06
11.722	828.941	6.4003e+06
11.723	829.012	6.4003e+06
11.724	829.083	6.4003e+06
11.725	829.153	6.4003e+06
11.726	829.224	6.4003e+06
11.727	829.295	6.4003e+06
11.728	829.366	6.4003e+06
11.729	829.436	6.4003e+06
11.73	829.507	6.4003e+06
11.731	829.578	6.4003e+06
11.732	829.648	6.4003e+06
11.733	829.719	6.4003e+06
11.734	829.79	6.4003e+06
11.735	829.861	6.4003e+06
11.736	829.931	6.4003e+06
11.737	830.002	6.4003e+06
11.738	830.073	6.4003e+06
11.739	830.143	6.4003e+06
11.74	830.214	6.4003e+06
11.741	830.285	6.4003e+06
11.742	830.355	6.4003e+06
11.743	830.426	6.4003e+06
11.744	830.497	6.4003e+06
11.745	830.568	6.4003e+06
11.746	830.638	6.4003e+06
11.747	830.709	6.4003e+06
11.748	830.78	6.4003e+06
11.749	830.85	6.4003e+06
11.75	830.921	6.4003e+06
11.751	830.992	6.4003e+06
11.752	831.063	6.4003e+06
11.753	831.133	6.4003e+06
11.754	831.204	6.4003e+06
11.755	831.275	6.4003e+06
11.756	831.345	6.4003e+06
11.757	831.416	6.4003e+06
11.758	831.487	6.4003e+06
11.759	831.558	6.4003e+06
11.76	831.628	6.4003e+06
11.761	831.699	6.4003e+06
11.762	831.77	6.4003e+06
11.763	831.84	6.4003e+06
11.764	831.911	6.4003e+06
11.765	831.982	6.4003e+06
11.766	832.053	6.4003e+06
11.767	832.123	6.4003e+06
11.768	832.194	6.4003e+06
11.769	832.265	6.4003e+06
11.77	832.335	6.4003e+06
11.771	832.406	6.4003e+06
11.772	832.477	6.4003e+06
11.773	832.548	6.4003e+06
11.774	832.618	6.4003e+06
11.775	832.689	6.4003e+06
11.776	832.76	6.4003e+06
11.777	832.83	6.4003e+06
11.778	832.901	6.4003e+06
11.779	832.972	6.4003e+06
11.78	833.042	6.4003e+06
11.781	833.113	6.4003e+06
11.782	833.184	6.4003e+06
11.783	833.255	6.4003e+06
11.784	833.325	6.4003e+06
11.785	833.396	6.4003e+06
11.786	833.467	6.4003e+06
11.787	833.537	6.4003e+06
11.788	833.608	6.4003e+06
11.789	833.679	6.4003e+06
11.79	833.75	6.4003e+06
11.791	833.82	6.4003e+06
11.792	833.891	6.4003e+06
11.793	833.962	6.4003e+06
11.794	834.032	6.4003e+06
11.795	834.103	6.4003e+06
11.796	834.174	6.4003e+06
11.797	834.245	6.4003e+06
11.798	834.315	6.4003e+06
11.799	834.386	6.4003e+06
11.8	834.457	6.4003e+06
11.801	834.527	6.4003e+06
11.802	834.598	6.4003e+06
11.803	834.669	6.4003e+06
11.804	834.74	6.4003e+06
11.805	834.81	6.4003e+06
11.806	834.881	6.4003e+06
11.807	834.952	6.4003e+06
11.808	835.022	6.4003e+06
11.809	835.093	6.4003e+06
11.81	835.164	6.4003e+06
11.811	835.235	6.4003e+06
11.812	835.305	6.4003e+06
11.813	835.376	6.4003e+06
11.814	835.447	6.4003e+06
11.815	835.517	6.4003e+06
11.816	835.588	6.4003e+06
11.817	835.659	6.4003e+06
11.818	835.73	6.4003e+06
11.819	835.8	6.4003e+06
11.82	835.871	6.4003e+06
11.821	835.942	6.4003e+06
11.822	836.012	6.4003e+06
11.823	836.083	6.4003e+06
11.824	836.154	6.4003e+06
11.825	836.224	6.4003e+06
11.826	836.295	6.4003e+06
11.827	836.366	6.4003e+06
11.828	836.437	6.4003e+06
11.829	836.507	6.4003e+06
11.83	836.578	6.4003e+06
11.831	836.649	6.4003e+06
11.832	836.719	6.4003e+06
11.833	836.79	6.4003e+06
11.834	836.861	6.4003e+06
11.835	836.932	6.4003e+06
11.836	837.002	6.4003e+06
11.837	837.073	6.4003e+06
11.838	837.144	6.4003e+06
11.839	837.214	6.4003e+06
11.84	837.285	6.4003e+06
11.841	837.356	6.4003e+06
11.842	837.427	6.4003e+06
11.843	837.497	6.4003e+06
11.844	837.568	6.4003e+06
11.845	837.639	6.4003e+06
11.846	837.709	6.4003e+06
11.847	837.78	6.4003e+06
11.848	837.851	6.4003e+06
11.849	837.922	6.4003e+06
11.85	837.992	6.4003e+06
11.851	838.063	6.4003e+06
11.852	838.134	6.4003e+06
11.853	838.204	6.4003e+06
11.854	838.275	6.4003e+06
11.855	838.346	6.4003e+06
11.856	838.417	6.4003e+06
11.857	838.487	6.4003e+06
11.858	838.558	6.4003e+06
11.859	838.629	6.4003e+06
11.86	838.699	6.4003e+06
11.861	838.77	6.4003e+06
11.862	838.841	6.4003e+06
11.863	838.911	6.4003e+06
11.864	838.982	6.4003e+06
11.865	839.053	6.4003e+06
11.866	839.124	6.4003e+06
11.867	839.194	6.4003e+06
11.868	839.265	6.4003e+06
11.869	839.336	6.4003e+06
11.87	839.406	6.4003e+06
11.871	839.477	6.4003e+06
11.872	839.548	6.4003e+06
11.873	839.619	6.4003e+06
11.874	839.689	6.4003e+06
11.875	839.76	6.4003e+06
11.876	839.831	6.4003e+06
11.877	839.901	6.4003e+06
11.878	839.972	6.4003e+06
11.879	840.043	6.4003e+06
11.88	840.114	6.4003e+06
11.881	840.184	6.4003e+06
11.882	840.255	6.4003e+06
11.883	840.326	6.4003e+06
11.884	840.396	6.4003e+06
11.885	840.467	6.4003e+06
11.886	840.538	6.4003e+06
11.887	840.609	6.4003e+06
11.888	840.679	6.4003e+06
11.889	840.75	6.4003e+06
11.89	840.821	6.4003e+06
11.891	840.891	6.4003e+06
11.892	840.962	6.4003e+06
11.893	841.033	6.4003e+06
11.894	841.104	6.4003e+06
11.895	841.174	6.4003e+06
11.896	841.245	6.4003e+06
11.897	841.316	6.4003e+06
11.898	841.386	6.4003e+06
11.899	841.457	6.4003e+06
11.9	841.528	6.4003e+06
11.901	841.598	6.4003e+06
11.902	841.669	6.4003e+06
11.903	841.74	6.4003e+06
11.904	841.811	6.4003e+06
11.905	841.881	6.4003e+06
11.906	841.952	6.4003e+06
11.907	842.023	6.4003e+06
11.908	842.093	6.4003e+06
11.909	842.164	6.4003e+06
11.91	842.235	6.4003e+06
11.911	842.306	6.4003e+06
11.912	842.376	6.4003e+06
11.913	842.447	6.4003e+06
11.914	842.518	6.4003e+06
11.915	842.588	6.4003e+06
11.916	842.659	6.4003e+06
11.917	842.73	6.4003e+06
11.918	842.801	6.4003e+06
11.919	842.871	6.4003e+06
11.92	842.942	6.4003e+06
11.921	843.013	6.4003e+06
11.922	843.083	6.4003e+06
11.923	843.154	6.4003e+06
11.924	843.225	6.4003e+06
11.925	843.296	6.4003e+06
11.926	843.366	6.4003e+06
11.927	843.437	6.4003e+06
11.928	843.508	6.4003e+06
11.929	843.578	6.4003e+06
11.93	843.649	6.4003e+06
11.931	843.72	6.4003e+06
11.932	843.791	6.4003e+06
11.933	843.861	6.4003e+06
11.934	843.932	6.4003e+06
11.935	844.003	6.4003e+06
11.936	844.073	6.4003e+06
11.937	844.144	6.4003e+06
11.938	844.215	6.4003e+06
11.939	844.285	6.4003e+06
11.94	844.356	6.4003e+06
11.941	844.427	6.4003e+06
11.942	844.498	6.4003e+06
11.943	844.568	6.4003e+06
11.944	844.639	6.4003e+06
11.945	844.71	6.4003e+06
11.946	844.78	6.4003e+06
11.947	844.851	6.4003e+06
11.948	844.922	6.4003e+06
11.949	844.993	6.4003e+06
11.95	845.063	6.4003e+06
11.951	845.134	6.4003e+06
11.952	845.205	6.4003e+06
11.953	845.275	6.4003e+06
11.954	845.346	6.4003e+06
11.955	845.417	6.4003e+06
11.956	845.488	6.4003e+06
11.957	845.558	6.4003e+06
11.958	845.629	6.4003e+06
11.959	845.7	6.4003e+06
11.96	845.77	6.4003e+06
11.961	845.841	6.4003e+06
11.962	845.912	6.4003e+06
11.963	845.983	6.4003e+06
11.964	846.053	6.4003e+06
11.965	846.124	6.4003e+06
11.966	846.195	6.4003e+06
11.967	846.265	6.4003e+06
11.968	846.336	6.4003e+06
11.969	846.407	6.4003e+06
11.97	846.478	6.4003e+06
11.971	846.548	6.4003e+06
11.972	846.619	6.4003e+06
11.973	846.69	6.4003e+06
11.974	846.76	6.4003e+06
11.975	846.831	6.4003e+06
11.976	846.902	6.4003e+06
11.977	846.973	6.4003e+06
11.978	847.043	6.4003e+06
11.979	847.114	6.4003e+06
11.98	847.185	6.4003e+06
11.981	847.255	6.4003e+06
11.982	847.326	6.4003e+06
11.983	847.397	6.4003e+06
11.984	847.467	6.4003e+06
11.985	847.538	6.4003e+06
11.986	847.609	6.4003e+06
11.987	847.68	6.4003e+06
11.988	847.75	6.4003e+06
11.989	847.821	6.4003e+06
11.99	847.892	6.4003e+06
11.991	847.962	6.4003e+06
11.992	848.033	6.4003e+06
11.993	848.104	6.4003e+06
11.994	848.175	6.4003e+06
11.995	848.245	6.4003e+06
11.996	848.316	6.4003e+06
11.997	848.387	6.4003e+06
11.998	848.457	6.4003e+06
11.999	848.528	6.4003e+06
12	848.599	6.4003e+06
12.001	848.67	6.4003e+06
12.002	848.74	6.4003e+06
12.003	848.811	6.4003e+06
12.004	848.882	6.4003e+06
12.005	848.952	6.4003e+06
12.006	849.023	6.4003e+06
12.007	849.094	6.4003e+06
12.008	849.165	6.4003e+06
12.009	849.235	6.4003e+06
12.01	849.306	6.4003e+06
12.011	849.377	6.4003e+06
12.012	849.447	6.4003e+06
12.013	849.518	6.4003e+06
12.014	849.589	6.4003e+06
12.015	849.66	6.4003e+06
12.016	849.73	6.4003e+06
12.017	849.801	6.4003e+06
12.018	849.872	6.4003e+06
12.019	849.942	6.4003e+06
12.02	850.013	6.4003e+06
12.021	850.084	6.4003e+06
12.022	850.154	6.4003e+06
12.023	850.225	6.4003e+06
12.024	850.296	6.4003e+06
12.025	850.367	6.4003e+06
12.026	850.437	6.4003e+06
12.027	850.508	6.4003e+06
12.028	850.579	6.4003e+06
12.029	850.649	6.4003e+06
12.03	850.72	6.4003e+06
12.031	850.791	6.4003e+06
12.032	850.862	6.4003e+06
12.033	850.932	6.4003e+06
12.034	851.003	6.4003e+06
12.035	851.074	6.4003e+06
12.036	851.144	6.4003e+06
12.037	851.215	6.4003e+06
12.038	851.286	6.4003e+06
12.039	851.357	6.4003e+06
12.04	851.427	6.4003e+06
12.041	851.498	6.4003e+06
12.042	851.569	6.4003e+06
12.043	851.639	6.4003e+06
12.044	851.71	6.4003e+06
12.045	851.781	6.4003e+06
12.046	851.852	6.4003e+06
12.047	851.922	6.4003e+06
12.048	851.993	6.4003e+06
12.049	852.064	6.4003e+06
12.05	852.134	6.4003e+06
12.051	852.205	6.4003e+06
12.052	852.276	6.4003e+06
12.053	852.347	6.4003e+06
12.054	852.417	6.4003e+06
12.055	852.488	6.4003e+06
12.056	852.559	6.4003e+06
12.057	852.629	6.4003e+06
12.058	852.7	6.4003e+06
12.059	852.771	6.4003e+06
12.06	852.841	6.4003e+06
12.061	852.912	6.4003e+06
12.062	852.983	6.4003e+06
12.063	853.054	6.4003e+06
12.064	853.124	6.4003e+06
12.065	853.195	6.4003e+06
12.066	853.266	6.4003e+06
12.067	853.336	6.4003e+06
12.068	853.407	6.4003e+06
12.069	853.478	6.4003e+06
12.07	853.549	6.4003e+06
12.071	853.619	6.4003e+06
12.072	853.69	6.4003e+06
12.073	853.761	6.4003e+06
12.074	853.831	6.4003e+06
12.075	853.902	6.4003e+06
12.076	853.973	6.4003e+06
12.077	854.044	6.4003e+06
12.078	854.114	6.4003e+06
12.079	854.185	6.4003e+06
12.08	854.256	6.4003e+06
12.081	854.326	6.4003e+06
12.082	854.397	6.4003e+06
12.083	854.468	6.4003e+06
12.084	854.539	6.4003e+06
12.085	854.609	6.4003e+06
12.086	854.68	6.4003e+06
12.087	854.751	6.4003e+06
12.088	854.821	6.4003e+06
12.089	854.892	6.4003e+06
12.09	854.963	6.4003e+06
12.091	855.034	6.4003e+06
12.092	855.104	6.4003e+06
12.093	855.175	6.4003e+06
12.094	855.246	6.4003e+06
12.095	855.316	6.4003e+06
12.096	855.387	6.4003e+06
12.097	855.458	6.4003e+06
12.098	855.528	6.4003e+06
12.099	855.599	6.4003e+06
12.1	855.67	6.4003e+06
12.101	855.741	6.4003e+06
12.102	855.811	6.4003e+06
12.103	855.882	6.4003e+06
12.104	855.953	6.4003e+06
12.105	856.023	6.4003e+06
12.106	856.094	6.4003e+06
12.107	856.165	6.4003e+06
12.108	856.236	6.4003e+06
12.109	856.306	6.4003e+06
12.11	856.377	6.4003e+06
12.111	856.448	6.4003e+06
12.112	856.518	6.4003e+06
12.113	856.589	6.4003e+06
12.114	856.66	6.4003e+06
12.115	856.731	6.4003e+06
12.116	856.801	6.4003e+06
12.117	856.872	6.4003e+06
12.118	856.943	6.4003e+06
12.119	857.013	6.4003e+06
12.12	857.084	6.4003e+06
12.121	857.155	6.4003e+06
12.122	857.226	6.4003e+06
12.123	857.296	6.4003e+06
12.124	857.367	6.4003e+06
12.125	857.438	6.4003e+06
12.126	857.508	6.4003e+06
12.127	857.579	6.4003e+06
12.128	857.65	6.4003e+06
12.129	857.721	6.4003e+06
12.13	857.791	6.4003e+06
12.131	857.862	6.4003e+06
12.132	857.933	6.4003e+06
12.133	858.003	6.4003e+06
12.134	858.074	6.4003e+06
12.135	858.145	6.4003e+06
12.136	858.216	6.4003e+06
12.137	858.286	6.4003e+06
12.138	858.357	6.4003e+06
12.139	858.428	6.4003e+06
12.14	858.498	6.4003e+06
12.141	858.569	6.4003e+06
12.142	858.64	6.4003e+06
12.143	858.71	6.4003e+06
12.144	858.781	6.4003e+06
12.145	858.852	6.4003e+06
12.146	858.923	6.4003e+06
12.147	858.993	6.4003e+06
12.148	859.064	6.4003e+06
12.149	859.135	6.4003e+06
12.15	859.205	6.4003e+06
12.151	859.276	6.4003e+06
12.152	859.347	6.4003e+06
12.153	859.418	6.4003e+06
12.154	859.488	6.4003e+06
12.155	859.559	6.4003e+06
12.156	859.63	6.4003e+06
12.157	859.7	6.4003e+06
12.158	859.771	6.4003e+06
12.159	859.842	6.4003e+06
12.16	859.913	6.4003e+06
12.161	859.983	6.4003e+06
12.162	860.054	6.4003e+06
12.163	860.125	6.4003e+06
12.164	860.195	6.4003e+06
12.165	860.266	6.4003e+06
12.166	860.337	6.4003e+06
12.167	860.408	6.4003e+06
12.168	860.478	6.4003e+06
12.169	860.549	6.4003e+06
12.17	860.62	6.4003e+06
12.171	860.69	6.4003e+06
12.172	860.761	6.4003e+06
12.173	860.832	6.4003e+06
12.174	860.903	6.4003e+06
12.175	860.973	6.4003e+06
12.176	861.044	6.4003e+06
12.177	861.115	6.4003e+06
12.178	861.185	6.4003e+06
12.179	861.256	6.4003e+06
12.18	861.327	6.4003e+06
12.181	861.397	6.4003e+06
12.182	861.468	6.4003e+06
12.183	861.539	6.4003e+06
12.184	861.61	6.4003e+06
12.185	861.68	6.4003e+06
12.186	861.751	6.4003e+06
12.187	861.822	6.4003e+06
12.188	861.892	6.4003e+06
12.189	861.963	6.4003e+06
12.19	862.034	6.4003e+06
12.191	862.105	6.4003e+06
12.192	862.175	6.4003e+06
12.193	862.246	6.4003e+06
12.194	862.317	6.4003e+06
12.195	862.387	6.4003e+06
12.196	862.458	6.4003e+06
12.197	862.529	6.4003e+06
12.198	862.6	6.4003e+06
12.199	862.67	6.4003e+06
12.2	862.741	6.4003e+06
12.201	862.812	6.4003e+06
12.202	862.882	6.4003e+06
12.203	862.953	6.4003e+06
12.204	863.024	6.4003e+06
12.205	863.095	6.4003e+06
12.206	863.165	6.4003e+06
12.207	863.236	6.4003e+06
12.208	863.307	6.4003e+06
12.209	863.377	6.4003e+06
12.21	863.448	6.4003e+06
12.211	863.519	6.4003e+06
12.212	863.59	6.4003e+06
12.213	863.66	6.4003e+06
12.214	863.731	6.40029e+06
12.215	863.802	6.40029e+06
12.216	863.872	6.40029e+06
12.217	863.943	6.40029e+06
12.218	864.014	6.40029e+06
12.219	864.084	6.40029e+06
12.22	864.155	6.40029e+06
12.221	864.226	6.40029e+06
12.222	864.297	6.40029e+06
12.223	864.367	6.40029e+06
12.224	864.438	6.40029e+06
12.225	864.509	6.40029e+06
12.226	864.579	6.40029e+06
12.227	864.65	6.40029e+06
12.228	864.721	6.40029e+06
12.229	864.792	6.40029e+06
12.23	864.862	6.40029e+06
12.231	864.933	6.40029e+06
12.232	865.004	6.40029e+06
12.233	865.074	6.40029e+06
12.234	865.145	6.40029e+06
12.235	865.216	6.40029e+06
12.236	865.287	6.40029e+06
12.237	865.357	6.40029e+06
12.238	865.428	6.40029e+06
12.239	865.499	6.40029e+06
12.24	865.569	6.40029e+06
12.241	865.64	6.40029e+06
12.242	865.711	6.40029e+06
12.243	865.782	6.40029e+06
12.244	865.852	6.40029e+06
12.245	865.923	6.40029e+06
12.246	865.994	6.40029e+06
12.247	866.064	6.40029e+06
12.248	866.135	6.40029e+06
12.249	866.206	6.40029e+06
12.25	866.277	6.40029e+06
12.251	866.347	6.40029e+06
12.252	866.418	6.40029e+06
12.253	866.489	6.40029e+06
12.254	866.559	6.40029e+06
12.255	866.63	6.40029e+06
12.256	866.701	6.40029e+06
12.257	866.771	6.40029e+06
12.258	866.842	6.40029e+06
12.259	866.913	6.40029e+06
12.26	866.984	6.40029e+06
12.261	867.054	6.40029e+06
12.262	867.125	6.40029e+06
12.263	867.196	6.40029e+06
12.264	867.266	6.40029e+06
12.265	867.337	6.40029e+06
12.266	867.408	6.40029e+06
12.267	867.479	6.40029e+06
12.268	867.549	6.40029e+06
12.269	867.62	6.40029e+06
12.27	867.691	6.40029e+06
12.271	867.761	6.40029e+06
12.272	867.832	6.40029e+06
12.273	867.903	6.40029e+06
12.274	867.974	6.40029e+06
12.275	868.044	6.40029e+06
12.276	868.115	6.40029e+06
12.277	868.186	6.40029e+06
12.278	868.256	6.40029e+06
12.279	868.327	6.40029e+06
12.28	868.398	6.40029e+06
12.281	868.469	6.40029e+06
12.282	868.539	6.40029e+06
12.283	868.61	6.40029e+06
12.284	868.681	6.40029e+06
12.285	868.751	6.40029e+06
12.286	868.822	6.40029e+06
12.287	868.893	6.40029e+06
12.288	868.964	6.40029e+06
12.289	869.034	6.40029e+06
12.29	869.105	6.40029e+06
12.291	869.176	6.40029e+06
12.292	869.246	6.40029e+06
12.293	869.317	6.40029e+06
12.294	869.388	6.40029e+06
12.295	869.458	6.40029e+06
12.296	869.529	6.40029e+06
12.297	869.6	6.40029e+06
12.298	869.671	6.40029e+06
12.299	869.741	6.40029e+06
12.3	869.812	6.40029e+06
12.301	869.883	6.40029e+06
12.302	869.953	6.40029e+06
12.303	870.024	6.40029e+06
12.304	870.095	6.40029e+06
12.305	870.166	6.40029e+06
12.306	870.236	6.40029e+06
12.307	870.307	6.40029e+06
12.308	870.378	6.40029e+06
12.309	870.448	6.40029e+06
12.31	870.519	6.40029e+06
12.311	870.59	6.40029e+06
12.312	870.661	6.40029e+06
12.313	870.731	6.40029e+06
12.314	870.802	6.40029e+06
12.315	870.873	6.40029e+06
12.316	870.943	6.40029e+06
12.317	871.014	6.40029e+06
12.318	871.085	6.40029e+06
12.319	871.156	6.40029e+06
12.32	871.226	6.40029e+06
12.321	871.297	6.40029e+06
12.322	871.368	6.40029e+06
12.323	871.438	6.40029e+06
12.324	871.509	6.40029e+06
12.325	871.58	6.40029e+06
12.326	871.651	6.40029e+06
12.327	871.721	6.40029e+06
12.328	871.792	6.40029e+06
12.329	871.863	6.40029e+06
12.33	871.933	6.40029e+06
12.331	872.004	6.40029e+06
12.332	872.075	6.40029e+06
12.333	872.146	6.40029e+06
12.334	872.216	6.40029e+06
12.335	872.287	6.40029e+06
12.336	872.358	6.40029e+06
12.337	872.428	6.40029e+06
12.338	872.499	6.40029e+06
12.339	872.57	6.40029e+06
12.34	872.64	6.40029e+06
12.341	872.711	6.40029e+06
12.342	872.782	6.40029e+06
12.343	872.853	6.40029e+06
12.344	872.923	6.40029e+06
12.345	872.994	6.40029e+06
12.346	873.065	6.40029e+06
12.347	873.135	6.40029e+06
12.348	873.206	6.40029e+06
12.349	873.277	6.40029e+06
12.35	873.348	6.40029e+06
12.351	873.418	6.40029e+06
12.352	873.489	6.40029e+06
12.353	873.56	6.40029e+06
12.354	873.63	6.40029e+06
12.355	873.701	6.40029e+06
12.356	873.772	6.40029e+06
12.357	873.843	6.40029e+06
12.358	873.913	6.40029e+06
12.359	873.984	6.40029e+06
12.36	874.055	6.40029e+06
12.361	874.125	6.40029e+06
12.362	874.196	6.40029e+06
12.363	874.267	6.40029e+06
12.364	874.338	6.40029e+06
12.365	874.408	6.40029e+06
12.366	874.479	6.40029e+06
12.367	874.55	6.40029e+06
12.368	874.62	6.40029e+06
12.369	874.691	6.40029e+06
12.37	874.762	6.40029e+06
12.371	874.833	6.40029e+06
12.372	874.903	6.40029e+06
12.373	874.974	6.40029e+06
12.374	875.045	6.40029e+06
12.375	875.115	6.40029e+06
12.376	875.186	6.40029e+06
12.377	875.257	6.40029e+06
12.378	875.327	6.40029e+06
12.379	875.398	6.40029e+06
12.38	875.469	6.40029e+06
12.381	875.54	6.40029e+06
12.382	875.61	6.40029e+06
12.383	875.681	6.40029e+06
12.384	875.752	6.40029e+06
12.385	875.822	6.40029e+06
12.386	875.893	6.40029e+06
12.387	875.964	6.40029e+06
12.388	876.035	6.40029e+06
12.389	876.105	6.40029e+06
12.39	876.176	6.40029e+06
12.391	876.247	6.40029e+06
12.392	876.317	6.40029e+06
12.393	876.388	6.40029e+06
12.394	876.459	6.40029e+06
12.395	876.53	6.40029e+06
12.396	876.6	6.40029e+06
12.397	876.671	6.40029e+06
12.398	876.742	6.40029e+06
12.399	876.812	6.40029e+06
12.4	876.883	6.40029e+06
12.401	876.954	6.40029e+06
12.402	877.025	6.40029e+06
12.403	877.095	6.40029e+06
12.404	877.166	6.40029e+06
12.405	877.237	6.40029e+06
12.406	877.307	6.40029e+06
12.407	877.378	6.40029e+06
12.408	877.449	6.40029e+06
12.409	877.52	6.40029e+06
12.41	877.59	6.40029e+06
12.411	877.661	6.40029e+06
12.412	877.732	6.40029e+06
12.413	877.802	6.40029e+06
12.414	877.873	6.40029e+06
12.415	877.944	6.40029e+06
12.416	878.014	6.40029e+06
12.417	878.085	6.40029e+06
12.418	878.156	6.40029e+06
12.419	878.227	6.40029e+06
12.42	878.297	6.40029e+06
12.421	878.368	6.40029e+06
12.422	878.439	6.40029e+06
12.423	878.509	6.40029e+06
12.424	878.58	6.40029e+06
12.425	878.651	6.40029e+06
12.426	878.722	6.40029e+06
12.427	878.792	6.40029e+06
12.428	878.863	6.40029e+06
12.429	878.934	6.40029e+06
12.43	879.004	6.40029e+06
12.431	879.075	6.40029e+06
12.432	879.146	6.40029e+06
12.433	879.217	6.40029e+06
12.434	879.287	6.40029e+06
12.435	879.358	6.40029e+06
12.436	879.429	6.40029e+06
12.437	879.499	6.40029e+06
12.438	879.57	6.40029e+06
12.439	879.641	6.40029e+06
12.44	879.712	6.40029e+06
12.441	879.782	6.40029e+06
12.442	879.853	6.40029e+06
12.443	879.924	6.40029e+06
12.444	879.994	6.40029e+06
12.445	880.065	6.40029e+06
12.446	880.136	6.40029e+06
12.447	880.207	6.40029e+06
12.448	880.277	6.40029e+06
12.449	880.348	6.40029e+06
12.45	880.419	6.40029e+06
12.451	880.489	6.40029e+06
12.452	880.56	6.40029e+06
12.453	880.631	6.40029e+06
12.454	880.701	6.40029e+06
12.455	880.772	6.40029e+06
12.456	880.843	6.40029e+06
12.457	880.914	6.40029e+06
12.458	880.984	6.40029e+06
12.459	881.055	6.40029e+06
12.46	881.126	6.40029e+06
12.461	881.196	6.40029e+06
12.462	881.267	6.40029e+06
12.463	881.338	6.40029e+06
12.464	881.409	6.40029e+06
12.465	881.479	6.40029e+06
12.466	881.55	6.40029e+06
12.467	881.621	6.40029e+06
12.468	881.691	6.40029e+06
12.469	881.762	6.40029e+06
12.47	881.833	6.40029e+06
12.471	881.904	6.40029e+06
12.472	881.974	6.40029e+06
12.473	882.045	6.40029e+06
12.474	882.116	6.40029e+06
12.475	882.186	6.40029e+06
12.476	882.257	6.40029e+06
12.477	882.328	6.40029e+06
12.478	882.399	6.40029e+06
12.479	882.469	6.40029e+06
12.48	882.54	6.40029e+06
12.481	882.611	6.40029e+06
12.482	882.681	6.40029e+06
12.483	882.752	6.40029e+06
12.484	882.823	6.40029e+06
12.485	882.894	6.40029e+06
12.486	882.964	6.40029e+06
12.487	883.035	6.40029e+06
12.488	883.106	6.40029e+06
12.489	883.176	6.40029e+06
12.49	883.247	6.40029e+06
12.491	883.318	6.40029e+06
12.492	883.389	6.40029e+06
12.493	883.459	6.40029e+06
12.494	883.53	6.40029e+06
12.495	883.601	6.40029e+06
12.496	883.671	6.40029e+06
12.497	883.742	6.40029e+06
12.498	883.813	6.40029e+06
12.499	883.883	6.40029e+06
12.5	883.954	6.40029e+06
12.501	884.025	6.40029e+06
12.502	884.096	6.40029e+06
12.503	884.166	6.40029e+06
12.504	884.237	6.40029e+06
12.505	884.308	6.40029e+06
12.506	884.378	6.40029e+06
12.507	884.449	6.40029e+06
12.508	884.52	6.40029e+06
12.509	884.591	6.40029e+06
12.51	884.661	6.40029e+06
12.511	884.732	6.40029e+06
12.512	884.803	6.40029e+06
12.513	884.873	6.40029e+06
12.514	884.944	6.40029e+06
12.515	885.015	6.40029e+06
12.516	885.086	6.40029e+06
12.517	885.156	6.40029e+06
12.518	885.227	6.40029e+06
12.519	885.298	6.40029e+06
12.52	885.368	6.40029e+06
12.521	885.439	6.40029e+06
12.522	885.51	6.40029e+06
12.523	885.581	6.40029e+06
12.524	885.651	6.40029e+06
12.525	885.722	6.40029e+06
12.526	885.793	6.40029e+06
12.527	885.863	6.40029e+06
12.528	885.934	6.40029e+06
12.529	886.005	6.40029e+06
12.53	886.076	6.40029e+06
12.531	886.146	6.40029e+06
12.532	886.217	6.40029e+06
12.533	886.288	6.40029e+06
12.534	886.358	6.40029e+06
12.535	886.429	6.40029e+06
12.536	886.5	6.40029e+06
12.537	886.57	6.40029e+06
12.538	886.641	6.40029e+06
12.539	886.712	6.40029e+06
12.54	886.783	6.40029e+06
12.541	886.853	6.40029e+06
12.542	886.924	6.40029e+06
12.543	886.995	6.40029e+06
12.544	887.065	6.40029e+06
12.545	887.136	6.40029e+06
12.546	887.207	6.40029e+06
12.547	887.278	6.40029e+06
12.548	887.348	6.40029e+06
12.549	887.419	6.40029e+06
12.55	887.49	6.40029e+06
12.551	887.56	6.40029e+06
12.552	887.631	6.40029e+06
12.553	887.702	6.40029e+06
12.554	887.773	6.40029e+06
12.555	887.843	6.40029e+06
12.556	887.914	6.40029e+06
12.557	887.985	6.40029e+06
12.558	888.055	6.40029e+06
12.559	888.126	6.40029e+06
12.56	888.197	6.40029e+06
12.561	888.268	6.40029e+06
12.562	888.338	6.40029e+06
12.563	888.409	6.40029e+06
12.564	888.48	6.40029e+06
12.565	888.55	6.40029e+06
12.566	888.621	6.40029e+06
12.567	888.692	6.40029e+06
12.568	888.763	6.40029e+06
12.569	888.833	6.40029e+06
12.57	888.904	6.40029e+06
12.571	888.975	6.40029e+06
12.572	889.045	6.40029e+06
12.573	889.116	6.40029e+06
12.574	889.187	6.40029e+06
12.575	889.257	6.40029e+06
12.576	889.328	6.40029e+06
12.577	889.399	6.40029e+06
12.578	889.47	6.40029e+06
12.579	889.54	6.40029e+06
12.58	889.611	6.40029e+06
12.581	889.682	6.40029e+06
12.582	889.752	6.40029e+06
12.583	889.823	6.40029e+06
12.584	889.894	6.40029e+06
12.585	889.965	6.40029e+06
12.586	890.035	6.40029e+06
12.587	890.106	6.40029e+06
12.588	890.177	6.40029e+06
12.589	890.247	6.40029e+06
12.59	890.318	6.40029e+06
12.591	890.389	6.40029e+06
12.592	890.46	6.40029e+06
12.593	890.53	6.40029e+06
12.594	890.601	6.40029e+06
12.595	890.672	6.40029e+06
12.596	890.742	6.40029e+06
12.597	890.813	6.40029e+06
12.598	890.884	6.40029e+06
12.599	890.955	6.40029e+06
12.6	891.025	6.40029e+06
12.601	891.096	6.40029e+06
12.602	891.167	6.40029e+06
12.603	891.237	6.40029e+06
12.604	891.308	6.40029e+06
12.605	891.379	6.40029e+06
12.606	891.45	6.40029e+06
12.607	891.52	6.40029e+06
12.608	891.591	6.40029e+06
12.609	891.662	6.40029e+06
12.61	891.732	6.40029e+06
12.611	891.803	6.40029e+06
12.612	891.874	6.40029e+06
12.613	891.944	6.40029e+06
12.614	892.015	6.40029e+06
12.615	892.086	6.40029e+06
12.616	892.157	6.40029e+06
12.617	892.227	6.40029e+06
12.618	892.298	6.40029e+06
12.619	892.369	6.40029e+06
12.62	892.439	6.40029e+06
12.621	892.51	6.40029e+06
12.622	892.581	6.40029e+06
12.623	892.652	6.40029e+06
12.624	892.722	6.40029e+06
12.625	892.793	6.40029e+06
12.626	892.864	6.40029e+06
12.627	892.934	6.40029e+06
12.628	893.005	6.40029e+06
12.629	893.076	6.40029e+06
12.63	893.147	6.40029e+06
12.631	893.217	6.40029e+06
12.632	893.288	6.40029e+06
12.633	893.359	6.40029e+06
12.634	893.429	6.40029e+06
12.635	893.5	6.40029e+06
12.636	893.571	6.40029e+06
12.637	893.642	6.40029e+06
12.638	893.712	6.40029e+06
12.639	893.783	6.40029e+06
12.64	893.854	6.40029e+06
12.641	893.924	6.40029e+06
12.642	893.995	6.40029e+06
12.643	894.066	6.40029e+06
12.644	894.137	6.40029e+06
12.645	894.207	6.40029e+06
12.646	894.278	6.40029e+06
12.647	894.349	6.40029e+06
12.648	894.419	6.40029e+06
12.649	894.49	6.40029e+06
12.65	894.561	6.40029e+06
12.651	894.631	6.40029e+06
12.652	894.702	6.40029e+06
12.653	894.773	6.40029e+06
12.654	894.844	6.40029e+06
12.655	894.914	6.40028e+06
12.656	894.985	6.40028e+06
12.657	895.056	6.40028e+06
12.658	895.126	6.40028e+06
12.659	895.197	6.40028e+06
12.66	895.268	6.40028e+06
12.661	895.339	6.40028e+06
12.662	895.409	6.40028e+06
12.663	895.48	6.40028e+06
12.664	895.551	6.40028e+06
12.665	895.621	6.40028e+06
12.666	895.692	6.40028e+06
12.667	895.763	6.40028e+06
12.668	895.834	6.40028e+06
12.669	895.904	6.40028e+06
12.67	895.975	6.40028e+06
12.671	896.046	6.40028e+06
12.672	896.116	6.40028e+06
12.673	896.187	6.40028e+06
12.674	896.258	6.40028e+06
12.675	896.329	6.40028e+06
12.676	896.399	6.40028e+06
12.677	896.47	6.40028e+06
12.678	896.541	6.40028e+06
12.679	896.611	6.40028e+06
12.68	896.682	6.40028e+06
12.681	896.753	6.40028e+06
12.682	896.824	6.40028e+06
12.683	896.894	6.40028e+06
12.684	896.965	6.40028e+06
12.685	897.036	6.40028e+06
12.686	897.106	6.40028e+06
12.687	897.177	6.40028e+06
12.688	897.248	6.40028e+06
12.689	897.319	6.40028e+06
12.69	897.389	6.40028e+06
12.691	897.46	6.40028e+06
12.692	897.531	6.40028e+06
12.693	897.601	6.40028e+06
12.694	897.672	6.40028e+06
12.695	897.743	6.40028e+06
12.696	897.813	6.40028e+06
12.697	897.884	6.40028e+06
12.698	897.955	6.40028e+06
12.699	898.026	6.40028e+06
12.7	898.096	6.40028e+06
12.701	898.167	6.40028e+06
12.702	898.238	6.40028e+06
12.703	898.308	6.40028e+06
12.704	898.379	6.40028e+06
12.705	898.45	6.40028e+06
12.706	898.521	6.40028e+06
12.707	898.591	6.40028e+06
12.708	898.662	6.40028e+06
12.709	898.733	6.40028e+06
12.71	898.803	6.40028e+06
12.711	898.874	6.40028e+06
12.712	898.945	6.40028e+06
12.713	899.016	6.40028e+06
12.714	899.086	6.40028e+06
12.715	899.157	6.40028e+06
12.716	899.228	6.40028e+06
12.717	899.298	6.40028e+06
12.718	899.369	6.40028e+06
12.719	899.44	6.40028e+06
12.72	899.511	6.40028e+06
12.721	899.581	6.40028e+06
12.722	899.652	6.40028e+06
12.723	899.723	6.40028e+06
12.724	899.793	6.40028e+06
12.725	899.864	6.40028e+06
12.726	899.935	6.40028e+06
12.727	900.006	6.40028e+06
12.728	900.076	6.40028e+06
12.729	900.147	6.40028e+06
12.73	900.218	6.40028e+06
12.731	900.288	6.40028e+06
12.732	900.359	6.40028e+06
12.733	900.43	6.40028e+06
12.734	900.5	6.40028e+06
12.735	900.571	6.40028e+06
12.736	900.642	6.40028e+06
12.737	900.713	6.40028e+06
12.738	900.783	6.40028e+06
12.739	900.854	6.40028e+06
12.74	900.925	6.40028e+06
12.741	900.995	6.40028e+06
12.742	901.066	6.40028e+06
12.743	901.137	6.40028e+06
12.744	901.208	6.40028e+06
12.745	901.278	6.40028e+06
12.746	901.349	6.40028e+06
12.747	901.42	6.40028e+06
12.748	901.49	6.40028e+06
12.749	901.561	6.40028e+06
12.75	901.632	6.40028e+06
12.751	901.703	6.40028e+06
12.752	901.773	6.40028e+06
12.753	901.844	6.40028e+06
12.754	901.915	6.40028e+06
12.755	901.985	6.40028e+06
12.756	902.056	6.40028e+06
12.757	902.127	6.40028e+06
12.758	902.198	6.40028e+06
12.759	902.268	6.40028e+06
12.76	902.339	6.40028e+06
12.761	902.41	6.40028e+06
12.762	902.48	6.40028e+06
12.763	902.551	6.40028e+06
12.764	902.622	6.40028e+06
12.765	902.693	6.40028e+06
12.766	902.763	6.40028e+06
12.767	902.834	6.40028e+06
12.768	902.905	6.40028e+06
12.769	902.975	6.40028e+06
12.77	903.046	6.40028e+06
12.771	903.117	6.40028e+06
12.772	903.187	6.40028e+06
12.773	903.258	6.40028e+06
12.774	903.329	6.40028e+06
12.775	903.4	6.40028e+06
12.776	903.47	6.40028e+06
12.777	903.541	6.40028e+06
12.778	903.612	6.40028e+06
12.779	903.682	6.40028e+06
12.78	903.753	6.40028e+06
12.781	903.824	6.40028e+06
12.782	903.895	6.40028e+06
12.783	903.965	6.40028e+06
12.784	904.036	6.40028e+06
12.785	904.107	6.40028e+06
12.786	904.177	6.40028e+06
12.787	904.248	6.40028e+06
12.788	904.319	6.40028e+06
12.789	904.39	6.40028e+06
12.79	904.46	6.40028e+06
12.791	904.531	6.40028e+06
12.792	904.602	6.40028e+06
12.793	904.672	6.40028e+06
12.794	904.743	6.40028e+06
12.795	904.814	6.40028e+06
12.796	904.885	6.40028e+06
12.797	904.955	6.40028e+06
12.798	905.026	6.40028e+06
12.799	905.097	6.40028e+06
12.8	905.167	6.40028e+06
12.801	905.238	6.40028e+06
12.802	905.309	6.40028e+06
12.803	905.38	6.40028e+06
12.804	905.45	6.40028e+06
12.805	905.521	6.40028e+06
12.806	905.592	6.40028e+06
12.807	905.662	6.40028e+06
12.808	905.733	6.40028e+06
12.809	905.804	6.40028e+06
12.81	905.874	6.40028e+06
12.811	905.945	6.40028e+06
12.812	906.016	6.40028e+06
12.813	906.087	6.40028e+06
12.814	906.157	6.40028e+06
12.815	906.228	6.40028e+06
12.816	906.299	6.40028e+06
12.817	906.369	6.40028e+06
12.818	906.44	6.40028e+06
12.819	906.511	6.40028e+06
12.82	906.582	6.40028e+06
12.821	906.652	6.40028e+06
12.822	906.723	6.40028e+06
12.823	906.794	6.40028e+06
12.824	906.864	6.40028e+06
12.825	906.935	6.40028e+06
12.826	907.006	6.40028e+06
12.827	907.077	6.40028e+06
12.828	907.147	6.40028e+06
12.829	907.218	6.40028e+06
12.83	907.289	6.40028e+06
12.831	907.359	6.40028e+06
12.832	907.43	6.40028e+06
12.833	907.501	6.40028e+06
12.834	907.572	6.40028e+06
12.835	907.642	6.40028e+06
12.836	907.713	6.40028e+06
12.837	907.784	6.40028e+06
12.838	907.854	6.40028e+06
12.839	907.925	6.40028e+06
12.84	907.996	6.40028e+06
12.841	908.067	6.40028e+06
12.842	908.137	6.40028e+06
12.843	908.208	6.40028e+06
12.844	908.279	6.40028e+06
12.845	908.349	6.40028e+06
12.846	908.42	6.40028e+06
12.847	908.491	6.40028e+06
12.848	908.562	6.40028e+06
12.849	908.632	6.40028e+06
12.85	908.703	6.40028e+06
12.851	908.774	6.40028e+06
12.852	908.844	6.40028e+06
12.853	908.915	6.40028e+06
12.854	908.986	6.40028e+06
12.855	909.056	6.40028e+06
12.856	909.127	6.40028e+06
12.857	909.198	6.40028e+06
12.858	909.269	6.40028e+06
12.859	909.339	6.40028e+06
12.86	909.41	6.40028e+06
12.861	909.481	6.40028e+06
12.862	909.551	6.40028e+06
12.863	909.622	6.40028e+06
12.864	909.693	6.40028e+06
12.865	909.764	6.40028e+06
12.866	909.834	6.40028e+06
12.867	909.905	6.40028e+06
12.868	909.976	6.40028e+06
12.869	910.046	6.40028e+06
12.87	910.117	6.40028e+06
12.871	910.188	6.40028e+06
12.872	910.259	6.40028e+06
12.873	910.329	6.40028e+06
12.874	910.4	6.40028e+06
12.875	910.471	6.40028e+06
12.876	910.541	6.40028e+06
12.877	910.612	6.40028e+06
12.878	910.683	6.40028e+06
12.879	910.754	6.40028e+06
12.88	910.824	6.40028e+06
12.881	910.895	6.40028e+06
12.882	910.966	6.40028e+06
12.883	911.036	6.40028e+06
12.884	911.107	6.40028e+06
12.885	911.178	6.40028e+06
12.886	911.249	6.40028e+06
12.887	911.319	6.40028e+06
12.888	911.39	6.40028e+06
12.889	911.461	6.40028e+06
12.89	911.531	6.40028e+06
12.891	911.602	6.40028e+06
12.892	911.673	6.40028e+06
12.893	911.743	6.40028e+06
12.894	911.814	6.40028e+06
12.895	911.885	6.40028e+06
12.896	911.956	6.40028e+06
12.897	912.026	6.40028e+06
12.898	912.097	6.40028e+06
12.899	912.168	6.40028e+06
12.9	912.238	6.40028e+06
12.901	912.309	6.40028e+06
12.902	912.38	6.40028e+06
12.903	912.451	6.40028e+06
12.904	912.521	6.40028e+06
12.905	912.592	6.40028e+06
12.906	912.663	6.40028e+06
12.907	912.733	6.40028e+06
12.908	912.804	6.40028e+06
12.909	912.875	6.40028e+06
12.91	912.946	6.40028e+06
12.911	913.016	6.40028e+06
12.912	913.087	6.40028e+06
12.913	913.158	6.40028e+06
12.914	913.228	6.40028e+06
12.915	913.299	6.40028e+06
12.916	913.37	6.40028e+06
12.917	913.441	6.40028e+06
12.918	913.511	6.40028e+06
12.919	913.582	6.40028e+06
12.92	913.653	6.40028e+06
12.921	913.723	6.40028e+06
12.922	913.794	6.40028e+06
12.923	913.865	6.40028e+06
12.924	913.936	6.40028e+06
12.925	914.006	6.40028e+06
12.926	914.077	6.40028e+06
12.927	914.148	6.40028e+06
12.928	914.218	6.40028e+06
12.929	914.289	6.40028e+06
12.93	914.36	6.40028e+06
12.931	914.43	6.40028e+06
12.932	914.501	6.40028e+06
12.933	914.572	6.40028e+06
12.934	914.643	6.40028e+06
12.935	914.713	6.40028e+06
12.936	914.784	6.40028e+06
12.937	914.855	6.40028e+06
12.938	914.925	6.40028e+06
12.939	914.996	6.40028e+06
12.94	915.067	6.40028e+06
12.941	915.138	6.40028e+06
12.942	915.208	6.40028e+06
12.943	915.279	6.40028e+06
12.944	915.35	6.40028e+06
12.945	915.42	6.40028e+06
12.946	915.491	6.40028e+06
12.947	915.562	6.40028e+06
12.948	915.633	6.40028e+06
12.949	915.703	6.40028e+06
12.95	915.774	6.40028e+06
12.951	915.845	6.40028e+06
12.952	915.915	6.40028e+06
12.953	915.986	6.40028e+06
12.954	916.057	6.40028e+06
12.955	916.128	6.40028e+06
12.956	916.198	6.40028e+06
12.957	916.269	6.40028e+06
12.958	916.34	6.40028e+06
12.959	916.41	6.40028e+06
12.96	916.481	6.40028e+06
12.961	916.552	6.40028e+06
12.962	916.623	6.40028e+06
12.963	916.693	6.40028e+06
12.964	916.764	6.40028e+06
12.965	916.835	6.40028e+06
12.966	916.905	6.40028e+06
12.967	916.976	6.40028e+06
12.968	917.047	6.40028e+06
12.969	917.117	6.40028e+06
12.97	917.188	6.40028e+06
12.971	917.259	6.40028e+06
12.972	917.33	6.40028e+06
12.973	917.4	6.40028e+06
12.974	917.471	6.40028e+06
12.975	917.542	6.40028e+06
12.976	917.612	6.40028e+06
12.977	917.683	6.40028e+06
12.978	917.754	6.40028e+06
12.979	917.825	6.40028e+06
12.98	917.895	6.40028e+06
12.981	917.966	6.40028e+06
12.982	918.037	6.40028e+06
12.983	918.107	6.40028e+06
12.984	918.178	6.40028e+06
12.985	918.249	6.40028e+06
12.986	918.32	6.40028e+06
12.987	918.39	6.40028e+06
12.988	918.461	6.40028e+06
12.989	918.532	6.40028e+06
12.99	918.602	6.40028e+06
12.991	918.673	6.40028e+06
12.992	918.744	6.40028e+06
12.993	918.815	6.40028e+06
12.994	918.885	6.40028e+06
12.995	918.956	6.40028e+06
12.996	919.027	6.40028e+06
12.997	919.097	6.40028e+06
12.998	919.168	6.40028e+06
12.999	919.239	6.40028e+06
13	919.31	6.40028e+06
13.001	919.38	6.40028e+06
13.002	919.451	6.40028e+06
13.003	919.522	6.40028e+06
13.004	919.592	6.40028e+06
13.005	919.663	6.40028e+06
13.006	919.734	6.40028e+06
13.007	919.805	6.40028e+06
13.008	919.875	6.40028e+06
13.009	919.946	6.40028e+06
13.01	920.017	6.40028e+06
13.011	920.087	6.40028e+06
13.012	920.158	6.40028e+06
13.013	920.229	6.40028e+06
13.014	920.299	6.40028e+06
13.015	920.37	6.40028e+06
13.016	920.441	6.40028e+06
13.017	920.512	6.40028e+06
13.018	920.582	6.40028e+06
13.019	920.653	6.40028e+06
13.02	920.724	6.40028e+06
13.021	920.794	6.40028e+06
13.022	920.865	6.40028e+06
13.023	920.936	6.40028e+06
13.024	921.007	6.40028e+06
13.025	921.077	6.40028e+06
13.026	921.148	6.40028e+06
13.027	921.219	6.40028e+06
13.028	921.289	6.40028e+06
13.029	921.36	6.40028e+06
13.03	921.431	6.40028e+06
13.031	921.502	6.40028e+06
13.032	921.572	6.40028e+06
13.033	921.643	6.40028e+06
13.034	921.714	6.40028e+06
13.035	921.784	6.40028e+06
13.036	921.855	6.40028e+06
13.037	921.926	6.40028e+06
13.038	921.997	6.40028e+06
13.039	922.067	6.40028e+06
13.04	922.138	6.40028e+06
13.041	922.209	6.40028e+06
13.042	922.279	6.40028e+06
13.043	922.35	6.40028e+06
13.044	922.421	6.40028e+06
13.045	922.492	6.40027e+06
13.046	922.562	6.40027e+06
13.047	922.633	6.40027e+06
13.048	922.704	6.40027e+06
13.049	922.774	6.40027e+06
13.05	922.845	6.40027e+06
13.051	922.916	6.40027e+06
13.052	922.986	6.40027e+06
13.053	923.057	6.40027e+06
13.054	923.128	6.40027e+06
13.055	923.199	6.40027e+06
13.056	923.269	6.40027e+06
13.057	923.34	6.40027e+06
13.058	923.411	6.40027e+06
13.059	923.481	6.40027e+06
13.06	923.552	6.40027e+06
13.061	923.623	6.40027e+06
13.062	923.694	6.40027e+06
13.063	923.764	6.40027e+06
13.064	923.835	6.40027e+06
13.065	923.906	6.40027e+06
13.066	923.976	6.40027e+06
13.067	924.047	6.40027e+06
13.068	924.118	6.40027e+06
13.069	924.189	6.40027e+06
13.07	924.259	6.40027e+06
13.071	924.33	6.40027e+06
13.072	924.401	6.40027e+06
13.073	924.471	6.40027e+06
13.074	924.542	6.40027e+06
13.075	924.613	6.40027e+06
13.076	924.684	6.40027e+06
13.077	924.754	6.40027e+06
13.078	924.825	6.40027e+06
13.079	924.896	6.40027e+06
13.08	924.966	6.40027e+06
13.081	925.037	6.40027e+06
13.082	925.108	6.40027e+06
13.083	925.179	6.40027e+06
13.084	925.249	6.40027e+06
13.085	925.32	6.40027e+06
13.086	925.391	6.40027e+06
13.087	925.461	6.40027e+06
13.088	925.532	6.40027e+06
13.089	925.603	6.40027e+06
13.09	925.673	6.40027e+06
13.091	925.744	6.40027e+06
13.092	925.815	6.40027e+06
13.093	925.886	6.40027e+06
13.094	925.956	6.40027e+06
13.095	926.027	6.40027e+06
13.096	926.098	6.40027e+06
13.097	926.168	6.40027e+06
13.098	926.239	6.40027e+06
13.099	926.31	6.40027e+06
13.1	926.381	6.40027e+06
13.101	926.451	6.40027e+06
13.102	926.522	6.40027e+06
13.103	926.593	6.40027e+06
13.104	926.663	6.40027e+06
13.105	926.734	6.40027e+06
13.106	926.805	6.40027e+06
13.107	926.876	6.40027e+06
13.108	926.946	6.40027e+06
13.109	927.017	6.40027e+06
13.11	927.088	6.40027e+06
13.111	927.158	6.40027e+06
13.112	927.229	6.40027e+06
13.113	927.3	6.40027e+06
13.114	927.371	6.40027e+06
13.115	927.441	6.40027e+06
13.116	927.512	6.40027e+06
13.117	927.583	6.40027e+06
13.118	927.653	6.40027e+06
13.119	927.724	6.40027e+06
13.12	927.795	6.40027e+06
13.121	927.866	6.40027e+06
13.122	927.936	6.40027e+06
13.123	928.007	6.40027e+06
13.124	928.078	6.40027e+06
13.125	928.148	6.40027e+06
13.126	928.219	6.40027e+06
13.127	928.29	6.40027e+06
13.128	928.36	6.40027e+06
13.129	928.431	6.40027e+06
13.13	928.502	6.40027e+06
13.131	928.573	6.40027e+06
13.132	928.643	6.40027e+06
13.133	928.714	6.40027e+06
13.134	928.785	6.40027e+06
13.135	928.855	6.40027e+06
13.136	928.926	6.40027e+06
13.137	928.997	6.40027e+06
13.138	929.068	6.40027e+06
13.139	929.138	6.40027e+06
13.14	929.209	6.40027e+06
13.141	929.28	6.40027e+06
13.142	929.35	6.40027e+06
13.143	929.421	6.40027e+06
13.144	929.492	6.40027e+06
13.145	929.563	6.40027e+06
13.146	929.633	6.40027e+06
13.147	929.704	6.40027e+06
13.148	929.775	6.40027e+06
13.149	929.845	6.40027e+06
13.15	929.916	6.40027e+06
13.151	929.987	6.40027e+06
13.152	930.058	6.40027e+06
13.153	930.128	6.40027e+06
13.154	930.199	6.40027e+06
13.155	930.27	6.40027e+06
13.156	930.34	6.40027e+06
13.157	930.411	6.40027e+06
13.158	930.482	6.40027e+06
13.159	930.553	6.40027e+06
13.16	930.623	6.40027e+06
13.161	930.694	6.40027e+06
13.162	930.765	6.40027e+06
13.163	930.835	6.40027e+06
13.164	930.906	6.40027e+06
13.165	930.977	6.40027e+06
13.166	931.047	6.40027e+06
13.167	931.118	6.40027e+06
13.168	931.189	6.40027e+06
13.169	931.26	6.40027e+06
13.17	931.33	6.40027e+06
13.171	931.401	6.40027e+06
13.172	931.472	6.40027e+06
13.173	931.542	6.40027e+06
13.174	931.613	6.40027e+06
13.175	931.684	6.40027e+06
13.176	931.755	6.40027e+06
13.177	931.825	6.40027e+06
13.178	931.896	6.40027e+06
13.179	931.967	6.40027e+06
13.18	932.037	6.40027e+06
13.181	932.108	6.40027e+06
13.182	932.179	6.40027e+06
13.183	932.25	6.40027e+06
13.184	932.32	6.40027e+06
13.185	932.391	6.40027e+06
13.186	932.462	6.40027e+06
13.187	932.532	6.40027e+06
13.188	932.603	6.40027e+06
13.189	932.674	6.40027e+06
13.19	932.745	6.40027e+06
13.191	932.815	6.40027e+06
13.192	932.886	6.40027e+06
13.193	932.957	6.40027e+06
13.194	933.027	6.40027e+06
13.195	933.098	6.40027e+06
13.196	933.169	6.40027e+06
13.197	933.24	6.40027e+06
13.198	933.31	6.40027e+06
13.199	933.381	6.40027e+06
13.2	933.452	6.40027e+06
13.201	933.522	6.40027e+06
13.202	933.593	6.40027e+06
13.203	933.664	6.40027e+06
13.204	933.735	6.40027e+06
13.205	933.805	6.40027e+06
13.206	933.876	6.40027e+06
13.207	933.947	6.40027e+06
13.208	934.017	6.40027e+06
13.209	934.088	6.40027e+06
13.21	934.159	6.40027e+06
13.211	934.229	6.40027e+06
13.212	934.3	6.40027e+06
13.213	934.371	6.40027e+06
13.214	934.442	6.40027e+06
13.215	934.512	6.40027e+06
13.216	934.583	6.40027e+06
13.217	934.654	6.40027e+06
13.218	934.724	6.40027e+06
13.219	934.795	6.40027e+06
13.22	934.866	6.40027e+06
13.221	934.937	6.40027e+06
13.222	935.007	6.40027e+06
13.223	935.078	6.40027e+06
13.224	935.149	6.40027e+06
13.225	935.219	6.40027e+06
13.226	935.29	6.40027e+06
13.227	935.361	6.40027e+06
13.228	935.432	6.40027e+06
13.229	935.502	6.40027e+06
13.23	935.573	6.40027e+06
13.231	935.644	6.40027e+06
13.232	935.714	6.40027e+06
13.233	935.785	6.40027e+06
13.234	935.856	6.40027e+06
13.235	935.927	6.40027e+06
13.236	935.997	6.40027e+06
13.237	936.068	6.40027e+06
13.238	936.139	6.40027e+06
13.239	936.209	6.40027e+06
13.24	936.28	6.40027e+06
13.241	936.351	6.40027e+06
13.242	936.422	6.40027e+06
13.243	936.492	6.40027e+06
13.244	936.563	6.40027e+06
13.245	936.634	6.40027e+06
13.246	936.704	6.40027e+06
13.247	936.775	6.40027e+06
13.248	936.846	6.40027e+06
13.249	936.916	6.40027e+06
13.25	936.987	6.40027e+06
13.251	937.058	6.40027e+06
13.252	937.129	6.40027e+06
13.253	937.199	6.40027e+06
13.254	937.27	6.40027e+06
13.255	937.341	6.40027e+06
13.256	937.411	6.40027e+06
13.257	937.482	6.40027e+06
13.258	937.553	6.40027e+06
13.259	937.624	6.40027e+06
13.26	937.694	6.40027e+06
13.261	937.765	6.40027e+06
13.262	937.836	6.40027e+06
13.263	937.906	6.40027e+06
13.264	937.977	6.40027e+06
13.265	938.048	6.40027e+06
13.266	938.119	6.40027e+06
13.267	938.189	6.40027e+06
13.268	938.26	6.40027e+06
13.269	938.331	6.40027e+06
13.27	938.401	6.40027e+06
13.271	938.472	6.40027e+06
13.272	938.543	6.40027e+06
13.273	938.614	6.40027e+06
13.274	938.684	6.40027e+06
13.275	938.755	6.40027e+06
13.276	938.826	6.40027e+06
13.277	938.896	6.40027e+06
13.278	938.967	6.40027e+06
13.279	939.038	6.40027e+06
13.28	939.109	6.40027e+06
13.281	939.179	6.40027e+06
13.282	939.25	6.40027e+06
13.283	939.321	6.40027e+06
13.284	939.391	6.40027e+06
13.285	939.462	6.40027e+06
13.286	939.533	6.40027e+06
13.287	939.603	6.40027e+06
13.288	939.674	6.40027e+06
13.289	939.745	6.40027e+06
13.29	939.816	6.40027e+06
13.291	939.886	6.40027e+06
13.292	939.957	6.40027e+06
13.293	940.028	6.40027e+06
13.294	940.098	6.40027e+06
13.295	940.169	6.40027e+06
13.296	940.24	6.40027e+06
13.297	940.311	6.40027e+06
13.298	940.381	6.40027e+06
13.299	940.452	6.40027e+06
13.3	940.523	6.40027e+06
13.301	940.593	6.40027e+06
13.302	940.664	6.40027e+06
13.303	940.735	6.40027e+06
13.304	940.806	6.40027e+06
13.305	940.876	6.40027e+06
13.306	940.947	6.40027e+06
13.307	941.018	6.40027e+06
13.308	941.088	6.40027e+06
13.309	941.159	6.40027e+06
13.31	941.23	6.40027e+06
13.311	941.301	6.40027e+06
13.312	941.371	6.40027e+06
13.313	941.442	6.40027e+06
13.314	941.513	6.40027e+06
13.315	941.583	6.40027e+06
13.316	941.654	6.40027e+06
13.317	941.725	6.40027e+06
13.318	941.796	6.40027e+06
13.319	941.866	6.40027e+06
13.32	941.937	6.40027e+06
13.321	942.008	6.40027e+06
13.322	942.078	6.40027e+06
13.323	942.149	6.40027e+06
13.324	942.22	6.40027e+06
13.325	942.29	6.40027e+06
13.326	942.361	6.40027e+06
13.327	942.432	6.40027e+06
13.328	942.503	6.40027e+06
13.329	942.573	6.40027e+06
13.33	942.644	6.40027e+06
13.331	942.715	6.40027e+06
13.332	942.785	6.40027e+06
13.333	942.856	6.40027e+06
13.334	942.927	6.40027e+06
13.335	942.998	6.40027e+06
13.336	943.068	6.40027e+06
13.337	943.139	6.40027e+06
13.338	943.21	6.40027e+06
13.339	943.28	6.40027e+06
13.34	943.351	6.40027e+06
13.341	943.422	6.40027e+06
13.342	943.493	6.40027e+06
13.343	943.563	6.40027e+06
13.344	943.634	6.40027e+06
13.345	943.705	6.40027e+06
13.346	943.775	6.40027e+06
13.347	943.846	6.40027e+06
13.348	943.917	6.40027e+06
13.349	943.988	6.40027e+06
13.35	944.058	6.40027e+06
13.351	944.129	6.40027e+06
13.352	944.2	6.40027e+06
13.353	944.27	6.40027e+06
13.354	944.341	6.40027e+06
13.355	944.412	6.40027e+06
13.356	944.483	6.40027e+06
13.357	944.553	6.40027e+06
13.358	944.624	6.40027e+06
13.359	944.695	6.40027e+06
13.36	944.765	6.40027e+06
13.361	944.836	6.40027e+06
13.362	944.907	6.40027e+06
13.363	944.978	6.40027e+06
13.364	945.048	6.40027e+06
13.365	945.119	6.40027e+06
13.366	945.19	6.40027e+06
13.367	945.26	6.40027e+06
13.368	945.331	6.40027e+06
13.369	945.402	6.40027e+06
13.37	945.472	6.40027e+06
13.371	945.543	6.40027e+06
13.372	945.614	6.40027e+06
13.373	945.685	6.40027e+06
13.374	945.755	6.40027e+06
13.375	945.826	6.40027e+06
13.376	945.897	6.40027e+06
13.377	945.967	6.40027e+06
13.378	946.038	6.40027e+06
13.379	946.109	6.40027e+06
13.38	946.18	6.40027e+06
13.381	946.25	6.40027e+06
13.382	946.321	6.40027e+06
13.383	946.392	6.40027e+06
13.384	946.462	6.40027e+06
13.385	946.533	6.40027e+06
13.386	946.604	6.40027e+06
13.387	946.675	6.40027e+06
13.388	946.745	6.40027e+06
13.389	946.816	6.40027e+06
13.39	946.887	6.40027e+06
13.391	946.957	6.40027e+06
13.392	947.028	6.40027e+06
13.393	947.099	6.40027e+06
13.394	947.17	6.40027e+06
13.395	947.24	6.40027e+06
13.396	947.311	6.40027e+06
13.397	947.382	6.40027e+06
13.398	947.452	6.40027e+06
13.399	947.523	6.40026e+06
13.4	947.594	6.40026e+06
13.401	947.665	6.40026e+06
13.402	947.735	6.40026e+06
13.403	947.806	6.40026e+06
13.404	947.877	6.40026e+06
13.405	947.947	6.40026e+06
13.406	948.018	6.40026e+06
13.407	948.089	6.40026e+06
13.408	948.159	6.40026e+06
13.409	948.23	6.40026e+06
13.41	948.301	6.40026e+06
13.411	948.372	6.40026e+06
13.412	948.442	6.40026e+06
13.413	948.513	6.40026e+06
13.414	948.584	6.40026e+06
13.415	948.654	6.40026e+06
13.416	948.725	6.40026e+06
13.417	948.796	6.40026e+06
13.418	948.867	6.40026e+06
13.419	948.937	6.40026e+06
13.42	949.008	6.40026e+06
13.421	949.079	6.40026e+06
13.422	949.149	6.40026e+06
13.423	949.22	6.40026e+06
13.424	949.291	6.40026e+06
13.425	949.362	6.40026e+06
13.426	949.432	6.40026e+06
13.427	949.503	6.40026e+06
13.428	949.574	6.40026e+06
13.429	949.644	6.40026e+06
13.43	949.715	6.40026e+06
13.431	949.786	6.40026e+06
13.432	949.857	6.40026e+06
13.433	949.927	6.40026e+06
13.434	949.998	6.40026e+06
13.435	950.069	6.40026e+06
13.436	950.139	6.40026e+06
13.437	950.21	6.40026e+06
13.438	950.281	6.40026e+06
13.439	950.352	6.40026e+06
13.44	950.422	6.40026e+06
13.441	950.493	6.40026e+06
13.442	950.564	6.40026e+06
13.443	950.634	6.40026e+06
13.444	950.705	6.40026e+06
13.445	950.776	6.40026e+06
13.446	950.846	6.40026e+06
13.447	950.917	6.40026e+06
13.448	950.988	6.40026e+06
13.449	951.059	6.40026e+06
13.45	951.129	6.40026e+06
13.451	951.2	6.40026e+06
13.452	951.271	6.40026e+06
13.453	951.341	6.40026e+06
13.454	951.412	6.40026e+06
13.455	951.483	6.40026e+06
13.456	951.554	6.40026e+06
13.457	951.624	6.40026e+06
13.458	951.695	6.40026e+06
13.459	951.766	6.40026e+06
13.46	951.836	6.40026e+06
13.461	951.907	6.40026e+06
13.462	951.978	6.40026e+06
13.463	952.049	6.40026e+06
13.464	952.119	6.40026e+06
13.465	952.19	6.40026e+06
13.466	952.261	6.40026e+06
13.467	952.331	6.40026e+06
13.468	952.402	6.40026e+06
13.469	952.473	6.40026e+06
13.47	952.544	6.40026e+06
13.471	952.614	6.40026e+06
13.472	952.685	6.40026e+06
13.473	952.756	6.40026e+06
13.474	952.826	6.40026e+06
13.475	952.897	6.40026e+06
13.476	952.968	6.40026e+06
13.477	953.039	6.40026e+06
13.478	953.109	6.40026e+06
13.479	953.18	6.40026e+06
13.48	953.251	6.40026e+06
13.481	953.321	6.40026e+06
13.482	953.392	6.40026e+06
13.483	953.463	6.40026e+06
13.484	953.533	6.40026e+06
13.485	953.604	6.40026e+06
13.486	953.675	6.40026e+06
13.487	953.746	6.40026e+06
13.488	953.816	6.40026e+06
13.489	953.887	6.40026e+06
13.49	953.958	6.40026e+06
13.491	954.028	6.40026e+06
13.492	954.099	6.40026e+06
13.493	954.17	6.40026e+06
13.494	954.241	6.40026e+06
13.495	954.311	6.40026e+06
13.496	954.382	6.40026e+06
13.497	954.453	6.40026e+06
13.498	954.523	6.40026e+06
13.499	954.594	6.40026e+06
13.5	954.665	6.40026e+06
13.501	954.736	6.40026e+06
13.502	954.806	6.40026e+06
13.503	954.877	6.40026e+06
13.504	954.948	6.40026e+06
13.505	955.018	6.40026e+06
13.506	955.089	6.40026e+06
13.507	955.16	6.40026e+06
13.508	955.231	6.40026e+06
13.509	955.301	6.40026e+06
13.51	955.372	6.40026e+06
13.511	955.443	6.40026e+06
13.512	955.513	6.40026e+06
13.513	955.584	6.40026e+06
13.514	955.655	6.40026e+06
13.515	955.726	6.40026e+06
13.516	955.796	6.40026e+06
13.517	955.867	6.40026e+06
13.518	955.938	6.40026e+06
13.519	956.008	6.40026e+06
13.52	956.079	6.40026e+06
13.521	956.15	6.40026e+06
13.522	956.221	6.40026e+06
13.523	956.291	6.40026e+06
13.524	956.362	6.40026e+06
13.525	956.433	6.40026e+06
13.526	956.503	6.40026e+06
13.527	956.574	6.40026e+06
13.528	956.645	6.40026e+06
13.529	956.715	6.40026e+06
13.53	956.786	6.40026e+06
13.531	956.857	6.40026e+06
13.532	956.928	6.40026e+06
13.533	956.998	6.40026e+06
13.534	957.069	6.40026e+06
13.535	957.14	6.40026e+06
13.536	957.21	6.40026e+06
13.537	957.281	6.40026e+06
13.538	957.352	6.40026e+06
13.539	957.423	6.40026e+06
13.54	957.493	6.40026e+06
13.541	957.564	6.40026e+06
13.542	957.635	6.40026e+06
13.543	957.705	6.40026e+06
13.544	957.776	6.40026e+06
13.545	957.847	6.40026e+06
13.546	957.918	6.40026e+06
13.547	957.988	6.40026e+06
13.548	958.059	6.40026e+06
13.549	958.13	6.40026e+06
13.55	958.2	6.40026e+06
13.551	958.271	6.40026e+06
13.552	958.342	6.40026e+06
13.553	958.413	6.40026e+06
13.554	958.483	6.40026e+06
13.555	958.554	6.40026e+06
13.556	958.625	6.40026e+06
13.557	958.695	6.40026e+06
13.558	958.766	6.40026e+06
13.559	958.837	6.40026e+06
13.56	958.908	6.40026e+06
13.561	958.978	6.40026e+06
13.562	959.049	6.40026e+06
13.563	959.12	6.40026e+06
13.564	959.19	6.40026e+06
13.565	959.261	6.40026e+06
13.566	959.332	6.40026e+06
13.567	959.402	6.40026e+06
13.568	959.473	6.40026e+06
13.569	959.544	6.40026e+06
13.57	959.615	6.40026e+06
13.571	959.685	6.40026e+06
13.572	959.756	6.40026e+06
13.573	959.827	6.40026e+06
13.574	959.897	6.40026e+06
13.575	959.968	6.40026e+06
13.576	960.039	6.40026e+06
13.577	960.11	6.40026e+06
13.578	960.18	6.40026e+06
13.579	960.251	6.40026e+06
13.58	960.322	6.40026e+06
13.581	960.392	6.40026e+06
13.582	960.463	6.40026e+06
13.583	960.534	6.40026e+06
13.584	960.605	6.40026e+06
13.585	960.675	6.40026e+06
13.586	960.746	6.40026e+06
13.587	960.817	6.40026e+06
13.588	960.887	6.40026e+06
13.589	960.958	6.40026e+06
13.59	961.029	6.40026e+06
13.591	961.1	6.40026e+06
13.592	961.17	6.40026e+06
13.593	961.241	6.40026e+06
13.594	961.312	6.40026e+06
13.595	961.382	6.40026e+06
13.596	961.453	6.40026e+06
13.597	961.524	6.40026e+06
13.598	961.595	6.40026e+06
13.599	961.665	6.40026e+06
13.6	961.736	6.40026e+06
13.601	961.807	6.40026e+06
13.602	961.877	6.40026e+06
13.603	961.948	6.40026e+06
13.604	962.019	6.40026e+06
13.605	962.089	6.40026e+06
13.606	962.16	6.40026e+06
13.607	962.231	6.40026e+06
13.608	962.302	6.40026e+06
13.609	962.372	6.40026e+06
13.61	962.443	6.40026e+06
13.611	962.514	6.40026e+06
13.612	962.584	6.40026e+06
13.613	962.655	6.40026e+06
13.614	962.726	6.40026e+06
13.615	962.797	6.40026e+06
13.616	962.867	6.40026e+06
13.617	962.938	6.40026e+06
13.618	963.009	6.40026e+06
13.619	963.079	6.40026e+06
13.62	963.15	6.40026e+06
13.621	963.221	6.40026e+06
13.622	963.292	6.40026e+06
13.623	963.362	6.40026e+06
13.624	963.433	6.40026e+06
13.625	963.504	6.40026e+06
13.626	963.574	6.40026e+06
13.627	963.645	6.40026e+06
13.628	963.716	6.40026e+06
13.629	963.787	6.40026e+06
13.63	963.857	6.40026e+06
13.631	963.928	6.40026e+06
13.632	963.999	6.40026e+06
13.633	964.069	6.40026e+06
13.634	964.14	6.40026e+06
13.635	964.211	6.40026e+06
13.636	964.282	6.40026e+06
13.637	964.352	6.40026e+06
13.638	964.423	6.40026e+06
13.639	964.494	6.40026e+06
13.64	964.564	6.40026e+06
13.641	964.635	6.40026e+06
13.642	964.706	6.40026e+06
13.643	964.776	6.40026e+06
13.644	964.847	6.40026e+06
13.645	964.918	6.40026e+06
13.646	964.989	6.40026e+06
13.647	965.059	6.40026e+06
13.648	965.13	6.40026e+06
13.649	965.201	6.40026e+06
13.65	965.271	6.40026e+06
13.651	965.342	6.40026e+06
13.652	965.413	6.40026e+06
13.653	965.484	6.40026e+06
13.654	965.554	6.40026e+06
13.655	965.625	6.40026e+06
13.656	965.696	6.40026e+06
13.657	965.766	6.40026e+06
13.658	965.837	6.40026e+06
13.659	965.908	6.40026e+06
13.66	965.979	6.40026e+06
13.661	966.049	6.40026e+06
13.662	966.12	6.40026e+06
13.663	966.191	6.40026e+06
13.664	966.261	6.40026e+06
13.665	966.332	6.40026e+06
13.666	966.403	6.40026e+06
13.667	966.474	6.40026e+06
13.668	966.544	6.40026e+06
13.669	966.615	6.40026e+06
13.67	966.686	6.40026e+06
13.671	966.756	6.40026e+06
13.672	966.827	6.40026e+06
13.673	966.898	6.40026e+06
13.674	966.969	6.40026e+06
13.675	967.039	6.40026e+06
13.676	967.11	6.40026e+06
13.677	967.181	6.40026e+06
13.678	967.251	6.40026e+06
13.679	967.322	6.40026e+06
13.68	967.393	6.40026e+06
13.681	967.463	6.40026e+06
13.682	967.534	6.40026e+06
13.683	967.605	6.40026e+06
13.684	967.676	6.40026e+06
13.685	967.746	6.40026e+06
13.686	967.817	6.40026e+06
13.687	967.888	6.40026e+06
13.688	967.958	6.40026e+06
13.689	968.029	6.40026e+06
13.69	968.1	6.40026e+06
13.691	968.171	6.40026e+06
13.692	968.241	6.40026e+06
13.693	968.312	6.40026e+06
13.694	968.383	6.40026e+06
13.695	968.453	6.40026e+06
13.696	968.524	6.40026e+06
13.697	968.595	6.40026e+06
13.698	968.666	6.40026e+06
13.699	968.736	6.40026e+06
13.7	968.807	6.40026e+06
13.701	968.878	6.40026e+06
13.702	968.948	6.40026e+06
13.703	969.019	6.40026e+06
13.704	969.09	6.40026e+06
13.705	969.161	6.40026e+06
13.706	969.231	6.40026e+06
13.707	969.302	6.40026e+06
13.708	969.373	6.40026e+06
13.709	969.443	6.40026e+06
13.71	969.514	6.40026e+06
13.711	969.585	6.40026e+06
13.712	969.656	6.40026e+06
13.713	969.726	6.40026e+06
13.714	969.797	6.40026e+06
13.715	969.868	6.40026e+06
13.716	969.938	6.40026e+06
13.717	970.009	6.40026e+06
13.718	970.08	6.40026e+06
13.719	970.151	6.40026e+06
13.72	970.221	6.40026e+06
13.721	970.292	6.40026e+06
13.722	970.363	6.40026e+06
13.723	970.433	6.40026e+06
13.724	970.504	6.40026e+06
13.725	970.575	6.40025e+06
13.726	970.645	6.40025e+06
13.727	970.716	6.40025e+06
13.728	970.787	6.40025e+06
13.729	970.858	6.40025e+06
13.73	970.928	6.40025e+06
13.731	970.999	6.40025e+06
13.732	971.07	6.40025e+06
13.733	971.14	6.40025e+06
13.734	971.211	6.40025e+06
13.735	971.282	6.40025e+06
13.736	971.353	6.40025e+06
13.737	971.423	6.40025e+06
13.738	971.494	6.40025e+06
13.739	971.565	6.40025e+06
13.74	971.635	6.40025e+06
13.741	971.706	6.40025e+06
13.742	971.777	6.40025e+06
13.743	971.848	6.40025e+06
13.744	971.918	6.40025e+06
13.745	971.989	6.40025e+06
13.746	972.06	6.40025e+06
13.747	972.13	6.40025e+06
13.748	972.201	6.40025e+06
13.749	972.272	6.40025e+06
13.75	972.343	6.40025e+06
13.751	972.413	6.40025e+06
13.752	972.484	6.40025e+06
13.753	972.555	6.40025e+06
13.754	972.625	6.40025e+06
13.755	972.696	6.40025e+06
13.756	972.767	6.40025e+06
13.757	972.838	6.40025e+06
13.758	972.908	6.40025e+06
13.759	972.979	6.40025e+06
13.76	973.05	6.40025e+06
13.761	973.12	6.40025e+06
13.762	973.191	6.40025e+06
13.763	973.262	6.40025e+06
13.764	973.332	6.40025e+06
13.765	973.403	6.40025e+06
13.766	973.474	6.40025e+06
13.767	973.545	6.40025e+06
13.768	973.615	6.40025e+06
13.769	973.686	6.40025e+06
13.77	973.757	6.40025e+06
13.771	973.827	6.40025e+06
13.772	973.898	6.40025e+06
13.773	973.969	6.40025e+06
13.774	974.04	6.40025e+06
13.775	974.11	6.40025e+06
13.776	974.181	6.40025e+06
13.777	974.252	6.40025e+06
13.778	974.322	6.40025e+06
13.779	974.393	6.40025e+06
13.78	974.464	6.40025e+06
13.781	974.535	6.40025e+06
13.782	974.605	6.40025e+06
13.783	974.676	6.40025e+06
13.784	974.747	6.40025e+06
13.785	974.817	6.40025e+06
13.786	974.888	6.40025e+06
13.787	974.959	6.40025e+06
13.788	975.03	6.40025e+06
13.789	975.1	6.40025e+06
13.79	975.171	6.40025e+06
13.791	975.242	6.40025e+06
13.792	975.312	6.40025e+06
13.793	975.383	6.40025e+06
13.794	975.454	6.40025e+06
13.795	975.525	6.40025e+06
13.796	975.595	6.40025e+06
13.797	975.666	6.40025e+06
13.798	975.737	6.40025e+06
13.799	975.807	6.40025e+06
13.8	975.878	6.40025e+06
13.801	975.949	6.40025e+06
13.802	976.019	6.40025e+06
13.803	976.09	6.40025e+06
13.804	976.161	6.40025e+06
13.805	976.232	6.40025e+06
13.806	976.302	6.40025e+06
13.807	976.373	6.40025e+06
13.808	976.444	6.40025e+06
13.809	976.514	6.40025e+06
13.81	976.585	6.40025e+06
13.811	976.656	6.40025e+06
13.812	976.727	6.40025e+06
13.813	976.797	6.40025e+06
13.814	976.868	6.40025e+06
13.815	976.939	6.40025e+06
13.816	977.009	6.40025e+06
13.817	977.08	6.40025e+06
13.818	977.151	6.40025e+06
13.819	977.222	6.40025e+06
13.82	977.292	6.40025e+06
13.821	977.363	6.40025e+06
13.822	977.434	6.40025e+06
13.823	977.504	6.40025e+06
13.824	977.575	6.40025e+06
13.825	977.646	6.40025e+06
13.826	977.717	6.40025e+06
13.827	977.787	6.40025e+06
13.828	977.858	6.40025e+06
13.829	977.929	6.40025e+06
13.83	977.999	6.40025e+06
13.831	978.07	6.40025e+06
13.832	978.141	6.40025e+06
13.833	978.212	6.40025e+06
13.834	978.282	6.40025e+06
13.835	978.353	6.40025e+06
13.836	978.424	6.40025e+06
13.837	978.494	6.40025e+06
13.838	978.565	6.40025e+06
13.839	978.636	6.40025e+06
13.84	978.706	6.40025e+06
13.841	978.777	6.40025e+06
13.842	978.848	6.40025e+06
13.843	978.919	6.40025e+06
13.844	978.989	6.40025e+06
13.845	979.06	6.40025e+06
13.846	979.131	6.40025e+06
13.847	979.201	6.40025e+06
13.848	979.272	6.40025e+06
13.849	979.343	6.40025e+06
13.85	979.414	6.40025e+06
13.851	979.484	6.40025e+06
13.852	979.555	6.40025e+06
13.853	979.626	6.40025e+06
13.854	979.696	6.40025e+06
13.855	979.767	6.40025e+06
13.856	979.838	6.40025e+06
13.857	979.909	6.40025e+06
13.858	979.979	6.40025e+06
13.859	980.05	6.40025e+06
13.86	980.121	6.40025e+06
13.861	980.191	6.40025e+06
13.862	980.262	6.40025e+06
13.863	980.333	6.40025e+06
13.864	980.404	6.40025e+06
13.865	980.474	6.40025e+06
13.866	980.545	6.40025e+06
13.867	980.616	6.40025e+06
13.868	980.686	6.40025e+06
13.869	980.757	6.40025e+06
13.87	980.828	6.40025e+06
13.871	980.899	6.40025e+06
13.872	980.969	6.40025e+06
13.873	981.04	6.40025e+06
13.874	981.111	6.40025e+06
13.875	981.181	6.40025e+06
13.876	981.252	6.40025e+06
13.877	981.323	6.40025e+06
13.878	981.394	6.40025e+06
13.879	981.464	6.40025e+06
13.88	981.535	6.40025e+06
13.881	981.606	6.40025e+06
13.882	981.676	6.40025e+06
13.883	981.747	6.40025e+06
13.884	981.818	6.40025e+06
13.885	981.888	6.40025e+06
13.886	981.959	6.40025e+06
13.887	982.03	6.40025e+06
13.888	982.101	6.40025e+06
13.889	982.171	6.40025e+06
13.89	982.242	6.40025e+06
13.891	982.313	6.40025e+06
13.892	982.383	6.40025e+06
13.893	982.454	6.40025e+06
13.894	982.525	6.40025e+06
13.895	982.596	6.40025e+06
13.896	982.666	6.40025e+06
13.897	982.737	6.40025e+06
13.898	982.808	6.40025e+06
13.899	982.878	6.40025e+06
13.9	982.949	6.40025e+06
13.901	983.02	6.40025e+06
13.902	983.091	6.40025e+06
13.903	983.161	6.40025e+06
13.904	983.232	6.40025e+06
13.905	983.303	6.40025e+06
13.906	983.373	6.40025e+06
13.907	983.444	6.40025e+06
13.908	983.515	6.40025e+06
13.909	983.586	6.40025e+06
13.91	983.656	6.40025e+06
13.911	983.727	6.40025e+06
13.912	983.798	6.40025e+06
13.913	983.868	6.40025e+06
13.914	983.939	6.40025e+06
13.915	984.01	6.40025e+06
13.916	984.081	6.40025e+06
13.917	984.151	6.40025e+06
13.918	984.222	6.40025e+06
13.919	984.293	6.40025e+06
13.92	984.363	6.40025e+06
13.921	984.434	6.40025e+06
13.922	984.505	6.40025e+06
13.923	984.575	6.40025e+06
13.924	984.646	6.40025e+06
13.925	984.717	6.40025e+06
13.926	984.788	6.40025e+06
13.927	984.858	6.40025e+06
13.928	984.929	6.40025e+06
13.929	985	6.40025e+06
13.93	985.07	6.40025e+06
13.931	985.141	6.40025e+06
13.932	985.212	6.40025e+06
13.933	985.283	6.40025e+06
13.934	985.353	6.40025e+06
13.935	985.424	6.40025e+06
13.936	985.495	6.40025e+06
13.937	985.565	6.40025e+06
13.938	985.636	6.40025e+06
13.939	985.707	6.40025e+06
13.94	985.778	6.40025e+06
13.941	985.848	6.40025e+06
13.942	985.919	6.40025e+06
13.943	985.99	6.40025e+06
13.944	986.06	6.40025e+06
13.945	986.131	6.40025e+06
13.946	986.202	6.40025e+06
13.947	986.273	6.40025e+06
13.948	986.343	6.40025e+06
13.949	986.414	6.40025e+06
13.95	986.485	6.40025e+06
13.951	986.555	6.40025e+06
13.952	986.626	6.40025e+06
13.953	986.697	6.40025e+06
13.954	986.768	6.40025e+06
13.955	986.838	6.40025e+06
13.956	986.909	6.40025e+06
13.957	986.98	6.40025e+06
13.958	987.05	6.40025e+06
13.959	987.121	6.40025e+06
13.96	987.192	6.40025e+06
13.961	987.262	6.40025e+06
13.962	987.333	6.40025e+06
13.963	987.404	6.40025e+06
13.964	987.475	6.40025e+06
13.965	987.545	6.40025e+06
13.966	987.616	6.40025e+06
13.967	987.687	6.40025e+06
13.968	987.757	6.40025e+06
13.969	987.828	6.40025e+06
13.97	987.899	6.40025e+06
13.971	987.97	6.40025e+06
13.972	988.04	6.40025e+06
13.973	988.111	6.40025e+06
13.974	988.182	6.40025e+06
13.975	988.252	6.40025e+06
13.976	988.323	6.40025e+06
13.977	988.394	6.40025e+06
13.978	988.465	6.40025e+06
13.979	988.535	6.40025e+06
13.98	988.606	6.40025e+06
13.981	988.677	6.40025e+06
13.982	988.747	6.40025e+06
13.983	988.818	6.40025e+06
13.984	988.889	6.40025e+06
13.985	988.96	6.40025e+06
13.986	989.03	6.40025e+06
13.987	989.101	6.40025e+06
13.988	989.172	6.40025e+06
13.989	989.242	6.40025e+06
13.99	989.313	6.40025e+06
13.991	989.384	6.40025e+06
13.992	989.455	6.40025e+06
13.993	989.525	6.40025e+06
13.994	989.596	6.40025e+06
13.995	989.667	6.40025e+06
13.996	989.737	6.40025e+06
13.997	989.808	6.40025e+06
13.998	989.879	6.40025e+06
13.999	989.949	6.40025e+06
14	990.02	6.40025e+06
14.001	990.091	6.40025e+06
14.002	990.162	6.40025e+06
14.003	990.232	6.40025e+06
14.004	990.303	6.40025e+06
14.005	990.374	6.40025e+06
14.006	990.444	6.40025e+06
14.007	990.515	6.40025e+06
14.008	990.586	6.40025e+06
14.009	990.657	6.40025e+06
14.01	990.727	6.40025e+06
14.011	990.798	6.40025e+06
14.012	990.869	6.40025e+06
14.013	990.939	6.40025e+06
14.014	991.01	6.40025e+06
14.015	991.081	6.40025e+06
14.016	991.152	6.40025e+06
14.017	991.222	6.40025e+06
14.018	991.293	6.40025e+06
14.019	991.364	6.40025e+06
14.02	991.434	6.40025e+06
14.021	991.505	6.40025e+06
14.022	991.576	6.40025e+06
14.023	991.647	6.40025e+06
14.024	991.717	6.40025e+06
14.025	991.788	6.40025e+06
14.026	991.859	6.40025e+06
14.027	991.929	6.40025e+06
14.028	992	6.40024e+06
14.029	992.071	6.40024e+06
14.03	992.142	6.40024e+06
14.031	992.212	6.40024e+06
14.032	992.283	6.40024e+06
14.033	992.354	6.40024e+06
14.034	992.424	6.40024e+06
14.035	992.495	6.40024e+06
14.036	992.566	6.40024e+06
14.037	992.636	6.40024e+06
14.038	992.707	6.40024e+06
14.039	992.778	6.40024e+06
14.04	992.849	6.40024e+06
14.041	992.919	6.40024e+06
14.042	992.99	6.40024e+06
14.043	993.061	6.40024e+06
14.044	993.131	6.40024e+06
14.045	993.202	6.40024e+06
14.046	993.273	6.40024e+06
14.047	993.344	6.40024e+06
14.048	993.414	6.40024e+06
14.049	993.485	6.40024e+06
14.05	993.556	6.40024e+06
14.051	993.626	6.40024e+06
14.052	993.697	6.40024e+06
14.053	993.768	6.40024e+06
14.054	993.839	6.40024e+06
14.055	993.909	6.40024e+06
14.056	993.98	6.40024e+06
14.057	994.051	6.40024e+06
14.058	994.121	6.40024e+06
14.059	994.192	6.40024e+06
14.06	994.263	6.40024e+06
14.061	994.334	6.40024e+06
14.062	994.404	6.40024e+06
14.063	994.475	6.40024e+06
14.064	994.546	6.40024e+06
14.065	994.616	6.40024e+06
14.066	994.687	6.40024e+06
14.067	994.758	6.40024e+06
14.068	994.829	6.40024e+06
14.069	994.899	6.40024e+06
14.07	994.97	6.40024e+06
14.071	995.041	6.40024e+06
14.072	995.111	6.40024e+06
14.073	995.182	6.40024e+06
14.074	995.253	6.40024e+06
14.075	995.324	6.40024e+06
14.076	995.394	6.40024e+06
14.077	995.465	6.40024e+06
14.078	995.536	6.40024e+06
14.079	995.606	6.40024e+06
14.08	995.677	6.40024e+06
14.081	995.748	6.40024e+06
14.082	995.818	6.40024e+06
14.083	995.889	6.40024e+06
14.084	995.96	6.40024e+06
14.085	996.031	6.40024e+06
14.086	996.101	6.40024e+06
14.087	996.172	6.40024e+06
14.088	996.243	6.40024e+06
14.089	996.313	6.40024e+06
14.09	996.384	6.40024e+06
14.091	996.455	6.40024e+06
14.092	996.526	6.40024e+06
14.093	996.596	6.40024e+06
14.094	996.667	6.40024e+06
14.095	996.738	6.40024e+06
14.096	996.808	6.40024e+06
14.097	996.879	6.40024e+06
14.098	996.95	6.40024e+06
14.099	997.021	6.40024e+06
14.1	997.091	6.40024e+06
14.101	997.162	6.40024e+06
14.102	997.233	6.40024e+06
14.103	997.303	6.40024e+06
14.104	997.374	6.40024e+06
14.105	997.445	6.40024e+06
14.106	997.516	6.40024e+06
14.107	997.586	6.40024e+06
14.108	997.657	6.40024e+06
14.109	997.728	6.40024e+06
14.11	997.798	6.40024e+06
14.111	997.869	6.40024e+06
14.112	997.94	6.40024e+06
14.113	998.011	6.40024e+06
14.114	998.081	6.40024e+06
14.115	998.152	6.40024e+06
14.116	998.223	6.40024e+06
14.117	998.293	6.40024e+06
14.118	998.364	6.40024e+06
14.119	998.435	6.40024e+06
14.12	998.505	6.40024e+06
14.121	998.576	6.40024e+06
14.122	998.647	6.40024e+06
14.123	998.718	6.40024e+06
14.124	998.788	6.40024e+06
14.125	998.859	6.40024e+06
14.126	998.93	6.40024e+06
14.127	999	6.40024e+06
14.128	999.071	6.40024e+06
14.129	999.142	6.40024e+06
14.13	999.213	6.40024e+06
14.131	999.283	6.40024e+06
14.132	999.354	6.40024e+06
14.133	999.425	6.40024e+06
14.134	999.495	6.40024e+06
14.135	999.566	6.40024e+06
14.136	999.637	6.40024e+06
14.137	999.708	6.40024e+06
14.138	999.778	6.40024e+06
14.139	999.849	6.40024e+06
14.14	999.92	6.40024e+06
14.141	999.99	6.40024e+06
14.142	1000.06	6.40024e+06
14.143	1000.13	6.40024e+06
14.144	1000.2	6.40024e+06
14.145	1000.27	6.40024e+06
14.146	1000.34	6.40024e+06
14.147	1000.41	6.40024e+06
14.148	1000.49	6.40024e+06
14.149	1000.56	6.40024e+06
14.15	1000.63	6.40024e+06
14.151	1000.7	6.40024e+06
14.152	1000.77	6.40024e+06
14.153	1000.84	6.40024e+06
14.154	1000.91	6.40024e+06
14.155	1000.98	6.40024e+06
14.156	1001.05	6.40024e+06
14.157	1001.12	6.40024e+06
14.158	1001.19	6.40024e+06
14.159	1001.26	6.40024e+06
14.16	1001.33	6.40024e+06
14.161	1001.4	6.40024e+06
14.162	1001.48	6.40024e+06
14.163	1001.55	6.40024e+06
14.164	1001.62	6.40024e+06
14.165	1001.69	6.40024e+06
14.166	1001.76	6.40024e+06
14.167	1001.83	6.40024e+06
14.168	1001.9	6.40024e+06
14.169	1001.97	6.40024e+06
14.17	1002.04	6.40024e+06
14.171	1002.11	6.40024e+06
14.172	1002.18	6.40024e+06
14.173	1002.25	6.40024e+06
14.174	1002.32	6.40024e+06
14.175	1002.39	6.40024e+06
14.176	1002.47	6.40024e+06
14.177	1002.54	6.40024e+06
14.178	1002.61	6.40024e+06
14.179	1002.68	6.40024e+06
14.18	1002.75	6.40024e+06
14.181	1002.82	6.40024e+06
14.182	1002.89	6.40024e+06
14.183	1002.96	6.40024e+06
14.184	1003.03	6.40024e+06
14.185	1003.1	6.40024e+06
14.186	1003.17	6.40024e+06
14.187	1003.24	6.40024e+06
14.188	1003.31	6.40024e+06
14.189	1003.38	6.40024e+06
14.19	1003.46	6.40024e+06
14.191	1003.53	6.40024e+06
14.192	1003.6	6.40024e+06
14.193	1003.67	6.40024e+06
14.194	1003.74	6.40024e+06
14.195	1003.81	6.40024e+06
14.196	1003.88	6.40024e+06
14.197	1003.95	6.40024e+06
14.198	1004.02	6.40024e+06
14.199	1004.09	6.40024e+06
14.2	1004.16	6.40024e+06
14.201	1004.23	6.40024e+06
14.202	1004.3	6.40024e+06
14.203	1004.37	6.40024e+06
14.204	1004.45	6.40024e+06
14.205	1004.52	6.40024e+06
14.206	1004.59	6.40024e+06
14.207	1004.66	6.40024e+06
14.208	1004.73	6.40024e+06
14.209	1004.8	6.40024e+06
14.21	1004.87	6.40024e+06
14.211	1004.94	6.40024e+06
14.212	1005.01	6.40024e+06
14.213	1005.08	6.40024e+06
14.214	1005.15	6.40024e+06
14.215	1005.22	6.40024e+06
14.216	1005.29	6.40024e+06
14.217	1005.36	6.40024e+06
14.218	1005.44	6.40024e+06
14.219	1005.51	6.40024e+06
14.22	1005.58	6.40024e+06
14.221	1005.65	6.40024e+06
14.222	1005.72	6.40024e+06
14.223	1005.79	6.40024e+06
14.224	1005.86	6.40024e+06
14.225	1005.93	6.40024e+06
14.226	1006	6.40024e+06
14.227	1006.07	6.40024e+06
14.228	1006.14	6.40024e+06
14.229	1006.21	6.40024e+06
14.23	1006.28	6.40024e+06
14.231	1006.35	6.40024e+06
14.232	1006.43	6.40024e+06
14.233	1006.5	6.40024e+06
14.234	1006.57	6.40024e+06
14.235	1006.64	6.40024e+06
14.236	1006.71	6.40024e+06
14.237	1006.78	6.40024e+06
14.238	1006.85	6.40024e+06
14.239	1006.92	6.40024e+06
14.24	1006.99	6.40024e+06
14.241	1007.06	6.40024e+06
14.242	1007.13	6.40024e+06
14.243	1007.2	6.40024e+06
14.244	1007.27	6.40024e+06
14.245	1007.34	6.40024e+06
14.246	1007.42	6.40024e+06
14.247	1007.49	6.40024e+06
14.248	1007.56	6.40024e+06
14.249	1007.63	6.40024e+06
14.25	1007.7	6.40024e+06
14.251	1007.77	6.40024e+06
14.252	1007.84	6.40024e+06
14.253	1007.91	6.40024e+06
14.254	1007.98	6.40024e+06
14.255	1008.05	6.40024e+06
14.256	1008.12	6.40024e+06
14.257	1008.19	6.40024e+06
14.258	1008.26	6.40024e+06
14.259	1008.33	6.40024e+06
14.26	1008.4	6.40024e+06
14.261	1008.48	6.40024e+06
14.262	1008.55	6.40024e+06
14.263	1008.62	6.40024e+06
14.264	1008.69	6.40024e+06
14.265	1008.76	6.40024e+06
14.266	1008.83	6.40024e+06
14.267	1008.9	6.40024e+06
14.268	1008.97	6.40024e+06
14.269	1009.04	6.40024e+06
14.27	1009.11	6.40024e+06
14.271	1009.18	6.40024e+06
14.272	1009.25	6.40024e+06
14.273	1009.32	6.40024e+06
14.274	1009.39	6.40024e+06
14.275	1009.47	6.40024e+06
14.276	1009.54	6.40024e+06
14.277	1009.61	6.40024e+06
14.278	1009.68	6.40024e+06
14.279	1009.75	6.40024e+06
14.28	1009.82	6.40024e+06
14.281	1009.89	6.40024e+06
14.282	1009.96	6.40024e+06
14.283	1010.03	6.40024e+06
14.284	1010.1	6.40024e+06
14.285	1010.17	6.40024e+06
14.286	1010.24	6.40024e+06
14.287	1010.31	6.40024e+06
14.288	1010.38	6.40024e+06
14.289	1010.46	6.40024e+06
14.29	1010.53	6.40024e+06
14.291	1010.6	6.40024e+06
14.292	1010.67	6.40024e+06
14.293	1010.74	6.40024e+06
14.294	1010.81	6.40024e+06
14.295	1010.88	6.40024e+06
14.296	1010.95	6.40024e+06
14.297	1011.02	6.40024e+06
14.298	1011.09	6.40024e+06
14.299	1011.16	6.40024e+06
14.3	1011.23	6.40024e+06
14.301	1011.3	6.40024e+06
14.302	1011.37	6.40024e+06
14.303	1011.45	6.40024e+06
14.304	1011.52	6.40024e+06
14.305	1011.59	6.40024e+06
14.306	1011.66	6.40024e+06
14.307	1011.73	6.40024e+06
14.308	1011.8	6.40024e+06
14.309	1011.87	6.40024e+06
14.31	1011.94	6.40024e+06
14.311	1012.01	6.40024e+06
14.312	1012.08	6.40024e+06
14.313	1012.15	6.40024e+06
14.314	1012.22	6.40023e+06
14.315	1012.29	6.40023e+06
14.316	1012.36	6.40023e+06
14.317	1012.44	6.40023e+06
14.318	1012.51	6.40023e+06
14.319	1012.58	6.40023e+06
14.32	1012.65	6.40023e+06
14.321	1012.72	6.40023e+06
14.322	1012.79	6.40023e+06
14.323	1012.86	6.40023e+06
14.324	1012.93	6.40023e+06
14.325	1013	6.40023e+06
14.326	1013.07	6.40023e+06
14.327	1013.14	6.40023e+06
14.328	1013.21	6.40023e+06
14.329	1013.28	6.40023e+06
14.33	1013.35	6.40023e+06
14.331	1013.43	6.40023e+06
14.332	1013.5	6.40023e+06
14.333	1013.57	6.40023e+06
14.334	1013.64	6.40023e+06
14.335	1013.71	6.40023e+06
14.336	1013.78	6.40023e+06
14.337	1013.85	6.40023e+06
14.338	1013.92	6.40023e+06
14.339	1013.99	6.40023e+06
14.34	1014.06	6.40023e+06
14.341	1014.13	6.40023e+06
14.342	1014.2	6.40023e+06
14.343	1014.27	6.40023e+06
14.344	1014.34	6.40023e+06
14.345	1014.42	6.40023e+06
14.346	1014.49	6.40023e+06
14.347	1014.56	6.40023e+06
14.348	1014.63	6.40023e+06
14.349	1014.7	6.40023e+06
14.35	1014.77	6.40023e+06
14.351	1014.84	6.40023e+06
14.352	1014.91	6.40023e+06
14.353	1014.98	6.40023e+06
14.354	1015.05	6.40023e+06
14.355	1015.12	6.40023e+06
14.356	1015.19	6.40023e+06
14.357	1015.26	6.40023e+06
14.358	1015.33	6.40023e+06
14.359	1015.41	6.40023e+06
14.36	1015.48	6.40023e+06
14.361	1015.55	6.40023e+06
14.362	1015.62	6.40023e+06
14.363	1015.69	6.40023e+06
14.364	1015.76	6.40023e+06
14.365	1015.83	6.40023e+06
14.366	1015.9	6.40023e+06
14.367	1015.97	6.40023e+06
14.368	1016.04	6.40023e+06
14.369	1016.11	6.40023e+06
14.37	1016.18	6.40023e+06
14.371	1016.25	6.40023e+06
14.372	1016.32	6.40023e+06
14.373	1016.4	6.40023e+06
14.374	1016.47	6.40023e+06
14.375	1016.54	6.40023e+06
14.376	1016.61	6.40023e+06
14.377	1016.68	6.40023e+06
14.378	1016.75	6.40023e+06
14.379	1016.82	6.40023e+06
14.38	1016.89	6.40023e+06
14.381	1016.96	6.40023e+06
14.382	1017.03	6.40023e+06
14.383	1017.1	6.40023e+06
14.384	1017.17	6.40023e+06
14.385	1017.24	6.40023e+06
14.386	1017.31	6.40023e+06
14.387	1017.39	6.40023e+06
14.388	1017.46	6.40023e+06
14.389	1017.53	6.40023e+06
14.39	1017.6	6.40023e+06
14.391	1017.67	6.40023e+06
14.392	1017.74	6.40023e+06
14.393	1017.81	6.40023e+06
14.394	1017.88	6.40023e+06
14.395	1017.95	6.40023e+06
14.396	1018.02	6.40023e+06
14.397	1018.09	6.40023e+06
14.398	1018.16	6.40023e+06
14.399	1018.23	6.40023e+06
14.4	1018.3	6.40023e+06
14.401	1018.38	6.40023e+06
14.402	1018.45	6.40023e+06
14.403	1018.52	6.40023e+06
14.404	1018.59	6.40023e+06
14.405	1018.66	6.40023e+06
14.406	1018.73	6.40023e+06
14.407	1018.8	6.40023e+06
14.408	1018.87	6.40023e+06
14.409	1018.94	6.40023e+06
14.41	1019.01	6.40023e+06
14.411	1019.08	6.40023e+06
14.412	1019.15	6.40023e+06
14.413	1019.22	6.40023e+06
14.414	1019.29	6.40023e+06
14.415	1019.37	6.40023e+06
14.416	1019.44	6.40023e+06
14.417	1019.51	6.40023e+06
14.418	1019.58	6.40023e+06
14.419	1019.65	6.40023e+06
14.42	1019.72	6.40023e+06
14.421	1019.79	6.40023e+06
14.422	1019.86	6.40023e+06
14.423	1019.93	6.40023e+06
14.424	1020	6.40023e+06
14.425	1020.07	6.40023e+06
14.426	1020.14	6.40023e+06
14.427	1020.21	6.40023e+06
14.428	1020.28	6.40023e+06
14.429	1020.36	6.40023e+06
14.43	1020.43	6.40023e+06
14.431	1020.5	6.40023e+06
14.432	1020.57	6.40023e+06
14.433	1020.64	6.40023e+06
14.434	1020.71	6.40023e+06
14.435	1020.78	6.40023e+06
14.436	1020.85	6.40023e+06
14.437	1020.92	6.40023e+06
14.438	1020.99	6.40023e+06
14.439	1021.06	6.40023e+06
14.44	1021.13	6.40023e+06
14.441	1021.2	6.40023e+06
14.442	1021.27	6.40023e+06
14.443	1021.35	6.40023e+06
14.444	1021.42	6.40023e+06
14.445	1021.49	6.40023e+06
14.446	1021.56	6.40023e+06
14.447	1021.63	6.40023e+06
14.448	1021.7	6.40023e+06
14.449	1021.77	6.40023e+06
14.45	1021.84	6.40023e+06
14.451	1021.91	6.40023e+06
14.452	1021.98	6.40023e+06
14.453	1022.05	6.40023e+06
14.454	1022.12	6.40023e+06
14.455	1022.19	6.40023e+06
14.456	1022.26	6.40023e+06
14.457	1022.33	6.40023e+06
14.458	1022.41	6.40023e+06
14.459	1022.48	6.40023e+06
14.46	1022.55	6.40023e+06
14.461	1022.62	6.40023e+06
14.462	1022.69	6.40023e+06
14.463	1022.76	6.40023e+06
14.464	1022.83	6.40023e+06
14.465	1022.9	6.40023e+06
14.466	1022.97	6.40023e+06
14.467	1023.04	6.40023e+06
14.468	1023.11	6.40023e+06
14.469	1023.18	6.40023e+06
14.47	1023.25	6.40023e+06
14.471	1023.32	6.40023e+06
14.472	1023.4	6.40023e+06
14.473	1023.47	6.40023e+06
14.474	1023.54	6.40023e+06
14.475	1023.61	6.40023e+06
14.476	1023.68	6.40023e+06
14.477	1023.75	6.40023e+06
14.478	1023.82	6.40023e+06
14.479	1023.89	6.40023e+06
14.48	1023.96	6.40023e+06
14.481	1024.03	6.40023e+06
14.482	1024.1	6.40023e+06
14.483	1024.17	6.40023e+06
14.484	1024.24	6.40023e+06
14.485	1024.31	6.40023e+06
14.486	1024.39	6.40023e+06
14.487	1024.46	6.40023e+06
14.488	1024.53	6.40023e+06
14.489	1024.6	6.40023e+06
14.49	1024.67	6.40023e+06
14.491	1024.74	6.40023e+06
14.492	1024.81	6.40023e+06
14.493	1024.88	6.40023e+06
14.494	1024.95	6.40023e+06
14.495	1025.02	6.40023e+06
14.496	1025.09	6.40023e+06
14.497	1025.16	6.40023e+06
14.498	1025.23	6.40023e+06
14.499	1025.3	6.40023e+06
14.5	1025.38	6.40023e+06
14.501	1025.45	6.40023e+06
14.502	1025.52	6.40023e+06
14.503	1025.59	6.40023e+06
14.504	1025.66	6.40023e+06
14.505	1025.73	6.40023e+06
14.506	1025.8	6.40023e+06
14.507	1025.87	6.40023e+06
14.508	1025.94	6.40023e+06
14.509	1026.01	6.40023e+06
14.51	1026.08	6.40023e+06
14.511	1026.15	6.40023e+06
14.512	1026.22	6.40023e+06
14.513	1026.29	6.40023e+06
14.514	1026.37	6.40023e+06
14.515	1026.44	6.40023e+06
14.516	1026.51	6.40023e+06
14.517	1026.58	6.40023e+06
14.518	1026.65	6.40023e+06
14.519	1026.72	6.40023e+06
14.52	1026.79	6.40023e+06
14.521	1026.86	6.40023e+06
14.522	1026.93	6.40023e+06
14.523	1027	6.40023e+06
14.524	1027.07	6.40023e+06
14.525	1027.14	6.40023e+06
14.526	1027.21	6.40023e+06
14.527	1027.28	6.40023e+06
14.528	1027.36	6.40023e+06
14.529	1027.43	6.40023e+06
14.53	1027.5	6.40023e+06
14.531	1027.57	6.40023e+06
14.532	1027.64	6.40023e+06
14.533	1027.71	6.40023e+06
14.534	1027.78	6.40023e+06
14.535	1027.85	6.40023e+06
14.536	1027.92	6.40023e+06
14.537	1027.99	6.40023e+06
14.538	1028.06	6.40023e+06
14.539	1028.13	6.40023e+06
14.54	1028.2	6.40023e+06
14.541	1028.27	6.40023e+06
14.542	1028.35	6.40023e+06
14.543	1028.42	6.40023e+06
14.544	1028.49	6.40023e+06
14.545	1028.56	6.40023e+06
14.546	1028.63	6.40023e+06
14.547	1028.7	6.40023e+06
14.548	1028.77	6.40023e+06
14.549	1028.84	6.40023e+06
14.55	1028.91	6.40023e+06
14.551	1028.98	6.40023e+06
14.552	1029.05	6.40023e+06
14.553	1029.12	6.40023e+06
14.554	1029.19	6.40023e+06
14.555	1029.26	6.40023e+06
14.556	1029.34	6.40023e+06
14.557	1029.41	6.40023e+06
14.558	1029.48	6.40023e+06
14.559	1029.55	6.40023e+06
14.56	1029.62	6.40023e+06
14.561	1029.69	6.40023e+06
14.562	1029.76	6.40023e+06
14.563	1029.83	6.40023e+06
14.564	1029.9	6.40023e+06
14.565	1029.97	6.40023e+06
14.566	1030.04	6.40023e+06
14.567	1030.11	6.40023e+06
14.568	1030.18	6.40023e+06
14.569	1030.25	6.40023e+06
14.57	1030.33	6.40023e+06
14.571	1030.4	6.40023e+06
14.572	1030.47	6.40023e+06
14.573	1030.54	6.40023e+06
14.574	1030.61	6.40023e+06
14.575	1030.68	6.40023e+06
14.576	1030.75	6.40023e+06
14.577	1030.82	6.40023e+06
14.578	1030.89	6.40023e+06
14.579	1030.96	6.40023e+06
14.58	1031.03	6.40023e+06
14.581	1031.1	6.40023e+06
14.582	1031.17	6.40023e+06
14.583	1031.24	6.40023e+06
14.584	1031.32	6.40023e+06
14.585	1031.39	6.40022e+06
14.586	1031.46	6.40022e+06
14.587	1031.53	6.40022e+06
14.588	1031.6	6.40022e+06
14.589	1031.67	6.40022e+06
14.59	1031.74	6.40022e+06
14.591	1031.81	6.40022e+06
14.592	1031.88	6.40022e+06
14.593	1031.95	6.40022e+06
14.594	1032.02	6.40022e+06
14.595	1032.09	6.40022e+06
14.596	1032.16	6.40022e+06
14.597	1032.23	6.40022e+06
14.598	1032.31	6.40022e+06
14.599	1032.38	6.40022e+06
14.6	1032.45	6.40022e+06
14.601	1032.52	6.40022e+06
14.602	1032.59	6.40022e+06
14.603	1032.66	6.40022e+06
14.604	1032.73	6.40022e+06
14.605	1032.8	6.40022e+06
14.606	1032.87	6.40022e+06
14.607	1032.94	6.40022e+06
14.608	1033.01	6.40022e+06
14.609	1033.08	6.40022e+06
14.61	1033.15	6.40022e+06
14.611	1033.22	6.40022e+06
14.612	1033.3	6.40022e+06
14.613	1033.37	6.40022e+06
14.614	1033.44	6.40022e+06
14.615	1033.51	6.40022e+06
14.616	1033.58	6.40022e+06
14.617	1033.65	6.40022e+06
14.618	1033.72	6.40022e+06
14.619	1033.79	6.40022e+06
14.62	1033.86	6.40022e+06
14.621	1033.93	6.40022e+06
14.622	1034	6.40022e+06
14.623	1034.07	6.40022e+06
14.624	1034.14	6.40022e+06
14.625	1034.21	6.40022e+06
14.626	1034.29	6.40022e+06
14.627	1034.36	6.40022e+06
14.628	1034.43	6.40022e+06
14.629	1034.5	6.40022e+06
14.63	1034.57	6.40022e+06
14.631	1034.64	6.40022e+06
14.632	1034.71	6.40022e+06
14.633	1034.78	6.40022e+06
14.634	1034.85	6.40022e+06
14.635	1034.92	6.40022e+06
14.636	1034.99	6.40022e+06
14.637	1035.06	6.40022e+06
14.638	1035.13	6.40022e+06
14.639	1035.2	6.40022e+06
14.64	1035.28	6.40022e+06
14.641	1035.35	6.40022e+06
14.642	1035.42	6.40022e+06
14.643	1035.49	6.40022e+06
14.644	1035.56	6.40022e+06
14.645	1035.63	6.40022e+06
14.646	1035.7	6.40022e+06
14.647	1035.77	6.40022e+06
14.648	1035.84	6.40022e+06
14.649	1035.91	6.40022e+06
14.65	1035.98	6.40022e+06
14.651	1036.05	6.40022e+06
14.652	1036.12	6.40022e+06
14.653	1036.19	6.40022e+06
14.654	1036.26	6.40022e+06
14.655	1036.34	6.40022e+06
14.656	1036.41	6.40022e+06
14.657	1036.48	6.40022e+06
14.658	1036.55	6.40022e+06
14.659	1036.62	6.40022e+06
14.66	1036.69	6.40022e+06
14.661	1036.76	6.40022e+06
14.662	1036.83	6.40022e+06
14.663	1036.9	6.40022e+06
14.664	1036.97	6.40022e+06
14.665	1037.04	6.40022e+06
14.666	1037.11	6.40022e+06
14.667	1037.18	6.40022e+06
14.668	1037.25	6.40022e+06
14.669	1037.33	6.40022e+06
14.67	1037.4	6.40022e+06
14.671	1037.47	6.40022e+06
14.672	1037.54	6.40022e+06
14.673	1037.61	6.40022e+06
14.674	1037.68	6.40022e+06
14.675	1037.75	6.40022e+06
14.676	1037.82	6.40022e+06
14.677	1037.89	6.40022e+06
14.678	1037.96	6.40022e+06
14.679	1038.03	6.40022e+06
14.68	1038.1	6.40022e+06
14.681	1038.17	6.40022e+06
14.682	1038.24	6.40022e+06
14.683	1038.32	6.40022e+06
14.684	1038.39	6.40022e+06
14.685	1038.46	6.40022e+06
14.686	1038.53	6.40022e+06
14.687	1038.6	6.40022e+06
14.688	1038.67	6.40022e+06
14.689	1038.74	6.40022e+06
14.69	1038.81	6.40022e+06
14.691	1038.88	6.40022e+06
14.692	1038.95	6.40022e+06
14.693	1039.02	6.40022e+06
14.694	1039.09	6.40022e+06
14.695	1039.16	6.40022e+06
14.696	1039.23	6.40022e+06
14.697	1039.31	6.40022e+06
14.698	1039.38	6.40022e+06
14.699	1039.45	6.40022e+06
14.7	1039.52	6.40022e+06
14.701	1039.59	6.40022e+06
14.702	1039.66	6.40022e+06
14.703	1039.73	6.40022e+06
14.704	1039.8	6.40022e+06
14.705	1039.87	6.40022e+06
14.706	1039.94	6.40022e+06
14.707	1040.01	6.40022e+06
14.708	1040.08	6.40022e+06
14.709	1040.15	6.40022e+06
14.71	1040.22	6.40022e+06
14.711	1040.3	6.40022e+06
14.712	1040.37	6.40022e+06
14.713	1040.44	6.40022e+06
14.714	1040.51	6.40022e+06
14.715	1040.58	6.40022e+06
14.716	1040.65	6.40022e+06
14.717	1040.72	6.40022e+06
14.718	1040.79	6.40022e+06
14.719	1040.86	6.40022e+06
14.72	1040.93	6.40022e+06
14.721	1041	6.40022e+06
14.722	1041.07	6.40022e+06
14.723	1041.14	6.40022e+06
14.724	1041.21	6.40022e+06
14.725	1041.29	6.40022e+06
14.726	1041.36	6.40022e+06
14.727	1041.43	6.40022e+06
14.728	1041.5	6.40022e+06
14.729	1041.57	6.40022e+06
14.73	1041.64	6.40022e+06
14.731	1041.71	6.40022e+06
14.732	1041.78	6.40022e+06
14.733	1041.85	6.40022e+06
14.734	1041.92	6.40022e+06
14.735	1041.99	6.40022e+06
14.736	1042.06	6.40022e+06
14.737	1042.13	6.40022e+06
14.738	1042.2	6.40022e+06
14.739	1042.28	6.40022e+06
14.74	1042.35	6.40022e+06
14.741	1042.42	6.40022e+06
14.742	1042.49	6.40022e+06
14.743	1042.56	6.40022e+06
14.744	1042.63	6.40022e+06
14.745	1042.7	6.40022e+06
14.746	1042.77	6.40022e+06
14.747	1042.84	6.40022e+06
14.748	1042.91	6.40022e+06
14.749	1042.98	6.40022e+06
14.75	1043.05	6.40022e+06
14.751	1043.12	6.40022e+06
14.752	1043.19	6.40022e+06
14.753	1043.27	6.40022e+06
14.754	1043.34	6.40022e+06
14.755	1043.41	6.40022e+06
14.756	1043.48	6.40022e+06
14.757	1043.55	6.40022e+06
14.758	1043.62	6.40022e+06
14.759	1043.69	6.40022e+06
14.76	1043.76	6.40022e+06
14.761	1043.83	6.40022e+06
14.762	1043.9	6.40022e+06
14.763	1043.97	6.40022e+06
14.764	1044.04	6.40022e+06
14.765	1044.11	6.40022e+06
14.766	1044.18	6.40022e+06
14.767	1044.26	6.40022e+06
14.768	1044.33	6.40022e+06
14.769	1044.4	6.40022e+06
14.77	1044.47	6.40022e+06
14.771	1044.54	6.40022e+06
14.772	1044.61	6.40022e+06
14.773	1044.68	6.40022e+06
14.774	1044.75	6.40022e+06
14.775	1044.82	6.40022e+06
14.776	1044.89	6.40022e+06
14.777	1044.96	6.40022e+06
14.778	1045.03	6.40022e+06
14.779	1045.1	6.40022e+06
14.78	1045.17	6.40022e+06
14.781	1045.25	6.40022e+06
14.782	1045.32	6.40022e+06
14.783	1045.39	6.40022e+06
14.784	1045.46	6.40022e+06
14.785	1045.53	6.40022e+06
14.786	1045.6	6.40022e+06
14.787	1045.67	6.40022e+06
14.788	1045.74	6.40022e+06
14.789	1045.81	6.40022e+06
14.79	1045.88	6.40022e+06
14.791	1045.95	6.40022e+06
14.792	1046.02	6.40022e+06
14.793	1046.09	6.40022e+06
14.794	1046.16	6.40022e+06
14.795	1046.24	6.40022e+06
14.796	1046.31	6.40022e+06
14.797	1046.38	6.40022e+06
14.798	1046.45	6.40022e+06
14.799	1046.52	6.40022e+06
14.8	1046.59	6.40022e+06
14.801	1046.66	6.40022e+06
14.802	1046.73	6.40022e+06
14.803	1046.8	6.40022e+06
14.804	1046.87	6.40022e+06
14.805	1046.94	6.40022e+06
14.806	1047.01	6.40022e+06
14.807	1047.08	6.40022e+06
14.808	1047.15	6.40022e+06
14.809	1047.23	6.40022e+06
14.81	1047.3	6.40022e+06
14.811	1047.37	6.40022e+06
14.812	1047.44	6.40022e+06
14.813	1047.51	6.40022e+06
14.814	1047.58	6.40022e+06
14.815	1047.65	6.40022e+06
14.816	1047.72	6.40022e+06
14.817	1047.79	6.40022e+06
14.818	1047.86	6.40022e+06
14.819	1047.93	6.40022e+06
14.82	1048	6.40022e+06
14.821	1048.07	6.40022e+06
14.822	1048.14	6.40022e+06
14.823	1048.22	6.40022e+06
14.824	1048.29	6.40022e+06
14.825	1048.36	6.40022e+06
14.826	1048.43	6.40022e+06
14.827	1048.5	6.40022e+06
14.828	1048.57	6.40022e+06
14.829	1048.64	6.40022e+06
14.83	1048.71	6.40022e+06
14.831	1048.78	6.40022e+06
14.832	1048.85	6.40022e+06
14.833	1048.92	6.40022e+06
14.834	1048.99	6.40022e+06
14.835	1049.06	6.40022e+06
14.836	1049.13	6.40022e+06
14.837	1049.21	6.40022e+06
14.838	1049.28	6.40022e+06
14.839	1049.35	6.40022e+06
14.84	1049.42	6.40022e+06
14.841	1049.49	6.40022e+06
14.842	1049.56	6.40022e+06
14.843	1049.63	6.40021e+06
14.844	1049.7	6.40021e+06
14.845	1049.77	6.40021e+06
14.846	1049.84	6.40021e+06
14.847	1049.91	6.40021e+06
14.848	1049.98	6.40021e+06
14.849	1050.05	6.40021e+06
14.85	1050.12	6.40021e+06
14.851	1050.19	6.40021e+06
14.852	1050.27	6.40021e+06
14.853	1050.34	6.40021e+06
14.854	1050.41	6.40021e+06
14.855	1050.48	6.40021e+06
14.856	1050.55	6.40021e+06
14.857	1050.62	6.40021e+06
14.858	1050.69	6.40021e+06
14.859	1050.76	6.40021e+06
14.86	1050.83	6.40021e+06
14.861	1050.9	6.40021e+06
14.862	1050.97	6.40021e+06
14.863	1051.04	6.40021e+06
14.864	1051.11	6.40021e+06
14.865	1051.18	6.40021e+06
14.866	1051.26	6.40021e+06
14.867	1051.33	6.40021e+06
14.868	1051.4	6.40021e+06
14.869	1051.47	6.40021e+06
14.87	1051.54	6.40021e+06
14.871	1051.61	6.40021e+06
14.872	1051.68	6.40021e+06
14.873	1051.75	6.40021e+06
14.874	1051.82	6.40021e+06
14.875	1051.89	6.40021e+06
14.876	1051.96	6.40021e+06
14.877	1052.03	6.40021e+06
14.878	1052.1	6.40021e+06
14.879	1052.17	6.40021e+06
14.88	1052.25	6.40021e+06
14.881	1052.32	6.40021e+06
14.882	1052.39	6.40021e+06
14.883	1052.46	6.40021e+06
14.884	1052.53	6.40021e+06
14.885	1052.6	6.40021e+06
14.886	1052.67	6.40021e+06
14.887	1052.74	6.40021e+06
14.888	1052.81	6.40021e+06
14.889	1052.88	6.40021e+06
14.89	1052.95	6.40021e+06
14.891	1053.02	6.40021e+06
14.892	1053.09	6.40021e+06
14.893	1053.16	6.40021e+06
14.894	1053.24	6.40021e+06
14.895	1053.31	6.40021e+06
14.896	1053.38	6.40021e+06
14.897	1053.45	6.40021e+06
14.898	1053.52	6.40021e+06
14.899	1053.59	6.40021e+06
14.9	1053.66	6.40021e+06
14.901	1053.73	6.40021e+06
14.902	1053.8	6.40021e+06
14.903	1053.87	6.40021e+06
14.904	1053.94	6.40021e+06
14.905	1054.01	6.40021e+06
14.906	1054.08	6.40021e+06
14.907	1054.15	6.40021e+06
14.908	1054.23	6.40021e+06
14.909	1054.3	6.40021e+06
14.91	1054.37	6.40021e+06
14.911	1054.44	6.40021e+06
14.912	1054.51	6.40021e+06
14.913	1054.58	6.40021e+06
14.914	1054.65	6.40021e+06
14.915	1054.72	6.40021e+06
14.916	1054.79	6.40021e+06
14.917	1054.86	6.40021e+06
14.918	1054.93	6.40021e+06
14.919	1055	6.40021e+06
14.92	1055.07	6.40021e+06
14.921	1055.14	6.40021e+06
14.922	1055.22	6.40021e+06
14.923	1055.29	6.40021e+06
14.924	1055.36	6.40021e+06
14.925	1055.43	6.40021e+06
14.926	1055.5	6.40021e+06
14.927	1055.57	6.40021e+06
14.928	1055.64	6.40021e+06
14.929	1055.71	6.40021e+06
14.93	1055.78	6.40021e+06
14.931	1055.85	6.40021e+06
14.932	1055.92	6.40021e+06
14.933	1055.99	6.40021e+06
14.934	1056.06	6.40021e+06
14.935	1056.13	6.40021e+06
14.936	1056.21	6.40021e+06
14.937	1056.28	6.40021e+06
14.938	1056.35	6.40021e+06
14.939	1056.42	6.40021e+06
14.94	1056.49	6.40021e+06
14.941	1056.56	6.40021e+06
14.942	1056.63	6.40021e+06
14.943	1056.7	6.40021e+06
14.944	1056.77	6.40021e+06
14.945	1056.84	6.40021e+06
14.946	1056.91	6.40021e+06
14.947	1056.98	6.40021e+06
14.948	1057.05	6.40021e+06
14.949	1057.12	6.40021e+06
14.95	1057.2	6.40021e+06
14.951	1057.27	6.40021e+06
14.952	1057.34	6.40021e+06
14.953	1057.41	6.40021e+06
14.954	1057.48	6.40021e+06
14.955	1057.55	6.40021e+06
14.956	1057.62	6.40021e+06
14.957	1057.69	6.40021e+06
14.958	1057.76	6.40021e+06
14.959	1057.83	6.40021e+06
14.96	1057.9	6.40021e+06
14.961	1057.97	6.40021e+06
14.962	1058.04	6.40021e+06
14.963	1058.11	6.40021e+06
14.964	1058.19	6.40021e+06
14.965	1058.26	6.40021e+06
14.966	1058.33	6.40021e+06
14.967	1058.4	6.40021e+06
14.968	1058.47	6.40021e+06
14.969	1058.54	6.40021e+06
14.97	1058.61	6.40021e+06
14.971	1058.68	6.40021e+06
14.972	1058.75	6.40021e+06
14.973	1058.82	6.40021e+06
14.974	1058.89	6.40021e+06
14.975	1058.96	6.40021e+06
14.976	1059.03	6.40021e+06
14.977	1059.1	6.40021e+06
14.978	1059.18	6.40021e+06
14.979	1059.25	6.40021e+06
14.98	1059.32	6.40021e+06
14.981	1059.39	6.40021e+06
14.982	1059.46	6.40021e+06
14.983	1059.53	6.40021e+06
14.984	1059.6	6.40021e+06
14.985	1059.67	6.40021e+06
14.986	1059.74	6.40021e+06
14.987	1059.81	6.40021e+06
14.988	1059.88	6.40021e+06
14.989	1059.95	6.40021e+06
14.99	1060.02	6.40021e+06
14.991	1060.09	6.40021e+06
14.992	1060.17	6.40021e+06
14.993	1060.24	6.40021e+06
14.994	1060.31	6.40021e+06
14.995	1060.38	6.40021e+06
14.996	1060.45	6.40021e+06
14.997	1060.52	6.40021e+06
14.998	1060.59	6.40021e+06
14.999	1060.66	6.40021e+06
15	1060.73	6.40021e+06
15.001	1060.8	6.40021e+06
15.002	1060.87	6.40021e+06
15.003	1060.94	6.40021e+06
15.004	1061.01	6.40021e+06
15.005	1061.08	6.40021e+06
15.006	1061.16	6.40021e+06
15.007	1061.23	6.40021e+06
15.008	1061.3	6.40021e+06
15.009	1061.37	6.40021e+06
15.01	1061.44	6.40021e+06
15.011	1061.51	6.40021e+06
15.012	1061.58	6.40021e+06
15.013	1061.65	6.40021e+06
15.014	1061.72	6.40021e+06
15.015	1061.79	6.40021e+06
15.016	1061.86	6.40021e+06
15.017	1061.93	6.40021e+06
15.018	1062	6.40021e+06
15.019	1062.07	6.40021e+06
15.02	1062.15	6.40021e+06
15.021	1062.22	6.40021e+06
15.022	1062.29	6.40021e+06
15.023	1062.36	6.40021e+06
15.024	1062.43	6.40021e+06
15.025	1062.5	6.40021e+06
15.026	1062.57	6.40021e+06
15.027	1062.64	6.40021e+06
15.028	1062.71	6.40021e+06
15.029	1062.78	6.40021e+06
15.03	1062.85	6.40021e+06
15.031	1062.92	6.40021e+06
15.032	1062.99	6.40021e+06
15.033	1063.06	6.40021e+06
15.034	1063.14	6.40021e+06
15.035	1063.21	6.40021e+06
15.036	1063.28	6.40021e+06
15.037	1063.35	6.40021e+06
15.038	1063.42	6.40021e+06
15.039	1063.49	6.40021e+06
15.04	1063.56	6.40021e+06
15.041	1063.63	6.40021e+06
15.042	1063.7	6.40021e+06
15.043	1063.77	6.40021e+06
15.044	1063.84	6.40021e+06
15.045	1063.91	6.40021e+06
15.046	1063.98	6.40021e+06
15.047	1064.05	6.40021e+06
15.048	1064.12	6.40021e+06
15.049	1064.2	6.40021e+06
15.05	1064.27	6.40021e+06
15.051	1064.34	6.40021e+06
15.052	1064.41	6.40021e+06
15.053	1064.48	6.40021e+06
15.054	1064.55	6.40021e+06
15.055	1064.62	6.40021e+06
15.056	1064.69	6.40021e+06
15.057	1064.76	6.40021e+06
15.058	1064.83	6.40021e+06
15.059	1064.9	6.40021e+06
15.06	1064.97	6.40021e+06
15.061	1065.04	6.40021e+06
15.062	1065.11	6.40021e+06
15.063	1065.19	6.40021e+06
15.064	1065.26	6.40021e+06
15.065	1065.33	6.40021e+06
15.066	1065.4	6.40021e+06
15.067	1065.47	6.40021e+06
15.068	1065.54	6.40021e+06
15.069	1065.61	6.40021e+06
15.07	1065.68	6.40021e+06
15.071	1065.75	6.40021e+06
15.072	1065.82	6.40021e+06
15.073	1065.89	6.40021e+06
15.074	1065.96	6.40021e+06
15.075	1066.03	6.40021e+06
15.076	1066.1	6.40021e+06
15.077	1066.18	6.40021e+06
15.078	1066.25	6.40021e+06
15.079	1066.32	6.40021e+06
15.08	1066.39	6.40021e+06
15.081	1066.46	6.40021e+06
15.082	1066.53	6.40021e+06
15.083	1066.6	6.40021e+06
15.084	1066.67	6.40021e+06
15.085	1066.74	6.40021e+06
15.086	1066.81	6.40021e+06
15.087	1066.88	6.40021e+06
15.088	1066.95	6.40021e+06
15.089	1067.02	6.40021e+06
15.09	1067.09	6.4002e+06
15.091	1067.17	6.4002e+06
15.092	1067.24	6.4002e+06
15.093	1067.31	6.4002e+06
15.094	1067.38	6.4002e+06
15.095	1067.45	6.4002e+06
15.096	1067.52	6.4002e+06
15.097	1067.59	6.4002e+06
15.098	1067.66	6.4002e+06
15.099	1067.73	6.4002e+06
15.1	1067.8	6.4002e+06
15.101	1067.87	6.4002e+06
15.102	1067.94	6.4002e+06
15.103	1068.01	6.4002e+06
15.104	1068.08	6.4002e+06
15.105	1068.16	6.4002e+06
15.106	1068.23	6.4002e+06
15.107	1068.3	6.4002e+06
15.108	1068.37	6.4002e+06
15.109	1068.44	6.4002e+06
15.11	1068.51	6.4002e+06
15.111	1068.58	6.4002e+06
15.112	1068.65	6.4002e+06
15.113	1068.72	6.4002e+06
15.114	1068.79	6.4002e+06
15.115	1068.86	6.4002e+06
15.116	1068.93	6.4002e+06
15.117	1069	6.4002e+06
15.118	1069.07	6.4002e+06
15.119	1069.15	6.4002e+06
15.12	1069.22	6.4002e+06
15.121	1069.29	6.4002e+06
15.122	1069.36	6.4002e+06
15.123	1069.43	6.4002e+06
15.124	1069.5	6.4002e+06
15.125	1069.57	6.4002e+06
15.126	1069.64	6.4002e+06
15.127	1069.71	6.4002e+06
15.128	1069.78	6.4002e+06
15.129	1069.85	6.4002e+06
15.13	1069.92	6.4002e+06
15.131	1069.99	6.4002e+06
15.132	1070.06	6.4002e+06
15.133	1070.14	6.4002e+06
15.134	1070.21	6.4002e+06
15.135	1070.28	6.4002e+06
15.136	1070.35	6.4002e+06
15.137	1070.42	6.4002e+06
15.138	1070.49	6.4002e+06
15.139	1070.56	6.4002e+06
15.14	1070.63	6.4002e+06
15.141	1070.7	6.4002e+06
15.142	1070.77	6.4002e+06
15.143	1070.84	6.4002e+06
15.144	1070.91	6.4002e+06
15.145	1070.98	6.4002e+06
15.146	1071.05	6.4002e+06
15.147	1071.13	6.4002e+06
15.148	1071.2	6.4002e+06
15.149	1071.27	6.4002e+06
15.15	1071.34	6.4002e+06
15.151	1071.41	6.4002e+06
15.152	1071.48	6.4002e+06
15.153	1071.55	6.4002e+06
15.154	1071.62	6.4002e+06
15.155	1071.69	6.4002e+06
15.156	1071.76	6.4002e+06
15.157	1071.83	6.4002e+06
15.158	1071.9	6.4002e+06
15.159	1071.97	6.4002e+06
15.16	1072.04	6.4002e+06
15.161	1072.12	6.4002e+06
15.162	1072.19	6.4002e+06
15.163	1072.26	6.4002e+06
15.164	1072.33	6.4002e+06
15.165	1072.4	6.4002e+06
15.166	1072.47	6.4002e+06
15.167	1072.54	6.4002e+06
15.168	1072.61	6.4002e+06
15.169	1072.68	6.4002e+06
15.17	1072.75	6.4002e+06
15.171	1072.82	6.4002e+06
15.172	1072.89	6.4002e+06
15.173	1072.96	6.4002e+06
15.174	1073.03	6.4002e+06
15.175	1073.11	6.4002e+06
15.176	1073.18	6.4002e+06
15.177	1073.25	6.4002e+06
15.178	1073.32	6.4002e+06
15.179	1073.39	6.4002e+06
15.18	1073.46	6.4002e+06
15.181	1073.53	6.4002e+06
15.182	1073.6	6.4002e+06
15.183	1073.67	6.4002e+06
15.184	1073.74	6.4002e+06
15.185	1073.81	6.4002e+06
15.186	1073.88	6.4002e+06
15.187	1073.95	6.4002e+06
15.188	1074.02	6.4002e+06
15.189	1074.1	6.4002e+06
15.19	1074.17	6.4002e+06
15.191	1074.24	6.4002e+06
15.192	1074.31	6.4002e+06
15.193	1074.38	6.4002e+06
15.194	1074.45	6.4002e+06
15.195	1074.52	6.4002e+06
15.196	1074.59	6.4002e+06
15.197	1074.66	6.4002e+06
15.198	1074.73	6.4002e+06
15.199	1074.8	6.4002e+06
15.2	1074.87	6.4002e+06
15.201	1074.94	6.4002e+06
15.202	1075.01	6.4002e+06
15.203	1075.09	6.4002e+06
15.204	1075.16	6.4002e+06
15.205	1075.23	6.4002e+06
15.206	1075.3	6.4002e+06
15.207	1075.37	6.4002e+06
15.208	1075.44	6.4002e+06
15.209	1075.51	6.4002e+06
15.21	1075.58	6.4002e+06
15.211	1075.65	6.4002e+06
15.212	1075.72	6.4002e+06
15.213	1075.79	6.4002e+06
15.214	1075.86	6.4002e+06
15.215	1075.93	6.4002e+06
15.216	1076	6.4002e+06
15.217	1076.08	6.4002e+06
15.218	1076.15	6.4002e+06
15.219	1076.22	6.4002e+06
15.22	1076.29	6.4002e+06
15.221	1076.36	6.4002e+06
15.222	1076.43	6.4002e+06
15.223	1076.5	6.4002e+06
15.224	1076.57	6.4002e+06
15.225	1076.64	6.4002e+06
15.226	1076.71	6.4002e+06
15.227	1076.78	6.4002e+06
15.228	1076.85	6.4002e+06
15.229	1076.92	6.4002e+06
15.23	1076.99	6.4002e+06
15.231	1077.07	6.4002e+06
15.232	1077.14	6.4002e+06
15.233	1077.21	6.4002e+06
15.234	1077.28	6.4002e+06
15.235	1077.35	6.4002e+06
15.236	1077.42	6.4002e+06
15.237	1077.49	6.4002e+06
15.238	1077.56	6.4002e+06
15.239	1077.63	6.4002e+06
15.24	1077.7	6.4002e+06
15.241	1077.77	6.4002e+06
15.242	1077.84	6.4002e+06
15.243	1077.91	6.4002e+06
15.244	1077.98	6.4002e+06
15.245	1078.05	6.4002e+06
15.246	1078.13	6.4002e+06
15.247	1078.2	6.4002e+06
15.248	1078.27	6.4002e+06
15.249	1078.34	6.4002e+06
15.25	1078.41	6.4002e+06
15.251	1078.48	6.4002e+06
15.252	1078.55	6.4002e+06
15.253	1078.62	6.4002e+06
15.254	1078.69	6.4002e+06
15.255	1078.76	6.4002e+06
15.256	1078.83	6.4002e+06
15.257	1078.9	6.4002e+06
15.258	1078.97	6.4002e+06
15.259	1079.04	6.4002e+06
15.26	1079.12	6.4002e+06
15.261	1079.19	6.4002e+06
15.262	1079.26	6.4002e+06
15.263	1079.33	6.4002e+06
15.264	1079.4	6.4002e+06
15.265	1079.47	6.4002e+06
15.266	1079.54	6.4002e+06
15.267	1079.61	6.4002e+06
15.268	1079.68	6.4002e+06
15.269	1079.75	6.4002e+06
15.27	1079.82	6.4002e+06
15.271	1079.89	6.4002e+06
15.272	1079.96	6.4002e+06
15.273	1080.03	6.4002e+06
15.274	1080.11	6.4002e+06
15.275	1080.18	6.4002e+06
15.276	1080.25	6.4002e+06
15.277	1080.32	6.4002e+06
15.278	1080.39	6.4002e+06
15.279	1080.46	6.4002e+06
15.28	1080.53	6.4002e+06
15.281	1080.6	6.4002e+06
15.282	1080.67	6.4002e+06
15.283	1080.74	6.4002e+06
15.284	1080.81	6.4002e+06
15.285	1080.88	6.4002e+06
15.286	1080.95	6.4002e+06
15.287	1081.02	6.4002e+06
15.288	1081.1	6.4002e+06
15.289	1081.17	6.4002e+06
15.29	1081.24	6.4002e+06
15.291	1081.31	6.4002e+06
15.292	1081.38	6.4002e+06
15.293	1081.45	6.4002e+06
15.294	1081.52	6.4002e+06
15.295	1081.59	6.4002e+06
15.296	1081.66	6.4002e+06
15.297	1081.73	6.4002e+06
15.298	1081.8	6.4002e+06
15.299	1081.87	6.4002e+06
15.3	1081.94	6.4002e+06
15.301	1082.01	6.4002e+06
15.302	1082.09	6.4002e+06
15.303	1082.16	6.4002e+06
15.304	1082.23	6.4002e+06
15.305	1082.3	6.4002e+06
15.306	1082.37	6.4002e+06
15.307	1082.44	6.4002e+06
15.308	1082.51	6.4002e+06
15.309	1082.58	6.4002e+06
15.31	1082.65	6.4002e+06
15.311	1082.72	6.4002e+06
15.312	1082.79	6.4002e+06
15.313	1082.86	6.4002e+06
15.314	1082.93	6.4002e+06
15.315	1083	6.4002e+06
15.316	1083.08	6.4002e+06
15.317	1083.15	6.4002e+06
15.318	1083.22	6.4002e+06
15.319	1083.29	6.4002e+06
15.32	1083.36	6.4002e+06
15.321	1083.43	6.4002e+06
15.322	1083.5	6.4002e+06
15.323	1083.57	6.4002e+06
15.324	1083.64	6.4002e+06
15.325	1083.71	6.4002e+06
15.326	1083.78	6.40019e+06
15.327	1083.85	6.40019e+06
15.328	1083.92	6.40019e+06
15.329	1083.99	6.40019e+06
15.33	1084.07	6.40019e+06
15.331	1084.14	6.40019e+06
15.332	1084.21	6.40019e+06
15.333	1084.28	6.40019e+06
15.334	1084.35	6.40019e+06
15.335	1084.42	6.40019e+06
15.336	1084.49	6.40019e+06
15.337	1084.56	6.40019e+06
15.338	1084.63	6.40019e+06
15.339	1084.7	6.40019e+06
15.34	1084.77	6.40019e+06
15.341	1084.84	6.40019e+06
15.342	1084.91	6.40019e+06
15.343	1084.98	6.40019e+06
15.344	1085.06	6.40019e+06
15.345	1085.13	6.40019e+06
15.346	1085.2	6.40019e+06
15.347	1085.27	6.40019e+06
15.348	1085.34	6.40019e+06
15.349	1085.41	6.40019e+06
15.35	1085.48	6.40019e+06
15.351	1085.55	6.40019e+06
15.352	1085.62	6.40019e+06
15.353	1085.69	6.40019e+06
15.354	1085.76	6.40019e+06
15.355	1085.83	6.40019e+06
15.356	1085.9	6.40019e+06
15.357	1085.97	6.40019e+06
15.358	1086.05	6.40019e+06
15.359	1086.12	6.40019e+06
15.36	1086.19	6.40019e+06
15.361	1086.26	6.40019e+06
15.362	1086.33	6.40019e+06
15.363	1086.4	6.40019e+06
15.364	1086.47	6.40019e+06
15.365	1086.54	6.40019e+06
15.366	1086.61	6.40019e+06
15.367	1086.68	6.40019e+06
15.368	1086.75	6.40019e+06
15.369	1086.82	6.40019e+06
15.37	1086.89	6.40019e+06
15.371	1086.96	6.40019e+06
15.372	1087.04	6.40019e+06
15.373	1087.11	6.40019e+06
15.374	1087.18	6.40019e+06
15.375	1087.25	6.40019e+06
15.376	1087.32	6.40019e+06
15.377	1087.39	6.40019e+06
15.378	1087.46	6.40019e+06
15.379	1087.53	6.40019e+06
15.38	1087.6	6.40019e+06
15.381	1087.67	6.40019e+06
15.382	1087.74	6.40019e+06
15.383	1087.81	6.40019e+06
15.384	1087.88	6.40019e+06
15.385	1087.95	6.40019e+06
15.386	1088.03	6.40019e+06
15.387	1088.1	6.40019e+06
15.388	1088.17	6.40019e+06
15.389	1088.24	6.40019e+06
15.39	1088.31	6.40019e+06
15.391	1088.38	6.40019e+06
15.392	1088.45	6.40019e+06
15.393	1088.52	6.40019e+06
15.394	1088.59	6.40019e+06
15.395	1088.66	6.40019e+06
15.396	1088.73	6.40019e+06
15.397	1088.8	6.40019e+06
15.398	1088.87	6.40019e+06
15.399	1088.94	6.40019e+06
15.4	1089.02	6.40019e+06
15.401	1089.09	6.40019e+06
15.402	1089.16	6.40019e+06
15.403	1089.23	6.40019e+06
15.404	1089.3	6.40019e+06
15.405	1089.37	6.40019e+06
15.406	1089.44	6.40019e+06
15.407	1089.51	6.40019e+06
15.408	1089.58	6.40019e+06
15.409	1089.65	6.40019e+06
15.41	1089.72	6.40019e+06
15.411	1089.79	6.40019e+06
15.412	1089.86	6.40019e+06
15.413	1089.93	6.40019e+06
15.414	1090.01	6.40019e+06
15.415	1090.08	6.40019e+06
15.416	1090.15	6.40019e+06
15.417	1090.22	6.40019e+06
15.418	1090.29	6.40019e+06
15.419	1090.36	6.40019e+06
15.42	1090.43	6.40019e+06
15.421	1090.5	6.40019e+06
15.422	1090.57	6.40019e+06
15.423	1090.64	6.40019e+06
15.424	1090.71	6.40019e+06
15.425	1090.78	6.40019e+06
15.426	1090.85	6.40019e+06
15.427	1090.92	6.40019e+06
15.428	1091	6.40019e+06
15.429	1091.07	6.40019e+06
15.43	1091.14	6.40019e+06
15.431	1091.21	6.40019e+06
15.432	1091.28	6.40019e+06
15.433	1091.35	6.40019e+06
15.434	1091.42	6.40019e+06
15.435	1091.49	6.40019e+06
15.436	1091.56	6.40019e+06
15.437	1091.63	6.40019e+06
15.438	1091.7	6.40019e+06
15.439	1091.77	6.40019e+06
15.44	1091.84	6.40019e+06
15.441	1091.91	6.40019e+06
15.442	1091.99	6.40019e+06
15.443	1092.06	6.40019e+06
15.444	1092.13	6.40019e+06
15.445	1092.2	6.40019e+06
15.446	1092.27	6.40019e+06
15.447	1092.34	6.40019e+06
15.448	1092.41	6.40019e+06
15.449	1092.48	6.40019e+06
15.45	1092.55	6.40019e+06
15.451	1092.62	6.40019e+06
15.452	1092.69	6.40019e+06
15.453	1092.76	6.40019e+06
15.454	1092.83	6.40019e+06
15.455	1092.9	6.40019e+06
15.456	1092.97	6.40019e+06
15.457	1093.05	6.40019e+06
15.458	1093.12	6.40019e+06
15.459	1093.19	6.40019e+06
15.46	1093.26	6.40019e+06
15.461	1093.33	6.40019e+06
15.462	1093.4	6.40019e+06
15.463	1093.47	6.40019e+06
15.464	1093.54	6.40019e+06
15.465	1093.61	6.40019e+06
15.466	1093.68	6.40019e+06
15.467	1093.75	6.40019e+06
15.468	1093.82	6.40019e+06
15.469	1093.89	6.40019e+06
15.47	1093.96	6.40019e+06
15.471	1094.04	6.40019e+06
15.472	1094.11	6.40019e+06
15.473	1094.18	6.40019e+06
15.474	1094.25	6.40019e+06
15.475	1094.32	6.40019e+06
15.476	1094.39	6.40019e+06
15.477	1094.46	6.40019e+06
15.478	1094.53	6.40019e+06
15.479	1094.6	6.40019e+06
15.48	1094.67	6.40019e+06
15.481	1094.74	6.40019e+06
15.482	1094.81	6.40019e+06
15.483	1094.88	6.40019e+06
15.484	1094.95	6.40019e+06
15.485	1095.03	6.40019e+06
15.486	1095.1	6.40019e+06
15.487	1095.17	6.40019e+06
15.488	1095.24	6.40019e+06
15.489	1095.31	6.40019e+06
15.49	1095.38	6.40019e+06
15.491	1095.45	6.40019e+06
15.492	1095.52	6.40019e+06
15.493	1095.59	6.40019e+06
15.494	1095.66	6.40019e+06
15.495	1095.73	6.40019e+06
15.496	1095.8	6.40019e+06
15.497	1095.87	6.40019e+06
15.498	1095.94	6.40019e+06
15.499	1096.02	6.40019e+06
15.5	1096.09	6.40019e+06
15.501	1096.16	6.40019e+06
15.502	1096.23	6.40019e+06
15.503	1096.3	6.40019e+06
15.504	1096.37	6.40019e+06
15.505	1096.44	6.40019e+06
15.506	1096.51	6.40019e+06
15.507	1096.58	6.40019e+06
15.508	1096.65	6.40019e+06
15.509	1096.72	6.40019e+06
15.51	1096.79	6.40019e+06
15.511	1096.86	6.40019e+06
15.512	1096.93	6.40019e+06
15.513	1097.01	6.40019e+06
15.514	1097.08	6.40019e+06
15.515	1097.15	6.40019e+06
15.516	1097.22	6.40019e+06
15.517	1097.29	6.40019e+06
15.518	1097.36	6.40019e+06
15.519	1097.43	6.40019e+06
15.52	1097.5	6.40019e+06
15.521	1097.57	6.40019e+06
15.522	1097.64	6.40019e+06
15.523	1097.71	6.40019e+06
15.524	1097.78	6.40019e+06
15.525	1097.85	6.40019e+06
15.526	1097.92	6.40019e+06
15.527	1098	6.40019e+06
15.528	1098.07	6.40019e+06
15.529	1098.14	6.40019e+06
15.53	1098.21	6.40019e+06
15.531	1098.28	6.40019e+06
15.532	1098.35	6.40019e+06
15.533	1098.42	6.40019e+06
15.534	1098.49	6.40019e+06
15.535	1098.56	6.40019e+06
15.536	1098.63	6.40019e+06
15.537	1098.7	6.40019e+06
15.538	1098.77	6.40019e+06
15.539	1098.84	6.40019e+06
15.54	1098.91	6.40019e+06
15.541	1098.99	6.40019e+06
15.542	1099.06	6.40019e+06
15.543	1099.13	6.40019e+06
15.544	1099.2	6.40019e+06
15.545	1099.27	6.40019e+06
15.546	1099.34	6.40019e+06
15.547	1099.41	6.40019e+06
15.548	1099.48	6.40019e+06
15.549	1099.55	6.40019e+06
15.55	1099.62	6.40019e+06
15.551	1099.69	6.40019e+06
15.552	1099.76	6.40019e+06
15.553	1099.83	6.40019e+06
15.554	1099.9	6.40019e+06
15.555	1099.98	6.40018e+06
15.556	1100.05	6.40018e+06
15.557	1100.12	6.40018e+06
15.558	1100.19	6.40018e+06
15.559	1100.26	6.40018e+06
15.56	1100.33	6.40018e+06
15.561	1100.4	6.40018e+06
15.562	1100.47	6.40018e+06
15.563	1100.54	6.40018e+06
15.564	1100.61	6.40018e+06
15.565	1100.68	6.40018e+06
15.566	1100.75	6.40018e+06
15.567	1100.82	6.40018e+06
15.568	1100.89	6.40018e+06
15.569	1100.97	6.40018e+06
15.57	1101.04	6.40018e+06
15.571	1101.11	6.40018e+06
15.572	1101.18	6.40018e+06
15.573	1101.25	6.40018e+06
15.574	1101.32	6.40018e+06
15.575	1101.39	6.40018e+06
15.576	1101.46	6.40018e+06
15.577	1101.53	6.40018e+06
15.578	1101.6	6.40018e+06
15.579	1101.67	6.40018e+06
15.58	1101.74	6.40018e+06
15.581	1101.81	6.40018e+06
15.582	1101.88	6.40018e+06
15.583	1101.96	6.40018e+06
15.584	1102.03	6.40018e+06
15.585	1102.1	6.40018e+06
15.586	1102.17	6.40018e+06
15.587	1102.24	6.40018e+06
15.588	1102.31	6.40018e+06
15.589	1102.38	6.40018e+06
15.59	1102.45	6.40018e+06
15.591	1102.52	6.40018e+06
15.592	1102.59	6.40018e+06
15.593	1102.66	6.40018e+06
15.594	1102.73	6.40018e+06
15.595	1102.8	6.40018e+06
15.596	1102.87	6.40018e+06
15.597	1102.95	6.40018e+06
15.598	1103.02	6.40018e+06
15.599	1103.09	6.40018e+06
15.6	1103.16	6.40018e+06
15.601	1103.23	6.40018e+06
15.602	1103.3	6.40018e+06
15.603	1103.37	6.40018e+06
15.604	1103.44	6.40018e+06
15.605	1103.51	6.40018e+06
15.606	1103.58	6.40018e+06
15.607	1103.65	6.40018e+06
15.608	1103.72	6.40018e+06
15.609	1103.79	6.40018e+06
15.61	1103.86	6.40018e+06
15.611	1103.94	6.40018e+06
15.612	1104.01	6.40018e+06
15.613	1104.08	6.40018e+06
15.614	1104.15	6.40018e+06
15.615	1104.22	6.40018e+06
15.616	1104.29	6.40018e+06
15.617	1104.36	6.40018e+06
15.618	1104.43	6.40018e+06
15.619	1104.5	6.40018e+06
15.62	1104.57	6.40018e+06
15.621	1104.64	6.40018e+06
15.622	1104.71	6.40018e+06
15.623	1104.78	6.40018e+06
15.624	1104.85	6.40018e+06
15.625	1104.93	6.40018e+06
15.626	1105	6.40018e+06
15.627	1105.07	6.40018e+06
15.628	1105.14	6.40018e+06
15.629	1105.21	6.40018e+06
15.63	1105.28	6.40018e+06
15.631	1105.35	6.40018e+06
15.632	1105.42	6.40018e+06
15.633	1105.49	6.40018e+06
15.634	1105.56	6.40018e+06
15.635	1105.63	6.40018e+06
15.636	1105.7	6.40018e+06
15.637	1105.77	6.40018e+06
15.638	1105.84	6.40018e+06
15.639	1105.92	6.40018e+06
15.64	1105.99	6.40018e+06
15.641	1106.06	6.40018e+06
15.642	1106.13	6.40018e+06
15.643	1106.2	6.40018e+06
15.644	1106.27	6.40018e+06
15.645	1106.34	6.40018e+06
15.646	1106.41	6.40018e+06
15.647	1106.48	6.40018e+06
15.648	1106.55	6.40018e+06
15.649	1106.62	6.40018e+06
15.65	1106.69	6.40018e+06
15.651	1106.76	6.40018e+06
15.652	1106.83	6.40018e+06
15.653	1106.9	6.40018e+06
15.654	1106.98	6.40018e+06
15.655	1107.05	6.40018e+06
15.656	1107.12	6.40018e+06
15.657	1107.19	6.40018e+06
15.658	1107.26	6.40018e+06
15.659	1107.33	6.40018e+06
15.66	1107.4	6.40018e+06
15.661	1107.47	6.40018e+06
15.662	1107.54	6.40018e+06
15.663	1107.61	6.40018e+06
15.664	1107.68	6.40018e+06
15.665	1107.75	6.40018e+06
15.666	1107.82	6.40018e+06
15.667	1107.89	6.40018e+06
15.668	1107.97	6.40018e+06
15.669	1108.04	6.40018e+06
15.67	1108.11	6.40018e+06
15.671	1108.18	6.40018e+06
15.672	1108.25	6.40018e+06
15.673	1108.32	6.40018e+06
15.674	1108.39	6.40018e+06
15.675	1108.46	6.40018e+06
15.676	1108.53	6.40018e+06
15.677	1108.6	6.40018e+06
15.678	1108.67	6.40018e+06
15.679	1108.74	6.40018e+06
15.68	1108.81	6.40018e+06
15.681	1108.88	6.40018e+06
15.682	1108.96	6.40018e+06
15.683	1109.03	6.40018e+06
15.684	1109.1	6.40018e+06
15.685	1109.17	6.40018e+06
15.686	1109.24	6.40018e+06
15.687	1109.31	6.40018e+06
15.688	1109.38	6.40018e+06
15.689	1109.45	6.40018e+06
15.69	1109.52	6.40018e+06
15.691	1109.59	6.40018e+06
15.692	1109.66	6.40018e+06
15.693	1109.73	6.40018e+06
15.694	1109.8	6.40018e+06
15.695	1109.87	6.40018e+06
15.696	1109.95	6.40018e+06
15.697	1110.02	6.40018e+06
15.698	1110.09	6.40018e+06
15.699	1110.16	6.40018e+06
15.7	1110.23	6.40018e+06
15.701	1110.3	6.40018e+06
15.702	1110.37	6.40018e+06
15.703	1110.44	6.40018e+06
15.704	1110.51	6.40018e+06
15.705	1110.58	6.40018e+06
15.706	1110.65	6.40018e+06
15.707	1110.72	6.40018e+06
15.708	1110.79	6.40018e+06
15.709	1110.86	6.40018e+06
15.71	1110.94	6.40018e+06
15.711	1111.01	6.40018e+06
15.712	1111.08	6.40018e+06
15.713	1111.15	6.40018e+06
15.714	1111.22	6.40018e+06
15.715	1111.29	6.40018e+06
15.716	1111.36	6.40018e+06
15.717	1111.43	6.40018e+06
15.718	1111.5	6.40018e+06
15.719	1111.57	6.40018e+06
15.72	1111.64	6.40018e+06
15.721	1111.71	6.40018e+06
15.722	1111.78	6.40018e+06
15.723	1111.85	6.40018e+06
15.724	1111.93	6.40018e+06
15.725	1112	6.40018e+06
15.726	1112.07	6.40018e+06
15.727	1112.14	6.40018e+06
15.728	1112.21	6.40018e+06
15.729	1112.28	6.40018e+06
15.73	1112.35	6.40018e+06
15.731	1112.42	6.40018e+06
15.732	1112.49	6.40018e+06
15.733	1112.56	6.40018e+06
15.734	1112.63	6.40018e+06
15.735	1112.7	6.40018e+06
15.736	1112.77	6.40018e+06
15.737	1112.84	6.40018e+06
15.738	1112.92	6.40018e+06
15.739	1112.99	6.40018e+06
15.74	1113.06	6.40018e+06
15.741	1113.13	6.40018e+06
15.742	1113.2	6.40018e+06
15.743	1113.27	6.40018e+06
15.744	1113.34	6.40018e+06
15.745	1113.41	6.40018e+06
15.746	1113.48	6.40018e+06
15.747	1113.55	6.40018e+06
15.748	1113.62	6.40018e+06
15.749	1113.69	6.40018e+06
15.75	1113.76	6.40018e+06
15.751	1113.83	6.40018e+06
15.752	1113.91	6.40018e+06
15.753	1113.98	6.40018e+06
15.754	1114.05	6.40018e+06
15.755	1114.12	6.40018e+06
15.756	1114.19	6.40018e+06
15.757	1114.26	6.40018e+06
15.758	1114.33	6.40018e+06
15.759	1114.4	6.40018e+06
15.76	1114.47	6.40018e+06
15.761	1114.54	6.40018e+06
15.762	1114.61	6.40018e+06
15.763	1114.68	6.40018e+06
15.764	1114.75	6.40018e+06
15.765	1114.82	6.40018e+06
15.766	1114.9	6.40018e+06
15.767	1114.97	6.40018e+06
15.768	1115.04	6.40018e+06
15.769	1115.11	6.40018e+06
15.77	1115.18	6.40018e+06
15.771	1115.25	6.40018e+06
15.772	1115.32	6.40018e+06
15.773	1115.39	6.40018e+06
15.774	1115.46	6.40018e+06
15.775	1115.53	6.40017e+06
15.776	1115.6	6.40017e+06
15.777	1115.67	6.40017e+06
15.778	1115.74	6.40017e+06
15.779	1115.81	6.40017e+06
15.78	1115.89	6.40017e+06
15.781	1115.96	6.40017e+06
15.782	1116.03	6.40017e+06
15.783	1116.1	6.40017e+06
15.784	1116.17	6.40017e+06
15.785	1116.24	6.40017e+06
15.786	1116.31	6.40017e+06
15.787	1116.38	6.40017e+06
15.788	1116.45	6.40017e+06
15.789	1116.52	6.40017e+06
15.79	1116.59	6.40017e+06
15.791	1116.66	6.40017e+06
15.792	1116.73	6.40017e+06
15.793	1116.8	6.40017e+06
15.794	1116.88	6.40017e+06
15.795	1116.95	6.40017e+06
15.796	1117.02	6.40017e+06
15.797	1117.09	6.40017e+06
15.798	1117.16	6.40017e+06
15.799	1117.23	6.40017e+06
15.8	1117.3	6.40017e+06
15.801	1117.37	6.40017e+06
15.802	1117.44	6.40017e+06
15.803	1117.51	6.40017e+06
15.804	1117.58	6.40017e+06
15.805	1117.65	6.40017e+06
15.806	1117.72	6.40017e+06
15.807	1117.79	6.40017e+06
15.808	1117.87	6.40017e+06
15.809	1117.94	6.40017e+06
15.81	1118.01	6.40017e+06
15.811	1118.08	6.40017e+06
15.812	1118.15	6.40017e+06
15.813	1118.22	6.40017e+06
15.814	1118.29	6.40017e+06
15.815	1118.36	6.40017e+06
15.816	1118.43	6.40017e+06
15.817	1118.5	6.40017e+06
15.818	1118.57	6.40017e+06
15.819	1118.64	6.40017e+06
15.82	1118.71	6.40017e+06
15.821	1118.78	6.40017e+06
15.822	1118.86	6.40017e+06
15.823	1118.93	6.40017e+06
15.824	1119	6.40017e+06
15.825	1119.07	6.40017e+06
15.826	1119.14	6.40017e+06
15.827	1119.21	6.40017e+06
15.828	1119.28	6.40017e+06
15.829	1119.35	6.40017e+06
15.83	1119.42	6.40017e+06
15.831	1119.49	6.40017e+06
15.832	1119.56	6.40017e+06
15.833	1119.63	6.40017e+06
15.834	1119.7	6.40017e+06
15.835	1119.77	6.40017e+06
15.836	1119.85	6.40017e+06
15.837	1119.92	6.40017e+06
15.838	1119.99	6.40017e+06
15.839	1120.06	6.40017e+06
15.84	1120.13	6.40017e+06
15.841	1120.2	6.40017e+06
15.842	1120.27	6.40017e+06
15.843	1120.34	6.40017e+06
15.844	1120.41	6.40017e+06
15.845	1120.48	6.40017e+06
15.846	1120.55	6.40017e+06
15.847	1120.62	6.40017e+06
15.848	1120.69	6.40017e+06
15.849	1120.76	6.40017e+06
15.85	1120.83	6.40017e+06
15.851	1120.91	6.40017e+06
15.852	1120.98	6.40017e+06
15.853	1121.05	6.40017e+06
15.854	1121.12	6.40017e+06
15.855	1121.19	6.40017e+06
15.856	1121.26	6.40017e+06
15.857	1121.33	6.40017e+06
15.858	1121.4	6.40017e+06
15.859	1121.47	6.40017e+06
15.86	1121.54	6.40017e+06
15.861	1121.61	6.40017e+06
15.862	1121.68	6.40017e+06
15.863	1121.75	6.40017e+06
15.864	1121.82	6.40017e+06
15.865	1121.9	6.40017e+06
15.866	1121.97	6.40017e+06
15.867	1122.04	6.40017e+06
15.868	1122.11	6.40017e+06
15.869	1122.18	6.40017e+06
15.87	1122.25	6.40017e+06
15.871	1122.32	6.40017e+06
15.872	1122.39	6.40017e+06
15.873	1122.46	6.40017e+06
15.874	1122.53	6.40017e+06
15.875	1122.6	6.40017e+06
15.876	1122.67	6.40017e+06
15.877	1122.74	6.40017e+06
15.878	1122.81	6.40017e+06
15.879	1122.89	6.40017e+06
15.88	1122.96	6.40017e+06
15.881	1123.03	6.40017e+06
15.882	1123.1	6.40017e+06
15.883	1123.17	6.40017e+06
15.884	1123.24	6.40017e+06
15.885	1123.31	6.40017e+06
15.886	1123.38	6.40017e+06
15.887	1123.45	6.40017e+06
15.888	1123.52	6.40017e+06
15.889	1123.59	6.40017e+06
15.89	1123.66	6.40017e+06
15.891	1123.73	6.40017e+06
15.892	1123.8	6.40017e+06
15.893	1123.88	6.40017e+06
15.894	1123.95	6.40017e+06
15.895	1124.02	6.40017e+06
15.896	1124.09	6.40017e+06
15.897	1124.16	6.40017e+06
15.898	1124.23	6.40017e+06
15.899	1124.3	6.40017e+06
15.9	1124.37	6.40017e+06
15.901	1124.44	6.40017e+06
15.902	1124.51	6.40017e+06
15.903	1124.58	6.40017e+06
15.904	1124.65	6.40017e+06
15.905	1124.72	6.40017e+06
15.906	1124.79	6.40017e+06
15.907	1124.87	6.40017e+06
15.908	1124.94	6.40017e+06
15.909	1125.01	6.40017e+06
15.91	1125.08	6.40017e+06
15.911	1125.15	6.40017e+06
15.912	1125.22	6.40017e+06
15.913	1125.29	6.40017e+06
15.914	1125.36	6.40017e+06
15.915	1125.43	6.40017e+06
15.916	1125.5	6.40017e+06
15.917	1125.57	6.40017e+06
15.918	1125.64	6.40017e+06
15.919	1125.71	6.40017e+06
15.92	1125.78	6.40017e+06
15.921	1125.86	6.40017e+06
15.922	1125.93	6.40017e+06
15.923	1126	6.40017e+06
15.924	1126.07	6.40017e+06
15.925	1126.14	6.40017e+06
15.926	1126.21	6.40017e+06
15.927	1126.28	6.40017e+06
15.928	1126.35	6.40017e+06
15.929	1126.42	6.40017e+06
15.93	1126.49	6.40017e+06
15.931	1126.56	6.40017e+06
15.932	1126.63	6.40017e+06
15.933	1126.7	6.40017e+06
15.934	1126.77	6.40017e+06
15.935	1126.85	6.40017e+06
15.936	1126.92	6.40017e+06
15.937	1126.99	6.40017e+06
15.938	1127.06	6.40017e+06
15.939	1127.13	6.40017e+06
15.94	1127.2	6.40017e+06
15.941	1127.27	6.40017e+06
15.942	1127.34	6.40017e+06
15.943	1127.41	6.40017e+06
15.944	1127.48	6.40017e+06
15.945	1127.55	6.40017e+06
15.946	1127.62	6.40017e+06
15.947	1127.69	6.40017e+06
15.948	1127.76	6.40017e+06
15.949	1127.84	6.40017e+06
15.95	1127.91	6.40017e+06
15.951	1127.98	6.40017e+06
15.952	1128.05	6.40017e+06
15.953	1128.12	6.40017e+06
15.954	1128.19	6.40017e+06
15.955	1128.26	6.40017e+06
15.956	1128.33	6.40017e+06
15.957	1128.4	6.40017e+06
15.958	1128.47	6.40017e+06
15.959	1128.54	6.40017e+06
15.96	1128.61	6.40017e+06
15.961	1128.68	6.40017e+06
15.962	1128.75	6.40017e+06
15.963	1128.83	6.40017e+06
15.964	1128.9	6.40017e+06
15.965	1128.97	6.40017e+06
15.966	1129.04	6.40017e+06
15.967	1129.11	6.40017e+06
15.968	1129.18	6.40017e+06
15.969	1129.25	6.40017e+06
15.97	1129.32	6.40017e+06
15.971	1129.39	6.40017e+06
15.972	1129.46	6.40017e+06
15.973	1129.53	6.40017e+06
15.974	1129.6	6.40017e+06
15.975	1129.67	6.40017e+06
15.976	1129.74	6.40017e+06
15.977	1129.82	6.40017e+06
15.978	1129.89	6.40017e+06
15.979	1129.96	6.40017e+06
15.98	1130.03	6.40017e+06
15.981	1130.1	6.40017e+06
15.982	1130.17	6.40017e+06
15.983	1130.24	6.40017e+06
15.984	1130.31	6.40017e+06
15.985	1130.38	6.40017e+06
15.986	1130.45	6.40017e+06
15.987	1130.52	6.40017e+06
15.988	1130.59	6.40016e+06
15.989	1130.66	6.40016e+06
15.99	1130.73	6.40016e+06
15.991	1130.81	6.40016e+06
15.992	1130.88	6.40016e+06
15.993	1130.95	6.40016e+06
15.994	1131.02	6.40016e+06
15.995	1131.09	6.40016e+06
15.996	1131.16	6.40016e+06
15.997	1131.23	6.40016e+06
15.998	1131.3	6.40016e+06
15.999	1131.37	6.40016e+06
16	1131.44	6.40016e+06
16.001	1131.51	6.40016e+06
16.002	1131.58	6.40016e+06
16.003	1131.65	6.40016e+06
16.004	1131.72	6.40016e+06
16.005	1131.8	6.40016e+06
16.006	1131.87	6.40016e+06
16.007	1131.94	6.40016e+06
16.008	1132.01	6.40016e+06
16.009	1132.08	6.40016e+06
16.01	1132.15	6.40016e+06
16.011	1132.22	6.40016e+06
16.012	1132.29	6.40016e+06
16.013	1132.36	6.40016e+06
16.014	1132.43	6.40016e+06
16.015	1132.5	6.40016e+06
16.016	1132.57	6.40016e+06
16.017	1132.64	6.40016e+06
16.018	1132.71	6.40016e+06
16.019	1132.79	6.40016e+06
16.02	1132.86	6.40016e+06
16.021	1132.93	6.40016e+06
16.022	1133	6.40016e+06
16.023	1133.07	6.40016e+06
16.024	1133.14	6.40016e+06
16.025	1133.21	6.40016e+06
16.026	1133.28	6.40016e+06
16.027	1133.35	6.40016e+06
16.028	1133.42	6.40016e+06
16.029	1133.49	6.40016e+06
16.03	1133.56	6.40016e+06
16.031	1133.63	6.40016e+06
16.032	1133.7	6.40016e+06
16.033	1133.78	6.40016e+06
16.034	1133.85	6.40016e+06
16.035	1133.92	6.40016e+06
16.036	1133.99	6.40016e+06
16.037	1134.06	6.40016e+06
16.038	1134.13	6.40016e+06
16.039	1134.2	6.40016e+06
16.04	1134.27	6.40016e+06
16.041	1134.34	6.40016e+06
16.042	1134.41	6.40016e+06
16.043	1134.48	6.40016e+06
16.044	1134.55	6.40016e+06
16.045	1134.62	6.40016e+06
16.046	1134.69	6.40016e+06
16.047	1134.76	6.40016e+06
16.048	1134.84	6.40016e+06
16.049	1134.91	6.40016e+06
16.05	1134.98	6.40016e+06
16.051	1135.05	6.40016e+06
16.052	1135.12	6.40016e+06
16.053	1135.19	6.40016e+06
16.054	1135.26	6.40016e+06
16.055	1135.33	6.40016e+06
16.056	1135.4	6.40016e+06
16.057	1135.47	6.40016e+06
16.058	1135.54	6.40016e+06
16.059	1135.61	6.40016e+06
16.06	1135.68	6.40016e+06
16.061	1135.75	6.40016e+06
16.062	1135.83	6.40016e+06
16.063	1135.9	6.40016e+06
16.064	1135.97	6.40016e+06
16.065	1136.04	6.40016e+06
16.066	1136.11	6.40016e+06
16.067	1136.18	6.40016e+06
16.068	1136.25	6.40016e+06
16.069	1136.32	6.40016e+06
16.07	1136.39	6.40016e+06
16.071	1136.46	6.40016e+06
16.072	1136.53	6.40016e+06
16.073	1136.6	6.40016e+06
16.074	1136.67	6.40016e+06
16.075	1136.74	6.40016e+06
16.076	1136.82	6.40016e+06
16.077	1136.89	6.40016e+06
16.078	1136.96	6.40016e+06
16.079	1137.03	6.40016e+06
16.08	1137.1	6.40016e+06
16.081	1137.17	6.40016e+06
16.082	1137.24	6.40016e+06
16.083	1137.31	6.40016e+06
16.084	1137.38	6.40016e+06
16.085	1137.45	6.40016e+06
16.086	1137.52	6.40016e+06
16.087	1137.59	6.40016e+06
16.088	1137.66	6.40016e+06
16.089	1137.73	6.40016e+06
16.09	1137.81	6.40016e+06
16.091	1137.88	6.40016e+06
16.092	1137.95	6.40016e+06
16.093	1138.02	6.40016e+06
16.094	1138.09	6.40016e+06
16.095	1138.16	6.40016e+06
16.096	1138.23	6.40016e+06
16.097	1138.3	6.40016e+06
16.098	1138.37	6.40016e+06
16.099	1138.44	6.40016e+06
16.1	1138.51	6.40016e+06
16.101	1138.58	6.40016e+06
16.102	1138.65	6.40016e+06
16.103	1138.72	6.40016e+06
16.104	1138.8	6.40016e+06
16.105	1138.87	6.40016e+06
16.106	1138.94	6.40016e+06
16.107	1139.01	6.40016e+06
16.108	1139.08	6.40016e+06
16.109	1139.15	6.40016e+06
16.11	1139.22	6.40016e+06
16.111	1139.29	6.40016e+06
16.112	1139.36	6.40016e+06
16.113	1139.43	6.40016e+06
16.114	1139.5	6.40016e+06
16.115	1139.57	6.40016e+06
16.116	1139.64	6.40016e+06
16.117	1139.71	6.40016e+06
16.118	1139.79	6.40016e+06
16.119	1139.86	6.40016e+06
16.12	1139.93	6.40016e+06
16.121	1140	6.40016e+06
16.122	1140.07	6.40016e+06
16.123	1140.14	6.40016e+06
16.124	1140.21	6.40016e+06
16.125	1140.28	6.40016e+06
16.126	1140.35	6.40016e+06
16.127	1140.42	6.40016e+06
16.128	1140.49	6.40016e+06
16.129	1140.56	6.40016e+06
16.13	1140.63	6.40016e+06
16.131	1140.7	6.40016e+06
16.132	1140.78	6.40016e+06
16.133	1140.85	6.40016e+06
16.134	1140.92	6.40016e+06
16.135	1140.99	6.40016e+06
16.136	1141.06	6.40016e+06
16.137	1141.13	6.40016e+06
16.138	1141.2	6.40016e+06
16.139	1141.27	6.40016e+06
16.14	1141.34	6.40016e+06
16.141	1141.41	6.40016e+06
16.142	1141.48	6.40016e+06
16.143	1141.55	6.40016e+06
16.144	1141.62	6.40016e+06
16.145	1141.69	6.40016e+06
16.146	1141.77	6.40016e+06
16.147	1141.84	6.40016e+06
16.148	1141.91	6.40016e+06
16.149	1141.98	6.40016e+06
16.15	1142.05	6.40016e+06
16.151	1142.12	6.40016e+06
16.152	1142.19	6.40016e+06
16.153	1142.26	6.40016e+06
16.154	1142.33	6.40016e+06
16.155	1142.4	6.40016e+06
16.156	1142.47	6.40016e+06
16.157	1142.54	6.40016e+06
16.158	1142.61	6.40016e+06
16.159	1142.68	6.40016e+06
16.16	1142.76	6.40016e+06
16.161	1142.83	6.40016e+06
16.162	1142.9	6.40016e+06
16.163	1142.97	6.40016e+06
16.164	1143.04	6.40016e+06
16.165	1143.11	6.40016e+06
16.166	1143.18	6.40016e+06
16.167	1143.25	6.40016e+06
16.168	1143.32	6.40016e+06
16.169	1143.39	6.40016e+06
16.17	1143.46	6.40016e+06
16.171	1143.53	6.40016e+06
16.172	1143.6	6.40016e+06
16.173	1143.67	6.40016e+06
16.174	1143.75	6.40016e+06
16.175	1143.82	6.40016e+06
16.176	1143.89	6.40016e+06
16.177	1143.96	6.40016e+06
16.178	1144.03	6.40016e+06
16.179	1144.1	6.40016e+06
16.18	1144.17	6.40016e+06
16.181	1144.24	6.40016e+06
16.182	1144.31	6.40016e+06
16.183	1144.38	6.40016e+06
16.184	1144.45	6.40016e+06
16.185	1144.52	6.40016e+06
16.186	1144.59	6.40016e+06
16.187	1144.66	6.40016e+06
16.188	1144.74	6.40016e+06
16.189	1144.81	6.40016e+06
16.19	1144.88	6.40016e+06
16.191	1144.95	6.40016e+06
16.192	1145.02	6.40016e+06
16.193	1145.09	6.40016e+06
16.194	1145.16	6.40016e+06
16.195	1145.23	6.40015e+06
16.196	1145.3	6.40015e+06
16.197	1145.37	6.40015e+06
16.198	1145.44	6.40015e+06
16.199	1145.51	6.40015e+06
16.2	1145.58	6.40015e+06
16.201	1145.65	6.40015e+06
16.202	1145.73	6.40015e+06
16.203	1145.8	6.40015e+06
16.204	1145.87	6.40015e+06
16.205	1145.94	6.40015e+06
16.206	1146.01	6.40015e+06
16.207	1146.08	6.40015e+06
16.208	1146.15	6.40015e+06
16.209	1146.22	6.40015e+06
16.21	1146.29	6.40015e+06
16.211	1146.36	6.40015e+06
16.212	1146.43	6.40015e+06
16.213	1146.5	6.40015e+06
16.214	1146.57	6.40015e+06
16.215	1146.64	6.40015e+06
16.216	1146.72	6.40015e+06
16.217	1146.79	6.40015e+06
16.218	1146.86	6.40015e+06
16.219	1146.93	6.40015e+06
16.22	1147	6.40015e+06
16.221	1147.07	6.40015e+06
16.222	1147.14	6.40015e+06
16.223	1147.21	6.40015e+06
16.224	1147.28	6.40015e+06
16.225	1147.35	6.40015e+06
16.226	1147.42	6.40015e+06
16.227	1147.49	6.40015e+06
16.228	1147.56	6.40015e+06
16.229	1147.63	6.40015e+06
16.23	1147.71	6.40015e+06
16.231	1147.78	6.40015e+06
16.232	1147.85	6.40015e+06
16.233	1147.92	6.40015e+06
16.234	1147.99	6.40015e+06
16.235	1148.06	6.40015e+06
16.236	1148.13	6.40015e+06
16.237	1148.2	6.40015e+06
16.238	1148.27	6.40015e+06
16.239	1148.34	6.40015e+06
16.24	1148.41	6.40015e+06
16.241	1148.48	6.40015e+06
16.242	1148.55	6.40015e+06
16.243	1148.62	6.40015e+06
16.244	1148.69	6.40015e+06
16.245	1148.77	6.40015e+06
16.246	1148.84	6.40015e+06
16.247	1148.91	6.40015e+06
16.248	1148.98	6.40015e+06
16.249	1149.05	6.40015e+06
16.25	1149.12	6.40015e+06
16.251	1149.19	6.40015e+06
16.252	1149.26	6.40015e+06
16.253	1149.33	6.40015e+06
16.254	1149.4	6.40015e+06
16.255	1149.47	6.40015e+06
16.256	1149.54	6.40015e+06
16.257	1149.61	6.40015e+06
16.258	1149.68	6.40015e+06
16.259	1149.76	6.40015e+06
16.26	1149.83	6.40015e+06
16.261	1149.9	6.40015e+06
16.262	1149.97	6.40015e+06
16.263	1150.04	6.40015e+06
16.264	1150.11	6.40015e+06
16.265	1150.18	6.40015e+06
16.266	1150.25	6.40015e+06
16.267	1150.32	6.40015e+06
16.268	1150.39	6.40015e+06
16.269	1150.46	6.40015e+06
16.27	1150.53	6.40015e+06
16.271	1150.6	6.40015e+06
16.272	1150.67	6.40015e+06
16.273	1150.75	6.40015e+06
16.274	1150.82	6.40015e+06
16.275	1150.89	6.40015e+06
16.276	1150.96	6.40015e+06
16.277	1151.03	6.40015e+06
16.278	1151.1	6.40015e+06
16.279	1151.17	6.40015e+06
16.28	1151.24	6.40015e+06
16.281	1151.31	6.40015e+06
16.282	1151.38	6.40015e+06
16.283	1151.45	6.40015e+06
16.284	1151.52	6.40015e+06
16.285	1151.59	6.40015e+06
16.286	1151.66	6.40015e+06
16.287	1151.74	6.40015e+06
16.288	1151.81	6.40015e+06
16.289	1151.88	6.40015e+06
16.29	1151.95	6.40015e+06
16.291	1152.02	6.40015e+06
16.292	1152.09	6.40015e+06
16.293	1152.16	6.40015e+06
16.294	1152.23	6.40015e+06
16.295	1152.3	6.40015e+06
16.296	1152.37	6.40015e+06
16.297	1152.44	6.40015e+06
16.298	1152.51	6.40015e+06
16.299	1152.58	6.40015e+06
16.3	1152.65	6.40015e+06
16.301	1152.73	6.40015e+06
16.302	1152.8	6.40015e+06
16.303	1152.87	6.40015e+06
16.304	1152.94	6.40015e+06
16.305	1153.01	6.40015e+06
16.306	1153.08	6.40015e+06
16.307	1153.15	6.40015e+06
16.308	1153.22	6.40015e+06
16.309	1153.29	6.40015e+06
16.31	1153.36	6.40015e+06
16.311	1153.43	6.40015e+06
16.312	1153.5	6.40015e+06
16.313	1153.57	6.40015e+06
16.314	1153.64	6.40015e+06
16.315	1153.72	6.40015e+06
16.316	1153.79	6.40015e+06
16.317	1153.86	6.40015e+06
16.318	1153.93	6.40015e+06
16.319	1154	6.40015e+06
16.32	1154.07	6.40015e+06
16.321	1154.14	6.40015e+06
16.322	1154.21	6.40015e+06
16.323	1154.28	6.40015e+06
16.324	1154.35	6.40015e+06
16.325	1154.42	6.40015e+06
16.326	1154.49	6.40015e+06
16.327	1154.56	6.40015e+06
16.328	1154.63	6.40015e+06
16.329	1154.71	6.40015e+06
16.33	1154.78	6.40015e+06
16.331	1154.85	6.40015e+06
16.332	1154.92	6.40015e+06
16.333	1154.99	6.40015e+06
16.334	1155.06	6.40015e+06
16.335	1155.13	6.40015e+06
16.336	1155.2	6.40015e+06
16.337	1155.27	6.40015e+06
16.338	1155.34	6.40015e+06
16.339	1155.41	6.40015e+06
16.34	1155.48	6.40015e+06
16.341	1155.55	6.40015e+06
16.342	1155.62	6.40015e+06
16.343	1155.7	6.40015e+06
16.344	1155.77	6.40015e+06
16.345	1155.84	6.40015e+06
16.346	1155.91	6.40015e+06
16.347	1155.98	6.40015e+06
16.348	1156.05	6.40015e+06
16.349	1156.12	6.40015e+06
16.35	1156.19	6.40015e+06
16.351	1156.26	6.40015e+06
16.352	1156.33	6.40015e+06
16.353	1156.4	6.40015e+06
16.354	1156.47	6.40015e+06
16.355	1156.54	6.40015e+06
16.356	1156.61	6.40015e+06
16.357	1156.69	6.40015e+06
16.358	1156.76	6.40015e+06
16.359	1156.83	6.40015e+06
16.36	1156.9	6.40015e+06
16.361	1156.97	6.40015e+06
16.362	1157.04	6.40015e+06
16.363	1157.11	6.40015e+06
16.364	1157.18	6.40015e+06
16.365	1157.25	6.40015e+06
16.366	1157.32	6.40015e+06
16.367	1157.39	6.40015e+06
16.368	1157.46	6.40015e+06
16.369	1157.53	6.40015e+06
16.37	1157.6	6.40015e+06
16.371	1157.68	6.40015e+06
16.372	1157.75	6.40015e+06
16.373	1157.82	6.40015e+06
16.374	1157.89	6.40015e+06
16.375	1157.96	6.40015e+06
16.376	1158.03	6.40015e+06
16.377	1158.1	6.40015e+06
16.378	1158.17	6.40015e+06
16.379	1158.24	6.40015e+06
16.38	1158.31	6.40015e+06
16.381	1158.38	6.40015e+06
16.382	1158.45	6.40015e+06
16.383	1158.52	6.40015e+06
16.384	1158.59	6.40015e+06
16.385	1158.67	6.40015e+06
16.386	1158.74	6.40015e+06
16.387	1158.81	6.40015e+06
16.388	1158.88	6.40015e+06
16.389	1158.95	6.40015e+06
16.39	1159.02	6.40015e+06
16.391	1159.09	6.40015e+06
16.392	1159.16	6.40015e+06
16.393	1159.23	6.40015e+06
16.394	1159.3	6.40015e+06
16.395	1159.37	6.40015e+06
16.396	1159.44	6.40014e+06
16.397	1159.51	6.40014e+06
16.398	1159.58	6.40014e+06
16.399	1159.66	6.40014e+06
16.4	1159.73	6.40014e+06
16.401	1159.8	6.40014e+06
16.402	1159.87	6.40014e+06
16.403	1159.94	6.40014e+06
16.404	1160.01	6.40014e+06
16.405	1160.08	6.40014e+06
16.406	1160.15	6.40014e+06
16.407	1160.22	6.40014e+06
16.408	1160.29	6.40014e+06
16.409	1160.36	6.40014e+06
16.41	1160.43	6.40014e+06
16.411	1160.5	6.40014e+06
16.412	1160.57	6.40014e+06
16.413	1160.65	6.40014e+06
16.414	1160.72	6.40014e+06
16.415	1160.79	6.40014e+06
16.416	1160.86	6.40014e+06
16.417	1160.93	6.40014e+06
16.418	1161	6.40014e+06
16.419	1161.07	6.40014e+06
16.42	1161.14	6.40014e+06
16.421	1161.21	6.40014e+06
16.422	1161.28	6.40014e+06
16.423	1161.35	6.40014e+06
16.424	1161.42	6.40014e+06
16.425	1161.49	6.40014e+06
16.426	1161.56	6.40014e+06
16.427	1161.64	6.40014e+06
16.428	1161.71	6.40014e+06
16.429	1161.78	6.40014e+06
16.43	1161.85	6.40014e+06
16.431	1161.92	6.40014e+06
16.432	1161.99	6.40014e+06
16.433	1162.06	6.40014e+06
16.434	1162.13	6.40014e+06
16.435	1162.2	6.40014e+06
16.436	1162.27	6.40014e+06
16.437	1162.34	6.40014e+06
16.438	1162.41	6.40014e+06
16.439	1162.48	6.40014e+06
16.44	1162.55	6.40014e+06
16.441	1162.62	6.40014e+06
16.442	1162.7	6.40014e+06
16.443	1162.77	6.40014e+06
16.444	1162.84	6.40014e+06
16.445	1162.91	6.40014e+06
16.446	1162.98	6.40014e+06
16.447	1163.05	6.40014e+06
16.448	1163.12	6.40014e+06
16.449	1163.19	6.40014e+06
16.45	1163.26	6.40014e+06
16.451	1163.33	6.40014e+06
16.452	1163.4	6.40014e+06
16.453	1163.47	6.40014e+06
16.454	1163.54	6.40014e+06
16.455	1163.61	6.40014e+06
16.456	1163.69	6.40014e+06
16.457	1163.76	6.40014e+06
16.458	1163.83	6.40014e+06
16.459	1163.9	6.40014e+06
16.46	1163.97	6.40014e+06
16.461	1164.04	6.40014e+06
16.462	1164.11	6.40014e+06
16.463	1164.18	6.40014e+06
16.464	1164.25	6.40014e+06
16.465	1164.32	6.40014e+06
16.466	1164.39	6.40014e+06
16.467	1164.46	6.40014e+06
16.468	1164.53	6.40014e+06
16.469	1164.6	6.40014e+06
16.47	1164.68	6.40014e+06
16.471	1164.75	6.40014e+06
16.472	1164.82	6.40014e+06
16.473	1164.89	6.40014e+06
16.474	1164.96	6.40014e+06
16.475	1165.03	6.40014e+06
16.476	1165.1	6.40014e+06
16.477	1165.17	6.40014e+06
16.478	1165.24	6.40014e+06
16.479	1165.31	6.40014e+06
16.48	1165.38	6.40014e+06
16.481	1165.45	6.40014e+06
16.482	1165.52	6.40014e+06
16.483	1165.59	6.40014e+06
16.484	1165.67	6.40014e+06
16.485	1165.74	6.40014e+06
16.486	1165.81	6.40014e+06
16.487	1165.88	6.40014e+06
16.488	1165.95	6.40014e+06
16.489	1166.02	6.40014e+06
16.49	1166.09	6.40014e+06
16.491	1166.16	6.40014e+06
16.492	1166.23	6.40014e+06
16.493	1166.3	6.40014e+06
16.494	1166.37	6.40014e+06
16.495	1166.44	6.40014e+06
16.496	1166.51	6.40014e+06
16.497	1166.58	6.40014e+06
16.498	1166.66	6.40014e+06
16.499	1166.73	6.40014e+06
16.5	1166.8	6.40014e+06
16.501	1166.87	6.40014e+06
16.502	1166.94	6.40014e+06
16.503	1167.01	6.40014e+06
16.504	1167.08	6.40014e+06
16.505	1167.15	6.40014e+06
16.506	1167.22	6.40014e+06
16.507	1167.29	6.40014e+06
16.508	1167.36	6.40014e+06
16.509	1167.43	6.40014e+06
16.51	1167.5	6.40014e+06
16.511	1167.57	6.40014e+06
16.512	1167.65	6.40014e+06
16.513	1167.72	6.40014e+06
16.514	1167.79	6.40014e+06
16.515	1167.86	6.40014e+06
16.516	1167.93	6.40014e+06
16.517	1168	6.40014e+06
16.518	1168.07	6.40014e+06
16.519	1168.14	6.40014e+06
16.52	1168.21	6.40014e+06
16.521	1168.28	6.40014e+06
16.522	1168.35	6.40014e+06
16.523	1168.42	6.40014e+06
16.524	1168.49	6.40014e+06
16.525	1168.56	6.40014e+06
16.526	1168.64	6.40014e+06
16.527	1168.71	6.40014e+06
16.528	1168.78	6.40014e+06
16.529	1168.85	6.40014e+06
16.53	1168.92	6.40014e+06
16.531	1168.99	6.40014e+06
16.532	1169.06	6.40014e+06
16.533	1169.13	6.40014e+06
16.534	1169.2	6.40014e+06
16.535	1169.27	6.40014e+06
16.536	1169.34	6.40014e+06
16.537	1169.41	6.40014e+06
16.538	1169.48	6.40014e+06
16.539	1169.55	6.40014e+06
16.54	1169.63	6.40014e+06
16.541	1169.7	6.40014e+06
16.542	1169.77	6.40014e+06
16.543	1169.84	6.40014e+06
16.544	1169.91	6.40014e+06
16.545	1169.98	6.40014e+06
16.546	1170.05	6.40014e+06
16.547	1170.12	6.40014e+06
16.548	1170.19	6.40014e+06
16.549	1170.26	6.40014e+06
16.55	1170.33	6.40014e+06
16.551	1170.4	6.40014e+06
16.552	1170.47	6.40014e+06
16.553	1170.54	6.40014e+06
16.554	1170.62	6.40014e+06
16.555	1170.69	6.40014e+06
16.556	1170.76	6.40014e+06
16.557	1170.83	6.40014e+06
16.558	1170.9	6.40014e+06
16.559	1170.97	6.40014e+06
16.56	1171.04	6.40014e+06
16.561	1171.11	6.40014e+06
16.562	1171.18	6.40014e+06
16.563	1171.25	6.40014e+06
16.564	1171.32	6.40014e+06
16.565	1171.39	6.40014e+06
16.566	1171.46	6.40014e+06
16.567	1171.53	6.40014e+06
16.568	1171.61	6.40014e+06
16.569	1171.68	6.40014e+06
16.57	1171.75	6.40014e+06
16.571	1171.82	6.40014e+06
16.572	1171.89	6.40014e+06
16.573	1171.96	6.40014e+06
16.574	1172.03	6.40014e+06
16.575	1172.1	6.40014e+06
16.576	1172.17	6.40014e+06
16.577	1172.24	6.40014e+06
16.578	1172.31	6.40014e+06
16.579	1172.38	6.40014e+06
16.58	1172.45	6.40014e+06
16.581	1172.52	6.40014e+06
16.582	1172.6	6.40014e+06
16.583	1172.67	6.40014e+06
16.584	1172.74	6.40014e+06
16.585	1172.81	6.40014e+06
16.586	1172.88	6.40014e+06
16.587	1172.95	6.40014e+06
16.588	1173.02	6.40014e+06
16.589	1173.09	6.40014e+06
16.59	1173.16	6.40014e+06
16.591	1173.23	6.40014e+06
16.592	1173.3	6.40013e+06
16.593	1173.37	6.40013e+06
16.594	1173.44	6.40013e+06
16.595	1173.51	6.40013e+06
16.596	1173.59	6.40013e+06
16.597	1173.66	6.40013e+06
16.598	1173.73	6.40013e+06
16.599	1173.8	6.40013e+06
16.6	1173.87	6.40013e+06
16.601	1173.94	6.40013e+06
16.602	1174.01	6.40013e+06
16.603	1174.08	6.40013e+06
16.604	1174.15	6.40013e+06
16.605	1174.22	6.40013e+06
16.606	1174.29	6.40013e+06
16.607	1174.36	6.40013e+06
16.608	1174.43	6.40013e+06
16.609	1174.5	6.40013e+06
16.61	1174.58	6.40013e+06
16.611	1174.65	6.40013e+06
16.612	1174.72	6.40013e+06
16.613	1174.79	6.40013e+06
16.614	1174.86	6.40013e+06
16.615	1174.93	6.40013e+06
16.616	1175	6.40013e+06
16.617	1175.07	6.40013e+06
16.618	1175.14	6.40013e+06
16.619	1175.21	6.40013e+06
16.62	1175.28	6.40013e+06
16.621	1175.35	6.40013e+06
16.622	1175.42	6.40013e+06
16.623	1175.49	6.40013e+06
16.624	1175.57	6.40013e+06
16.625	1175.64	6.40013e+06
16.626	1175.71	6.40013e+06
16.627	1175.78	6.40013e+06
16.628	1175.85	6.40013e+06
16.629	1175.92	6.40013e+06
16.63	1175.99	6.40013e+06
16.631	1176.06	6.40013e+06
16.632	1176.13	6.40013e+06
16.633	1176.2	6.40013e+06
16.634	1176.27	6.40013e+06
16.635	1176.34	6.40013e+06
16.636	1176.41	6.40013e+06
16.637	1176.48	6.40013e+06
16.638	1176.55	6.40013e+06
16.639	1176.63	6.40013e+06
16.64	1176.7	6.40013e+06
16.641	1176.77	6.40013e+06
16.642	1176.84	6.40013e+06
16.643	1176.91	6.40013e+06
16.644	1176.98	6.40013e+06
16.645	1177.05	6.40013e+06
16.646	1177.12	6.40013e+06
16.647	1177.19	6.40013e+06
16.648	1177.26	6.40013e+06
16.649	1177.33	6.40013e+06
16.65	1177.4	6.40013e+06
16.651	1177.47	6.40013e+06
16.652	1177.54	6.40013e+06
16.653	1177.62	6.40013e+06
16.654	1177.69	6.40013e+06
16.655	1177.76	6.40013e+06
16.656	1177.83	6.40013e+06
16.657	1177.9	6.40013e+06
16.658	1177.97	6.40013e+06
16.659	1178.04	6.40013e+06
16.66	1178.11	6.40013e+06
16.661	1178.18	6.40013e+06
16.662	1178.25	6.40013e+06
16.663	1178.32	6.40013e+06
16.664	1178.39	6.40013e+06
16.665	1178.46	6.40013e+06
16.666	1178.53	6.40013e+06
16.667	1178.61	6.40013e+06
16.668	1178.68	6.40013e+06
16.669	1178.75	6.40013e+06
16.67	1178.82	6.40013e+06
16.671	1178.89	6.40013e+06
16.672	1178.96	6.40013e+06
16.673	1179.03	6.40013e+06
16.674	1179.1	6.40013e+06
16.675	1179.17	6.40013e+06
16.676	1179.24	6.40013e+06
16.677	1179.31	6.40013e+06
16.678	1179.38	6.40013e+06
16.679	1179.45	6.40013e+06
16.68	1179.52	6.40013e+06
16.681	1179.6	6.40013e+06
16.682	1179.67	6.40013e+06
16.683	1179.74	6.40013e+06
16.684	1179.81	6.40013e+06
16.685	1179.88	6.40013e+06
16.686	1179.95	6.40013e+06
16.687	1180.02	6.40013e+06
16.688	1180.09	6.40013e+06
16.689	1180.16	6.40013e+06
16.69	1180.23	6.40013e+06
16.691	1180.3	6.40013e+06
16.692	1180.37	6.40013e+06
16.693	1180.44	6.40013e+06
16.694	1180.51	6.40013e+06
16.695	1180.59	6.40013e+06
16.696	1180.66	6.40013e+06
16.697	1180.73	6.40013e+06
16.698	1180.8	6.40013e+06
16.699	1180.87	6.40013e+06
16.7	1180.94	6.40013e+06
16.701	1181.01	6.40013e+06
16.702	1181.08	6.40013e+06
16.703	1181.15	6.40013e+06
16.704	1181.22	6.40013e+06
16.705	1181.29	6.40013e+06
16.706	1181.36	6.40013e+06
16.707	1181.43	6.40013e+06
16.708	1181.5	6.40013e+06
16.709	1181.58	6.40013e+06
16.71	1181.65	6.40013e+06
16.711	1181.72	6.40013e+06
16.712	1181.79	6.40013e+06
16.713	1181.86	6.40013e+06
16.714	1181.93	6.40013e+06
16.715	1182	6.40013e+06
16.716	1182.07	6.40013e+06
16.717	1182.14	6.40013e+06
16.718	1182.21	6.40013e+06
16.719	1182.28	6.40013e+06
16.72	1182.35	6.40013e+06
16.721	1182.42	6.40013e+06
16.722	1182.49	6.40013e+06
16.723	1182.57	6.40013e+06
16.724	1182.64	6.40013e+06
16.725	1182.71	6.40013e+06
16.726	1182.78	6.40013e+06
16.727	1182.85	6.40013e+06
16.728	1182.92	6.40013e+06
16.729	1182.99	6.40013e+06
16.73	1183.06	6.40013e+06
16.731	1183.13	6.40013e+06
16.732	1183.2	6.40013e+06
16.733	1183.27	6.40013e+06
16.734	1183.34	6.40013e+06
16.735	1183.41	6.40013e+06
16.736	1183.48	6.40013e+06
16.737	1183.56	6.40013e+06
16.738	1183.63	6.40013e+06
16.739	1183.7	6.40013e+06
16.74	1183.77	6.40013e+06
16.741	1183.84	6.40013e+06
16.742	1183.91	6.40013e+06
16.743	1183.98	6.40013e+06
16.744	1184.05	6.40013e+06
16.745	1184.12	6.40013e+06
16.746	1184.19	6.40013e+06
16.747	1184.26	6.40013e+06
16.748	1184.33	6.40013e+06
16.749	1184.4	6.40013e+06
16.75	1184.47	6.40013e+06
16.751	1184.55	6.40013e+06
16.752	1184.62	6.40013e+06
16.753	1184.69	6.40013e+06
16.754	1184.76	6.40013e+06
16.755	1184.83	6.40013e+06
16.756	1184.9	6.40013e+06
16.757	1184.97	6.40013e+06
16.758	1185.04	6.40013e+06
16.759	1185.11	6.40013e+06
16.76	1185.18	6.40013e+06
16.761	1185.25	6.40013e+06
16.762	1185.32	6.40013e+06
16.763	1185.39	6.40013e+06
16.764	1185.46	6.40013e+06
16.765	1185.54	6.40013e+06
16.766	1185.61	6.40013e+06
16.767	1185.68	6.40013e+06
16.768	1185.75	6.40013e+06
16.769	1185.82	6.40013e+06
16.77	1185.89	6.40013e+06
16.771	1185.96	6.40013e+06
16.772	1186.03	6.40013e+06
16.773	1186.1	6.40013e+06
16.774	1186.17	6.40013e+06
16.775	1186.24	6.40013e+06
16.776	1186.31	6.40013e+06
16.777	1186.38	6.40013e+06
16.778	1186.45	6.40013e+06
16.779	1186.53	6.40013e+06
16.78	1186.6	6.40013e+06
16.781	1186.67	6.40013e+06
16.782	1186.74	6.40013e+06
16.783	1186.81	6.40012e+06
16.784	1186.88	6.40012e+06
16.785	1186.95	6.40012e+06
16.786	1187.02	6.40012e+06
16.787	1187.09	6.40012e+06
16.788	1187.16	6.40012e+06
16.789	1187.23	6.40012e+06
16.79	1187.3	6.40012e+06
16.791	1187.37	6.40012e+06
16.792	1187.44	6.40012e+06
16.793	1187.52	6.40012e+06
16.794	1187.59	6.40012e+06
16.795	1187.66	6.40012e+06
16.796	1187.73	6.40012e+06
16.797	1187.8	6.40012e+06
16.798	1187.87	6.40012e+06
16.799	1187.94	6.40012e+06
16.8	1188.01	6.40012e+06
16.801	1188.08	6.40012e+06
16.802	1188.15	6.40012e+06
16.803	1188.22	6.40012e+06
16.804	1188.29	6.40012e+06
16.805	1188.36	6.40012e+06
16.806	1188.43	6.40012e+06
16.807	1188.51	6.40012e+06
16.808	1188.58	6.40012e+06
16.809	1188.65	6.40012e+06
16.81	1188.72	6.40012e+06
16.811	1188.79	6.40012e+06
16.812	1188.86	6.40012e+06
16.813	1188.93	6.40012e+06
16.814	1189	6.40012e+06
16.815	1189.07	6.40012e+06
16.816	1189.14	6.40012e+06
16.817	1189.21	6.40012e+06
16.818	1189.28	6.40012e+06
16.819	1189.35	6.40012e+06
16.82	1189.42	6.40012e+06
16.821	1189.5	6.40012e+06
16.822	1189.57	6.40012e+06
16.823	1189.64	6.40012e+06
16.824	1189.71	6.40012e+06
16.825	1189.78	6.40012e+06
16.826	1189.85	6.40012e+06
16.827	1189.92	6.40012e+06
16.828	1189.99	6.40012e+06
16.829	1190.06	6.40012e+06
16.83	1190.13	6.40012e+06
16.831	1190.2	6.40012e+06
16.832	1190.27	6.40012e+06
16.833	1190.34	6.40012e+06
16.834	1190.41	6.40012e+06
16.835	1190.48	6.40012e+06
16.836	1190.56	6.40012e+06
16.837	1190.63	6.40012e+06
16.838	1190.7	6.40012e+06
16.839	1190.77	6.40012e+06
16.84	1190.84	6.40012e+06
16.841	1190.91	6.40012e+06
16.842	1190.98	6.40012e+06
16.843	1191.05	6.40012e+06
16.844	1191.12	6.40012e+06
16.845	1191.19	6.40012e+06
16.846	1191.26	6.40012e+06
16.847	1191.33	6.40012e+06
16.848	1191.4	6.40012e+06
16.849	1191.47	6.40012e+06
16.85	1191.55	6.40012e+06
16.851	1191.62	6.40012e+06
16.852	1191.69	6.40012e+06
16.853	1191.76	6.40012e+06
16.854	1191.83	6.40012e+06
16.855	1191.9	6.40012e+06
16.856	1191.97	6.40012e+06
16.857	1192.04	6.40012e+06
16.858	1192.11	6.40012e+06
16.859	1192.18	6.40012e+06
16.86	1192.25	6.40012e+06
16.861	1192.32	6.40012e+06
16.862	1192.39	6.40012e+06
16.863	1192.46	6.40012e+06
16.864	1192.54	6.40012e+06
16.865	1192.61	6.40012e+06
16.866	1192.68	6.40012e+06
16.867	1192.75	6.40012e+06
16.868	1192.82	6.40012e+06
16.869	1192.89	6.40012e+06
16.87	1192.96	6.40012e+06
16.871	1193.03	6.40012e+06
16.872	1193.1	6.40012e+06
16.873	1193.17	6.40012e+06
16.874	1193.24	6.40012e+06
16.875	1193.31	6.40012e+06
16.876	1193.38	6.40012e+06
16.877	1193.45	6.40012e+06
16.878	1193.53	6.40012e+06
16.879	1193.6	6.40012e+06
16.88	1193.67	6.40012e+06
16.881	1193.74	6.40012e+06
16.882	1193.81	6.40012e+06
16.883	1193.88	6.40012e+06
16.884	1193.95	6.40012e+06
16.885	1194.02	6.40012e+06
16.886	1194.09	6.40012e+06
16.887	1194.16	6.40012e+06
16.888	1194.23	6.40012e+06
16.889	1194.3	6.40012e+06
16.89	1194.37	6.40012e+06
16.891	1194.44	6.40012e+06
16.892	1194.52	6.40012e+06
16.893	1194.59	6.40012e+06
16.894	1194.66	6.40012e+06
16.895	1194.73	6.40012e+06
16.896	1194.8	6.40012e+06
16.897	1194.87	6.40012e+06
16.898	1194.94	6.40012e+06
16.899	1195.01	6.40012e+06
16.9	1195.08	6.40012e+06
16.901	1195.15	6.40012e+06
16.902	1195.22	6.40012e+06
16.903	1195.29	6.40012e+06
16.904	1195.36	6.40012e+06
16.905	1195.43	6.40012e+06
16.906	1195.51	6.40012e+06
16.907	1195.58	6.40012e+06
16.908	1195.65	6.40012e+06
16.909	1195.72	6.40012e+06
16.91	1195.79	6.40012e+06
16.911	1195.86	6.40012e+06
16.912	1195.93	6.40012e+06
16.913	1196	6.40012e+06
16.914	1196.07	6.40012e+06
16.915	1196.14	6.40012e+06
16.916	1196.21	6.40012e+06
16.917	1196.28	6.40012e+06
16.918	1196.35	6.40012e+06
16.919	1196.42	6.40012e+06
16.92	1196.5	6.40012e+06
16.921	1196.57	6.40012e+06
16.922	1196.64	6.40012e+06
16.923	1196.71	6.40012e+06
16.924	1196.78	6.40012e+06
16.925	1196.85	6.40012e+06
16.926	1196.92	6.40012e+06
16.927	1196.99	6.40012e+06
16.928	1197.06	6.40012e+06
16.929	1197.13	6.40012e+06
16.93	1197.2	6.40012e+06
16.931	1197.27	6.40012e+06
16.932	1197.34	6.40012e+06
16.933	1197.41	6.40012e+06
16.934	1197.49	6.40012e+06
16.935	1197.56	6.40012e+06
16.936	1197.63	6.40012e+06
16.937	1197.7	6.40012e+06
16.938	1197.77	6.40012e+06
16.939	1197.84	6.40012e+06
16.94	1197.91	6.40012e+06
16.941	1197.98	6.40012e+06
16.942	1198.05	6.40012e+06
16.943	1198.12	6.40012e+06
16.944	1198.19	6.40012e+06
16.945	1198.26	6.40012e+06
16.946	1198.33	6.40012e+06
16.947	1198.4	6.40012e+06
16.948	1198.48	6.40012e+06
16.949	1198.55	6.40012e+06
16.95	1198.62	6.40012e+06
16.951	1198.69	6.40012e+06
16.952	1198.76	6.40012e+06
16.953	1198.83	6.40012e+06
16.954	1198.9	6.40012e+06
16.955	1198.97	6.40012e+06
16.956	1199.04	6.40012e+06
16.957	1199.11	6.40012e+06
16.958	1199.18	6.40012e+06
16.959	1199.25	6.40012e+06
16.96	1199.32	6.40012e+06
16.961	1199.39	6.40012e+06
16.962	1199.47	6.40012e+06
16.963	1199.54	6.40012e+06
16.964	1199.61	6.40012e+06
16.965	1199.68	6.40012e+06
16.966	1199.75	6.40012e+06
16.967	1199.82	6.40012e+06
16.968	1199.89	6.40012e+06
16.969	1199.96	6.40011e+06
16.97	1200.03	6.40011e+06
16.971	1200.1	6.40011e+06
16.972	1200.17	6.40011e+06
16.973	1200.24	6.40011e+06
16.974	1200.31	6.40011e+06
16.975	1200.38	6.40011e+06
16.976	1200.46	6.40011e+06
16.977	1200.53	6.40011e+06
16.978	1200.6	6.40011e+06
16.979	1200.67	6.40011e+06
16.98	1200.74	6.40011e+06
16.981	1200.81	6.40011e+06
16.982	1200.88	6.40011e+06
16.983	1200.95	6.40011e+06
16.984	1201.02	6.40011e+06
16.985	1201.09	6.40011e+06
16.986	1201.16	6.40011e+06
16.987	1201.23	6.40011e+06
16.988	1201.3	6.40011e+06
16.989	1201.37	6.40011e+06
16.99	1201.45	6.40011e+06
16.991	1201.52	6.40011e+06
16.992	1201.59	6.40011e+06
16.993	1201.66	6.40011e+06
16.994	1201.73	6.40011e+06
16.995	1201.8	6.40011e+06
16.996	1201.87	6.40011e+06
16.997	1201.94	6.40011e+06
16.998	1202.01	6.40011e+06
16.999	1202.08	6.40011e+06
17	1202.15	6.40011e+06
17.001	1202.22	6.40011e+06
17.002	1202.29	6.40011e+06
17.003	1202.36	6.40011e+06
17.004	1202.44	6.40011e+06
17.005	1202.51	6.40011e+06
17.006	1202.58	6.40011e+06
17.007	1202.65	6.40011e+06
17.008	1202.72	6.40011e+06
17.009	1202.79	6.40011e+06
17.01	1202.86	6.40011e+06
17.011	1202.93	6.40011e+06
17.012	1203	6.40011e+06
17.013	1203.07	6.40011e+06
17.014	1203.14	6.40011e+06
17.015	1203.21	6.40011e+06
17.016	1203.28	6.40011e+06
17.017	1203.35	6.40011e+06
17.018	1203.43	6.40011e+06
17.019	1203.5	6.40011e+06
17.02	1203.57	6.40011e+06
17.021	1203.64	6.40011e+06
17.022	1203.71	6.40011e+06
17.023	1203.78	6.40011e+06
17.024	1203.85	6.40011e+06
17.025	1203.92	6.40011e+06
17.026	1203.99	6.40011e+06
17.027	1204.06	6.40011e+06
17.028	1204.13	6.40011e+06
17.029	1204.2	6.40011e+06
17.03	1204.27	6.40011e+06
17.031	1204.34	6.40011e+06
17.032	1204.41	6.40011e+06
17.033	1204.49	6.40011e+06
17.034	1204.56	6.40011e+06
17.035	1204.63	6.40011e+06
17.036	1204.7	6.40011e+06
17.037	1204.77	6.40011e+06
17.038	1204.84	6.40011e+06
17.039	1204.91	6.40011e+06
17.04	1204.98	6.40011e+06
17.041	1205.05	6.40011e+06
17.042	1205.12	6.40011e+06
17.043	1205.19	6.40011e+06
17.044	1205.26	6.40011e+06
17.045	1205.33	6.40011e+06
17.046	1205.4	6.40011e+06
17.047	1205.48	6.40011e+06
17.048	1205.55	6.40011e+06
17.049	1205.62	6.40011e+06
17.05	1205.69	6.40011e+06
17.051	1205.76	6.40011e+06
17.052	1205.83	6.40011e+06
17.053	1205.9	6.40011e+06
17.054	1205.97	6.40011e+06
17.055	1206.04	6.40011e+06
17.056	1206.11	6.40011e+06
17.057	1206.18	6.40011e+06
17.058	1206.25	6.40011e+06
17.059	1206.32	6.40011e+06
17.06	1206.39	6.40011e+06
17.061	1206.47	6.40011e+06
17.062	1206.54	6.40011e+06
17.063	1206.61	6.40011e+06
17.064	1206.68	6.40011e+06
17.065	1206.75	6.40011e+06
17.066	1206.82	6.40011e+06
17.067	1206.89	6.40011e+06
17.068	1206.96	6.40011e+06
17.069	1207.03	6.40011e+06
17.07	1207.1	6.40011e+06
17.071	1207.17	6.40011e+06
17.072	1207.24	6.40011e+06
17.073	1207.31	6.40011e+06
17.074	1207.38	6.40011e+06
17.075	1207.46	6.40011e+06
17.076	1207.53	6.40011e+06
17.077	1207.6	6.40011e+06
17.078	1207.67	6.40011e+06
17.079	1207.74	6.40011e+06
17.08	1207.81	6.40011e+06
17.081	1207.88	6.40011e+06
17.082	1207.95	6.40011e+06
17.083	1208.02	6.40011e+06
17.084	1208.09	6.40011e+06
17.085	1208.16	6.40011e+06
17.086	1208.23	6.40011e+06
17.087	1208.3	6.40011e+06
17.088	1208.37	6.40011e+06
17.089	1208.45	6.40011e+06
17.09	1208.52	6.40011e+06
17.091	1208.59	6.40011e+06
17.092	1208.66	6.40011e+06
17.093	1208.73	6.40011e+06
17.094	1208.8	6.40011e+06
17.095	1208.87	6.40011e+06
17.096	1208.94	6.40011e+06
17.097	1209.01	6.40011e+06
17.098	1209.08	6.40011e+06
17.099	1209.15	6.40011e+06
17.1	1209.22	6.40011e+06
17.101	1209.29	6.40011e+06
17.102	1209.36	6.40011e+06
17.103	1209.44	6.40011e+06
17.104	1209.51	6.40011e+06
17.105	1209.58	6.40011e+06
17.106	1209.65	6.40011e+06
17.107	1209.72	6.40011e+06
17.108	1209.79	6.40011e+06
17.109	1209.86	6.40011e+06
17.11	1209.93	6.40011e+06
17.111	1210	6.40011e+06
17.112	1210.07	6.40011e+06
17.113	1210.14	6.40011e+06
17.114	1210.21	6.40011e+06
17.115	1210.28	6.40011e+06
17.116	1210.35	6.40011e+06
17.117	1210.43	6.40011e+06
17.118	1210.5	6.40011e+06
17.119	1210.57	6.40011e+06
17.12	1210.64	6.40011e+06
17.121	1210.71	6.40011e+06
17.122	1210.78	6.40011e+06
17.123	1210.85	6.40011e+06
17.124	1210.92	6.40011e+06
17.125	1210.99	6.40011e+06
17.126	1211.06	6.40011e+06
17.127	1211.13	6.40011e+06
17.128	1211.2	6.40011e+06
17.129	1211.27	6.40011e+06
17.13	1211.34	6.40011e+06
17.131	1211.42	6.40011e+06
17.132	1211.49	6.40011e+06
17.133	1211.56	6.40011e+06
17.134	1211.63	6.40011e+06
17.135	1211.7	6.40011e+06
17.136	1211.77	6.40011e+06
17.137	1211.84	6.40011e+06
17.138	1211.91	6.40011e+06
17.139	1211.98	6.40011e+06
17.14	1212.05	6.40011e+06
17.141	1212.12	6.40011e+06
17.142	1212.19	6.40011e+06
17.143	1212.26	6.40011e+06
17.144	1212.33	6.40011e+06
17.145	1212.41	6.40011e+06
17.146	1212.48	6.40011e+06
17.147	1212.55	6.40011e+06
17.148	1212.62	6.40011e+06
17.149	1212.69	6.40011e+06
17.15	1212.76	6.40011e+06
17.151	1212.83	6.40011e+06
17.152	1212.9	6.4001e+06
17.153	1212.97	6.4001e+06
17.154	1213.04	6.4001e+06
17.155	1213.11	6.4001e+06
17.156	1213.18	6.4001e+06
17.157	1213.25	6.4001e+06
17.158	1213.32	6.4001e+06
17.159	1213.4	6.4001e+06
17.16	1213.47	6.4001e+06
17.161	1213.54	6.4001e+06
17.162	1213.61	6.4001e+06
17.163	1213.68	6.4001e+06
17.164	1213.75	6.4001e+06
17.165	1213.82	6.4001e+06
17.166	1213.89	6.4001e+06
17.167	1213.96	6.4001e+06
17.168	1214.03	6.4001e+06
17.169	1214.1	6.4001e+06
17.17	1214.17	6.4001e+06
17.171	1214.24	6.4001e+06
17.172	1214.31	6.4001e+06
17.173	1214.39	6.4001e+06
17.174	1214.46	6.4001e+06
17.175	1214.53	6.4001e+06
17.176	1214.6	6.4001e+06
17.177	1214.67	6.4001e+06
17.178	1214.74	6.4001e+06
17.179	1214.81	6.4001e+06
17.18	1214.88	6.4001e+06
17.181	1214.95	6.4001e+06
17.182	1215.02	6.4001e+06
17.183	1215.09	6.4001e+06
17.184	1215.16	6.4001e+06
17.185	1215.23	6.4001e+06
17.186	1215.3	6.4001e+06
17.187	1215.38	6.4001e+06
17.188	1215.45	6.4001e+06
17.189	1215.52	6.4001e+06
17.19	1215.59	6.4001e+06
17.191	1215.66	6.4001e+06
17.192	1215.73	6.4001e+06
17.193	1215.8	6.4001e+06
17.194	1215.87	6.4001e+06
17.195	1215.94	6.4001e+06
17.196	1216.01	6.4001e+06
17.197	1216.08	6.4001e+06
17.198	1216.15	6.4001e+06
17.199	1216.22	6.4001e+06
17.2	1216.29	6.4001e+06
17.201	1216.37	6.4001e+06
17.202	1216.44	6.4001e+06
17.203	1216.51	6.4001e+06
17.204	1216.58	6.4001e+06
17.205	1216.65	6.4001e+06
17.206	1216.72	6.4001e+06
17.207	1216.79	6.4001e+06
17.208	1216.86	6.4001e+06
17.209	1216.93	6.4001e+06
17.21	1217	6.4001e+06
17.211	1217.07	6.4001e+06
17.212	1217.14	6.4001e+06
17.213	1217.21	6.4001e+06
17.214	1217.28	6.4001e+06
17.215	1217.36	6.4001e+06
17.216	1217.43	6.4001e+06
17.217	1217.5	6.4001e+06
17.218	1217.57	6.4001e+06
17.219	1217.64	6.4001e+06
17.22	1217.71	6.4001e+06
17.221	1217.78	6.4001e+06
17.222	1217.85	6.4001e+06
17.223	1217.92	6.4001e+06
17.224	1217.99	6.4001e+06
17.225	1218.06	6.4001e+06
17.226	1218.13	6.4001e+06
17.227	1218.2	6.4001e+06
17.228	1218.27	6.4001e+06
17.229	1218.34	6.4001e+06
17.23	1218.42	6.4001e+06
17.231	1218.49	6.4001e+06
17.232	1218.56	6.4001e+06
17.233	1218.63	6.4001e+06
17.234	1218.7	6.4001e+06
17.235	1218.77	6.4001e+06
17.236	1218.84	6.4001e+06
17.237	1218.91	6.4001e+06
17.238	1218.98	6.4001e+06
17.239	1219.05	6.4001e+06
17.24	1219.12	6.4001e+06
17.241	1219.19	6.4001e+06
17.242	1219.26	6.4001e+06
17.243	1219.33	6.4001e+06
17.244	1219.41	6.4001e+06
17.245	1219.48	6.4001e+06
17.246	1219.55	6.4001e+06
17.247	1219.62	6.4001e+06
17.248	1219.69	6.4001e+06
17.249	1219.76	6.4001e+06
17.25	1219.83	6.4001e+06
17.251	1219.9	6.4001e+06
17.252	1219.97	6.4001e+06
17.253	1220.04	6.4001e+06
17.254	1220.11	6.4001e+06
17.255	1220.18	6.4001e+06
17.256	1220.25	6.4001e+06
17.257	1220.32	6.4001e+06
17.258	1220.4	6.4001e+06
17.259	1220.47	6.4001e+06
17.26	1220.54	6.4001e+06
17.261	1220.61	6.4001e+06
17.262	1220.68	6.4001e+06
17.263	1220.75	6.4001e+06
17.264	1220.82	6.4001e+06
17.265	1220.89	6.4001e+06
17.266	1220.96	6.4001e+06
17.267	1221.03	6.4001e+06
17.268	1221.1	6.4001e+06
17.269	1221.17	6.4001e+06
17.27	1221.24	6.4001e+06
17.271	1221.31	6.4001e+06
17.272	1221.39	6.4001e+06
17.273	1221.46	6.4001e+06
17.274	1221.53	6.4001e+06
17.275	1221.6	6.4001e+06
17.276	1221.67	6.4001e+06
17.277	1221.74	6.4001e+06
17.278	1221.81	6.4001e+06
17.279	1221.88	6.4001e+06
17.28	1221.95	6.4001e+06
17.281	1222.02	6.4001e+06
17.282	1222.09	6.4001e+06
17.283	1222.16	6.4001e+06
17.284	1222.23	6.4001e+06
17.285	1222.3	6.4001e+06
17.286	1222.38	6.4001e+06
17.287	1222.45	6.4001e+06
17.288	1222.52	6.4001e+06
17.289	1222.59	6.4001e+06
17.29	1222.66	6.4001e+06
17.291	1222.73	6.4001e+06
17.292	1222.8	6.4001e+06
17.293	1222.87	6.4001e+06
17.294	1222.94	6.4001e+06
17.295	1223.01	6.4001e+06
17.296	1223.08	6.4001e+06
17.297	1223.15	6.4001e+06
17.298	1223.22	6.4001e+06
17.299	1223.29	6.4001e+06
17.3	1223.37	6.4001e+06
17.301	1223.44	6.4001e+06
17.302	1223.51	6.4001e+06
17.303	1223.58	6.4001e+06
17.304	1223.65	6.4001e+06
17.305	1223.72	6.4001e+06
17.306	1223.79	6.4001e+06
17.307	1223.86	6.4001e+06
17.308	1223.93	6.4001e+06
17.309	1224	6.4001e+06
17.31	1224.07	6.4001e+06
17.311	1224.14	6.4001e+06
17.312	1224.21	6.4001e+06
17.313	1224.28	6.4001e+06
17.314	1224.36	6.4001e+06
17.315	1224.43	6.4001e+06
17.316	1224.5	6.4001e+06
17.317	1224.57	6.4001e+06
17.318	1224.64	6.4001e+06
17.319	1224.71	6.4001e+06
17.32	1224.78	6.4001e+06
17.321	1224.85	6.4001e+06
17.322	1224.92	6.4001e+06
17.323	1224.99	6.4001e+06
17.324	1225.06	6.4001e+06
17.325	1225.13	6.4001e+06
17.326	1225.2	6.4001e+06
17.327	1225.27	6.4001e+06
17.328	1225.35	6.4001e+06
17.329	1225.42	6.4001e+06
17.33	1225.49	6.40009e+06
17.331	1225.56	6.40009e+06
17.332	1225.63	6.40009e+06
17.333	1225.7	6.40009e+06
17.334	1225.77	6.40009e+06
17.335	1225.84	6.40009e+06
17.336	1225.91	6.40009e+06
17.337	1225.98	6.40009e+06
17.338	1226.05	6.40009e+06
17.339	1226.12	6.40009e+06
17.34	1226.19	6.40009e+06
17.341	1226.26	6.40009e+06
17.342	1226.34	6.40009e+06
17.343	1226.41	6.40009e+06
17.344	1226.48	6.40009e+06
17.345	1226.55	6.40009e+06
17.346	1226.62	6.40009e+06
17.347	1226.69	6.40009e+06
17.348	1226.76	6.40009e+06
17.349	1226.83	6.40009e+06
17.35	1226.9	6.40009e+06
17.351	1226.97	6.40009e+06
17.352	1227.04	6.40009e+06
17.353	1227.11	6.40009e+06
17.354	1227.18	6.40009e+06
17.355	1227.25	6.40009e+06
17.356	1227.33	6.40009e+06
17.357	1227.4	6.40009e+06
17.358	1227.47	6.40009e+06
17.359	1227.54	6.40009e+06
17.36	1227.61	6.40009e+06
17.361	1227.68	6.40009e+06
17.362	1227.75	6.40009e+06
17.363	1227.82	6.40009e+06
17.364	1227.89	6.40009e+06
17.365	1227.96	6.40009e+06
17.366	1228.03	6.40009e+06
17.367	1228.1	6.40009e+06
17.368	1228.17	6.40009e+06
17.369	1228.24	6.40009e+06
17.37	1228.32	6.40009e+06
17.371	1228.39	6.40009e+06
17.372	1228.46	6.40009e+06
17.373	1228.53	6.40009e+06
17.374	1228.6	6.40009e+06
17.375	1228.67	6.40009e+06
17.376	1228.74	6.40009e+06
17.377	1228.81	6.40009e+06
17.378	1228.88	6.40009e+06
17.379	1228.95	6.40009e+06
17.38	1229.02	6.40009e+06
17.381	1229.09	6.40009e+06
17.382	1229.16	6.40009e+06
17.383	1229.23	6.40009e+06
17.384	1229.31	6.40009e+06
17.385	1229.38	6.40009e+06
17.386	1229.45	6.40009e+06
17.387	1229.52	6.40009e+06
17.388	1229.59	6.40009e+06
17.389	1229.66	6.40009e+06
17.39	1229.73	6.40009e+06
17.391	1229.8	6.40009e+06
17.392	1229.87	6.40009e+06
17.393	1229.94	6.40009e+06
17.394	1230.01	6.40009e+06
17.395	1230.08	6.40009e+06
17.396	1230.15	6.40009e+06
17.397	1230.22	6.40009e+06
17.398	1230.3	6.40009e+06
17.399	1230.37	6.40009e+06
17.4	1230.44	6.40009e+06
17.401	1230.51	6.40009e+06
17.402	1230.58	6.40009e+06
17.403	1230.65	6.40009e+06
17.404	1230.72	6.40009e+06
17.405	1230.79	6.40009e+06
17.406	1230.86	6.40009e+06
17.407	1230.93	6.40009e+06
17.408	1231	6.40009e+06
17.409	1231.07	6.40009e+06
17.41	1231.14	6.40009e+06
17.411	1231.21	6.40009e+06
17.412	1231.29	6.40009e+06
17.413	1231.36	6.40009e+06
17.414	1231.43	6.40009e+06
17.415	1231.5	6.40009e+06
17.416	1231.57	6.40009e+06
17.417	1231.64	6.40009e+06
17.418	1231.71	6.40009e+06
17.419	1231.78	6.40009e+06
17.42	1231.85	6.40009e+06
17.421	1231.92	6.40009e+06
17.422	1231.99	6.40009e+06
17.423	1232.06	6.40009e+06
17.424	1232.13	6.40009e+06
17.425	1232.2	6.40009e+06
17.426	1232.27	6.40009e+06
17.427	1232.35	6.40009e+06
17.428	1232.42	6.40009e+06
17.429	1232.49	6.40009e+06
17.43	1232.56	6.40009e+06
17.431	1232.63	6.40009e+06
17.432	1232.7	6.40009e+06
17.433	1232.77	6.40009e+06
17.434	1232.84	6.40009e+06
17.435	1232.91	6.40009e+06
17.436	1232.98	6.40009e+06
17.437	1233.05	6.40009e+06
17.438	1233.12	6.40009e+06
17.439	1233.19	6.40009e+06
17.44	1233.26	6.40009e+06
17.441	1233.34	6.40009e+06
17.442	1233.41	6.40009e+06
17.443	1233.48	6.40009e+06
17.444	1233.55	6.40009e+06
17.445	1233.62	6.40009e+06
17.446	1233.69	6.40009e+06
17.447	1233.76	6.40009e+06
17.448	1233.83	6.40009e+06
17.449	1233.9	6.40009e+06
17.45	1233.97	6.40009e+06
17.451	1234.04	6.40009e+06
17.452	1234.11	6.40009e+06
17.453	1234.18	6.40009e+06
17.454	1234.25	6.40009e+06
17.455	1234.33	6.40009e+06
17.456	1234.4	6.40009e+06
17.457	1234.47	6.40009e+06
17.458	1234.54	6.40009e+06
17.459	1234.61	6.40009e+06
17.46	1234.68	6.40009e+06
17.461	1234.75	6.40009e+06
17.462	1234.82	6.40009e+06
17.463	1234.89	6.40009e+06
17.464	1234.96	6.40009e+06
17.465	1235.03	6.40009e+06
17.466	1235.1	6.40009e+06
17.467	1235.17	6.40009e+06
17.468	1235.24	6.40009e+06
17.469	1235.32	6.40009e+06
17.47	1235.39	6.40009e+06
17.471	1235.46	6.40009e+06
17.472	1235.53	6.40009e+06
17.473	1235.6	6.40009e+06
17.474	1235.67	6.40009e+06
17.475	1235.74	6.40009e+06
17.476	1235.81	6.40009e+06
17.477	1235.88	6.40009e+06
17.478	1235.95	6.40009e+06
17.479	1236.02	6.40009e+06
17.48	1236.09	6.40009e+06
17.481	1236.16	6.40009e+06
17.482	1236.23	6.40009e+06
17.483	1236.31	6.40009e+06
17.484	1236.38	6.40009e+06
17.485	1236.45	6.40009e+06
17.486	1236.52	6.40009e+06
17.487	1236.59	6.40009e+06
17.488	1236.66	6.40009e+06
17.489	1236.73	6.40009e+06
17.49	1236.8	6.40009e+06
17.491	1236.87	6.40009e+06
17.492	1236.94	6.40009e+06
17.493	1237.01	6.40009e+06
17.494	1237.08	6.40009e+06
17.495	1237.15	6.40009e+06
17.496	1237.22	6.40009e+06
17.497	1237.3	6.40009e+06
17.498	1237.37	6.40009e+06
17.499	1237.44	6.40009e+06
17.5	1237.51	6.40009e+06
17.501	1237.58	6.40009e+06
17.502	1237.65	6.40009e+06
17.503	1237.72	6.40009e+06
17.504	1237.79	6.40008e+06
17.505	1237.86	6.40008e+06
17.506	1237.93	6.40008e+06
17.507	1238	6.40008e+06
17.508	1238.07	6.40008e+06
17.509	1238.14	6.40008e+06
17.51	1238.21	6.40008e+06
17.511	1238.29	6.40008e+06
17.512	1238.36	6.40008e+06
17.513	1238.43	6.40008e+06
17.514	1238.5	6.40008e+06
17.515	1238.57	6.40008e+06
17.516	1238.64	6.40008e+06
17.517	1238.71	6.40008e+06
17.518	1238.78	6.40008e+06
17.519	1238.85	6.40008e+06
17.52	1238.92	6.40008e+06
17.521	1238.99	6.40008e+06
17.522	1239.06	6.40008e+06
17.523	1239.13	6.40008e+06
17.524	1239.2	6.40008e+06
17.525	1239.28	6.40008e+06
17.526	1239.35	6.40008e+06
17.527	1239.42	6.40008e+06
17.528	1239.49	6.40008e+06
17.529	1239.56	6.40008e+06
17.53	1239.63	6.40008e+06
17.531	1239.7	6.40008e+06
17.532	1239.77	6.40008e+06
17.533	1239.84	6.40008e+06
17.534	1239.91	6.40008e+06
17.535	1239.98	6.40008e+06
17.536	1240.05	6.40008e+06
17.537	1240.12	6.40008e+06
17.538	1240.19	6.40008e+06
17.539	1240.27	6.40008e+06
17.54	1240.34	6.40008e+06
17.541	1240.41	6.40008e+06
17.542	1240.48	6.40008e+06
17.543	1240.55	6.40008e+06
17.544	1240.62	6.40008e+06
17.545	1240.69	6.40008e+06
17.546	1240.76	6.40008e+06
17.547	1240.83	6.40008e+06
17.548	1240.9	6.40008e+06
17.549	1240.97	6.40008e+06
17.55	1241.04	6.40008e+06
17.551	1241.11	6.40008e+06
17.552	1241.18	6.40008e+06
17.553	1241.26	6.40008e+06
17.554	1241.33	6.40008e+06
17.555	1241.4	6.40008e+06
17.556	1241.47	6.40008e+06
17.557	1241.54	6.40008e+06
17.558	1241.61	6.40008e+06
17.559	1241.68	6.40008e+06
17.56	1241.75	6.40008e+06
17.561	1241.82	6.40008e+06
17.562	1241.89	6.40008e+06
17.563	1241.96	6.40008e+06
17.564	1242.03	6.40008e+06
17.565	1242.1	6.40008e+06
17.566	1242.17	6.40008e+06
17.567	1242.25	6.40008e+06
17.568	1242.32	6.40008e+06
17.569	1242.39	6.40008e+06
17.57	1242.46	6.40008e+06
17.571	1242.53	6.40008e+06
17.572	1242.6	6.40008e+06
17.573	1242.67	6.40008e+06
17.574	1242.74	6.40008e+06
17.575	1242.81	6.40008e+06
17.576	1242.88	6.40008e+06
17.577	1242.95	6.40008e+06
17.578	1243.02	6.40008e+06
17.579	1243.09	6.40008e+06
17.58	1243.16	6.40008e+06
17.581	1243.24	6.40008e+06
17.582	1243.31	6.40008e+06
17.583	1243.38	6.40008e+06
17.584	1243.45	6.40008e+06
17.585	1243.52	6.40008e+06
17.586	1243.59	6.40008e+06
17.587	1243.66	6.40008e+06
17.588	1243.73	6.40008e+06
17.589	1243.8	6.40008e+06
17.59	1243.87	6.40008e+06
17.591	1243.94	6.40008e+06
17.592	1244.01	6.40008e+06
17.593	1244.08	6.40008e+06
17.594	1244.15	6.40008e+06
17.595	1244.23	6.40008e+06
17.596	1244.3	6.40008e+06
17.597	1244.37	6.40008e+06
17.598	1244.44	6.40008e+06
17.599	1244.51	6.40008e+06
17.6	1244.58	6.40008e+06
17.601	1244.65	6.40008e+06
17.602	1244.72	6.40008e+06
17.603	1244.79	6.40008e+06
17.604	1244.86	6.40008e+06
17.605	1244.93	6.40008e+06
17.606	1245	6.40008e+06
17.607	1245.07	6.40008e+06
17.608	1245.14	6.40008e+06
17.609	1245.22	6.40008e+06
17.61	1245.29	6.40008e+06
17.611	1245.36	6.40008e+06
17.612	1245.43	6.40008e+06
17.613	1245.5	6.40008e+06
17.614	1245.57	6.40008e+06
17.615	1245.64	6.40008e+06
17.616	1245.71	6.40008e+06
17.617	1245.78	6.40008e+06
17.618	1245.85	6.40008e+06
17.619	1245.92	6.40008e+06
17.62	1245.99	6.40008e+06
17.621	1246.06	6.40008e+06
17.622	1246.13	6.40008e+06
17.623	1246.2	6.40008e+06
17.624	1246.28	6.40008e+06
17.625	1246.35	6.40008e+06
17.626	1246.42	6.40008e+06
17.627	1246.49	6.40008e+06
17.628	1246.56	6.40008e+06
17.629	1246.63	6.40008e+06
17.63	1246.7	6.40008e+06
17.631	1246.77	6.40008e+06
17.632	1246.84	6.40008e+06
17.633	1246.91	6.40008e+06
17.634	1246.98	6.40008e+06
17.635	1247.05	6.40008e+06
17.636	1247.12	6.40008e+06
17.637	1247.19	6.40008e+06
17.638	1247.27	6.40008e+06
17.639	1247.34	6.40008e+06
17.64	1247.41	6.40008e+06
17.641	1247.48	6.40008e+06
17.642	1247.55	6.40008e+06
17.643	1247.62	6.40008e+06
17.644	1247.69	6.40008e+06
17.645	1247.76	6.40008e+06
17.646	1247.83	6.40008e+06
17.647	1247.9	6.40008e+06
17.648	1247.97	6.40008e+06
17.649	1248.04	6.40008e+06
17.65	1248.11	6.40008e+06
17.651	1248.18	6.40008e+06
17.652	1248.26	6.40008e+06
17.653	1248.33	6.40008e+06
17.654	1248.4	6.40008e+06
17.655	1248.47	6.40008e+06
17.656	1248.54	6.40008e+06
17.657	1248.61	6.40008e+06
17.658	1248.68	6.40008e+06
17.659	1248.75	6.40008e+06
17.66	1248.82	6.40008e+06
17.661	1248.89	6.40008e+06
17.662	1248.96	6.40008e+06
17.663	1249.03	6.40008e+06
17.664	1249.1	6.40008e+06
17.665	1249.17	6.40008e+06
17.666	1249.25	6.40008e+06
17.667	1249.32	6.40008e+06
17.668	1249.39	6.40008e+06
17.669	1249.46	6.40008e+06
17.67	1249.53	6.40008e+06
17.671	1249.6	6.40008e+06
17.672	1249.67	6.40008e+06
17.673	1249.74	6.40008e+06
17.674	1249.81	6.40008e+06
17.675	1249.88	6.40007e+06
17.676	1249.95	6.40007e+06
17.677	1250.02	6.40007e+06
17.678	1250.09	6.40007e+06
17.679	1250.16	6.40007e+06
17.68	1250.24	6.40007e+06
17.681	1250.31	6.40007e+06
17.682	1250.38	6.40007e+06
17.683	1250.45	6.40007e+06
17.684	1250.52	6.40007e+06
17.685	1250.59	6.40007e+06
17.686	1250.66	6.40007e+06
17.687	1250.73	6.40007e+06
17.688	1250.8	6.40007e+06
17.689	1250.87	6.40007e+06
17.69	1250.94	6.40007e+06
17.691	1251.01	6.40007e+06
17.692	1251.08	6.40007e+06
17.693	1251.15	6.40007e+06
17.694	1251.23	6.40007e+06
17.695	1251.3	6.40007e+06
17.696	1251.37	6.40007e+06
17.697	1251.44	6.40007e+06
17.698	1251.51	6.40007e+06
17.699	1251.58	6.40007e+06
17.7	1251.65	6.40007e+06
17.701	1251.72	6.40007e+06
17.702	1251.79	6.40007e+06
17.703	1251.86	6.40007e+06
17.704	1251.93	6.40007e+06
17.705	1252	6.40007e+06
17.706	1252.07	6.40007e+06
17.707	1252.14	6.40007e+06
17.708	1252.22	6.40007e+06
17.709	1252.29	6.40007e+06
17.71	1252.36	6.40007e+06
17.711	1252.43	6.40007e+06
17.712	1252.5	6.40007e+06
17.713	1252.57	6.40007e+06
17.714	1252.64	6.40007e+06
17.715	1252.71	6.40007e+06
17.716	1252.78	6.40007e+06
17.717	1252.85	6.40007e+06
17.718	1252.92	6.40007e+06
17.719	1252.99	6.40007e+06
17.72	1253.06	6.40007e+06
17.721	1253.13	6.40007e+06
17.722	1253.21	6.40007e+06
17.723	1253.28	6.40007e+06
17.724	1253.35	6.40007e+06
17.725	1253.42	6.40007e+06
17.726	1253.49	6.40007e+06
17.727	1253.56	6.40007e+06
17.728	1253.63	6.40007e+06
17.729	1253.7	6.40007e+06
17.73	1253.77	6.40007e+06
17.731	1253.84	6.40007e+06
17.732	1253.91	6.40007e+06
17.733	1253.98	6.40007e+06
17.734	1254.05	6.40007e+06
17.735	1254.12	6.40007e+06
17.736	1254.2	6.40007e+06
17.737	1254.27	6.40007e+06
17.738	1254.34	6.40007e+06
17.739	1254.41	6.40007e+06
17.74	1254.48	6.40007e+06
17.741	1254.55	6.40007e+06
17.742	1254.62	6.40007e+06
17.743	1254.69	6.40007e+06
17.744	1254.76	6.40007e+06
17.745	1254.83	6.40007e+06
17.746	1254.9	6.40007e+06
17.747	1254.97	6.40007e+06
17.748	1255.04	6.40007e+06
17.749	1255.11	6.40007e+06
17.75	1255.19	6.40007e+06
17.751	1255.26	6.40007e+06
17.752	1255.33	6.40007e+06
17.753	1255.4	6.40007e+06
17.754	1255.47	6.40007e+06
17.755	1255.54	6.40007e+06
17.756	1255.61	6.40007e+06
17.757	1255.68	6.40007e+06
17.758	1255.75	6.40007e+06
17.759	1255.82	6.40007e+06
17.76	1255.89	6.40007e+06
17.761	1255.96	6.40007e+06
17.762	1256.03	6.40007e+06
17.763	1256.1	6.40007e+06
17.764	1256.18	6.40007e+06
17.765	1256.25	6.40007e+06
17.766	1256.32	6.40007e+06
17.767	1256.39	6.40007e+06
17.768	1256.46	6.40007e+06
17.769	1256.53	6.40007e+06
17.77	1256.6	6.40007e+06
17.771	1256.67	6.40007e+06
17.772	1256.74	6.40007e+06
17.773	1256.81	6.40007e+06
17.774	1256.88	6.40007e+06
17.775	1256.95	6.40007e+06
17.776	1257.02	6.40007e+06
17.777	1257.09	6.40007e+06
17.778	1257.17	6.40007e+06
17.779	1257.24	6.40007e+06
17.78	1257.31	6.40007e+06
17.781	1257.38	6.40007e+06
17.782	1257.45	6.40007e+06
17.783	1257.52	6.40007e+06
17.784	1257.59	6.40007e+06
17.785	1257.66	6.40007e+06
17.786	1257.73	6.40007e+06
17.787	1257.8	6.40007e+06
17.788	1257.87	6.40007e+06
17.789	1257.94	6.40007e+06
17.79	1258.01	6.40007e+06
17.791	1258.08	6.40007e+06
17.792	1258.16	6.40007e+06
17.793	1258.23	6.40007e+06
17.794	1258.3	6.40007e+06
17.795	1258.37	6.40007e+06
17.796	1258.44	6.40007e+06
17.797	1258.51	6.40007e+06
17.798	1258.58	6.40007e+06
17.799	1258.65	6.40007e+06
17.8	1258.72	6.40007e+06
17.801	1258.79	6.40007e+06
17.802	1258.86	6.40007e+06
17.803	1258.93	6.40007e+06
17.804	1259	6.40007e+06
17.805	1259.07	6.40007e+06
17.806	1259.15	6.40007e+06
17.807	1259.22	6.40007e+06
17.808	1259.29	6.40007e+06
17.809	1259.36	6.40007e+06
17.81	1259.43	6.40007e+06
17.811	1259.5	6.40007e+06
17.812	1259.57	6.40007e+06
17.813	1259.64	6.40007e+06
17.814	1259.71	6.40007e+06
17.815	1259.78	6.40007e+06
17.816	1259.85	6.40007e+06
17.817	1259.92	6.40007e+06
17.818	1259.99	6.40007e+06
17.819	1260.06	6.40007e+06
17.82	1260.13	6.40007e+06
17.821	1260.21	6.40007e+06
17.822	1260.28	6.40007e+06
17.823	1260.35	6.40007e+06
17.824	1260.42	6.40007e+06
17.825	1260.49	6.40007e+06
17.826	1260.56	6.40007e+06
17.827	1260.63	6.40007e+06
17.828	1260.7	6.40007e+06
17.829	1260.77	6.40007e+06
17.83	1260.84	6.40007e+06
17.831	1260.91	6.40007e+06
17.832	1260.98	6.40007e+06
17.833	1261.05	6.40007e+06
17.834	1261.12	6.40007e+06
17.835	1261.2	6.40007e+06
17.836	1261.27	6.40007e+06
17.837	1261.34	6.40007e+06
17.838	1261.41	6.40007e+06
17.839	1261.48	6.40007e+06
17.84	1261.55	6.40007e+06
17.841	1261.62	6.40007e+06
17.842	1261.69	6.40007e+06
17.843	1261.76	6.40006e+06
17.844	1261.83	6.40006e+06
17.845	1261.9	6.40006e+06
17.846	1261.97	6.40006e+06
17.847	1262.04	6.40006e+06
17.848	1262.11	6.40006e+06
17.849	1262.19	6.40006e+06
17.85	1262.26	6.40006e+06
17.851	1262.33	6.40006e+06
17.852	1262.4	6.40006e+06
17.853	1262.47	6.40006e+06
17.854	1262.54	6.40006e+06
17.855	1262.61	6.40006e+06
17.856	1262.68	6.40006e+06
17.857	1262.75	6.40006e+06
17.858	1262.82	6.40006e+06
17.859	1262.89	6.40006e+06
17.86	1262.96	6.40006e+06
17.861	1263.03	6.40006e+06
17.862	1263.1	6.40006e+06
17.863	1263.18	6.40006e+06
17.864	1263.25	6.40006e+06
17.865	1263.32	6.40006e+06
17.866	1263.39	6.40006e+06
17.867	1263.46	6.40006e+06
17.868	1263.53	6.40006e+06
17.869	1263.6	6.40006e+06
17.87	1263.67	6.40006e+06
17.871	1263.74	6.40006e+06
17.872	1263.81	6.40006e+06
17.873	1263.88	6.40006e+06
17.874	1263.95	6.40006e+06
17.875	1264.02	6.40006e+06
17.876	1264.09	6.40006e+06
17.877	1264.17	6.40006e+06
17.878	1264.24	6.40006e+06
17.879	1264.31	6.40006e+06
17.88	1264.38	6.40006e+06
17.881	1264.45	6.40006e+06
17.882	1264.52	6.40006e+06
17.883	1264.59	6.40006e+06
17.884	1264.66	6.40006e+06
17.885	1264.73	6.40006e+06
17.886	1264.8	6.40006e+06
17.887	1264.87	6.40006e+06
17.888	1264.94	6.40006e+06
17.889	1265.01	6.40006e+06
17.89	1265.08	6.40006e+06
17.891	1265.16	6.40006e+06
17.892	1265.23	6.40006e+06
17.893	1265.3	6.40006e+06
17.894	1265.37	6.40006e+06
17.895	1265.44	6.40006e+06
17.896	1265.51	6.40006e+06
17.897	1265.58	6.40006e+06
17.898	1265.65	6.40006e+06
17.899	1265.72	6.40006e+06
17.9	1265.79	6.40006e+06
17.901	1265.86	6.40006e+06
17.902	1265.93	6.40006e+06
17.903	1266	6.40006e+06
17.904	1266.07	6.40006e+06
17.905	1266.15	6.40006e+06
17.906	1266.22	6.40006e+06
17.907	1266.29	6.40006e+06
17.908	1266.36	6.40006e+06
17.909	1266.43	6.40006e+06
17.91	1266.5	6.40006e+06
17.911	1266.57	6.40006e+06
17.912	1266.64	6.40006e+06
17.913	1266.71	6.40006e+06
17.914	1266.78	6.40006e+06
17.915	1266.85	6.40006e+06
17.916	1266.92	6.40006e+06
17.917	1266.99	6.40006e+06
17.918	1267.06	6.40006e+06
17.919	1267.14	6.40006e+06
17.92	1267.21	6.40006e+06
17.921	1267.28	6.40006e+06
17.922	1267.35	6.40006e+06
17.923	1267.42	6.40006e+06
17.924	1267.49	6.40006e+06
17.925	1267.56	6.40006e+06
17.926	1267.63	6.40006e+06
17.927	1267.7	6.40006e+06
17.928	1267.77	6.40006e+06
17.929	1267.84	6.40006e+06
17.93	1267.91	6.40006e+06
17.931	1267.98	6.40006e+06
17.932	1268.05	6.40006e+06
17.933	1268.13	6.40006e+06
17.934	1268.2	6.40006e+06
17.935	1268.27	6.40006e+06
17.936	1268.34	6.40006e+06
17.937	1268.41	6.40006e+06
17.938	1268.48	6.40006e+06
17.939	1268.55	6.40006e+06
17.94	1268.62	6.40006e+06
17.941	1268.69	6.40006e+06
17.942	1268.76	6.40006e+06
17.943	1268.83	6.40006e+06
17.944	1268.9	6.40006e+06
17.945	1268.97	6.40006e+06
17.946	1269.04	6.40006e+06
17.947	1269.12	6.40006e+06
17.948	1269.19	6.40006e+06
17.949	1269.26	6.40006e+06
17.95	1269.33	6.40006e+06
17.951	1269.4	6.40006e+06
17.952	1269.47	6.40006e+06
17.953	1269.54	6.40006e+06
17.954	1269.61	6.40006e+06
17.955	1269.68	6.40006e+06
17.956	1269.75	6.40006e+06
17.957	1269.82	6.40006e+06
17.958	1269.89	6.40006e+06
17.959	1269.96	6.40006e+06
17.96	1270.03	6.40006e+06
17.961	1270.11	6.40006e+06
17.962	1270.18	6.40006e+06
17.963	1270.25	6.40006e+06
17.964	1270.32	6.40006e+06
17.965	1270.39	6.40006e+06
17.966	1270.46	6.40006e+06
17.967	1270.53	6.40006e+06
17.968	1270.6	6.40006e+06
17.969	1270.67	6.40006e+06
17.97	1270.74	6.40006e+06
17.971	1270.81	6.40006e+06
17.972	1270.88	6.40006e+06
17.973	1270.95	6.40006e+06
17.974	1271.02	6.40006e+06
17.975	1271.1	6.40006e+06
17.976	1271.17	6.40006e+06
17.977	1271.24	6.40006e+06
17.978	1271.31	6.40006e+06
17.979	1271.38	6.40006e+06
17.98	1271.45	6.40006e+06
17.981	1271.52	6.40006e+06
17.982	1271.59	6.40006e+06
17.983	1271.66	6.40006e+06
17.984	1271.73	6.40006e+06
17.985	1271.8	6.40006e+06
17.986	1271.87	6.40006e+06
17.987	1271.94	6.40006e+06
17.988	1272.01	6.40006e+06
17.989	1272.09	6.40006e+06
17.99	1272.16	6.40006e+06
17.991	1272.23	6.40006e+06
17.992	1272.3	6.40006e+06
17.993	1272.37	6.40006e+06
17.994	1272.44	6.40006e+06
17.995	1272.51	6.40006e+06
17.996	1272.58	6.40006e+06
17.997	1272.65	6.40006e+06
17.998	1272.72	6.40006e+06
17.999	1272.79	6.40006e+06
18	1272.86	6.40006e+06
18.001	1272.93	6.40006e+06
18.002	1273	6.40006e+06
18.003	1273.08	6.40006e+06
18.004	1273.15	6.40006e+06
18.005	1273.22	6.40006e+06
18.006	1273.29	6.40006e+06
18.007	1273.36	6.40005e+06
18.008	1273.43	6.40005e+06
18.009	1273.5	6.40005e+06
18.01	1273.57	6.40005e+06
18.011	1273.64	6.40005e+06
18.012	1273.71	6.40005e+06
18.013	1273.78	6.40005e+06
18.014	1273.85	6.40005e+06
18.015	1273.92	6.40005e+06
18.016	1273.99	6.40005e+06
18.017	1274.06	6.40005e+06
18.018	1274.14	6.40005e+06
18.019	1274.21	6.40005e+06
18.02	1274.28	6.40005e+06
18.021	1274.35	6.40005e+06
18.022	1274.42	6.40005e+06
18.023	1274.49	6.40005e+06
18.024	1274.56	6.40005e+06
18.025	1274.63	6.40005e+06
18.026	1274.7	6.40005e+06
18.027	1274.77	6.40005e+06
18.028	1274.84	6.40005e+06
18.029	1274.91	6.40005e+06
18.03	1274.98	6.40005e+06
18.031	1275.05	6.40005e+06
18.032	1275.13	6.40005e+06
18.033	1275.2	6.40005e+06
18.034	1275.27	6.40005e+06
18.035	1275.34	6.40005e+06
18.036	1275.41	6.40005e+06
18.037	1275.48	6.40005e+06
18.038	1275.55	6.40005e+06
18.039	1275.62	6.40005e+06
18.04	1275.69	6.40005e+06
18.041	1275.76	6.40005e+06
18.042	1275.83	6.40005e+06
18.043	1275.9	6.40005e+06
18.044	1275.97	6.40005e+06
18.045	1276.04	6.40005e+06
18.046	1276.12	6.40005e+06
18.047	1276.19	6.40005e+06
18.048	1276.26	6.40005e+06
18.049	1276.33	6.40005e+06
18.05	1276.4	6.40005e+06
18.051	1276.47	6.40005e+06
18.052	1276.54	6.40005e+06
18.053	1276.61	6.40005e+06
18.054	1276.68	6.40005e+06
18.055	1276.75	6.40005e+06
18.056	1276.82	6.40005e+06
18.057	1276.89	6.40005e+06
18.058	1276.96	6.40005e+06
18.059	1277.03	6.40005e+06
18.06	1277.11	6.40005e+06
18.061	1277.18	6.40005e+06
18.062	1277.25	6.40005e+06
18.063	1277.32	6.40005e+06
18.064	1277.39	6.40005e+06
18.065	1277.46	6.40005e+06
18.066	1277.53	6.40005e+06
18.067	1277.6	6.40005e+06
18.068	1277.67	6.40005e+06
18.069	1277.74	6.40005e+06
18.07	1277.81	6.40005e+06
18.071	1277.88	6.40005e+06
18.072	1277.95	6.40005e+06
18.073	1278.02	6.40005e+06
18.074	1278.1	6.40005e+06
18.075	1278.17	6.40005e+06
18.076	1278.24	6.40005e+06
18.077	1278.31	6.40005e+06
18.078	1278.38	6.40005e+06
18.079	1278.45	6.40005e+06
18.08	1278.52	6.40005e+06
18.081	1278.59	6.40005e+06
18.082	1278.66	6.40005e+06
18.083	1278.73	6.40005e+06
18.084	1278.8	6.40005e+06
18.085	1278.87	6.40005e+06
18.086	1278.94	6.40005e+06
18.087	1279.01	6.40005e+06
18.088	1279.09	6.40005e+06
18.089	1279.16	6.40005e+06
18.09	1279.23	6.40005e+06
18.091	1279.3	6.40005e+06
18.092	1279.37	6.40005e+06
18.093	1279.44	6.40005e+06
18.094	1279.51	6.40005e+06
18.095	1279.58	6.40005e+06
18.096	1279.65	6.40005e+06
18.097	1279.72	6.40005e+06
18.098	1279.79	6.40005e+06
18.099	1279.86	6.40005e+06
18.1	1279.93	6.40005e+06
18.101	1280	6.40005e+06
18.102	1280.08	6.40005e+06
18.103	1280.15	6.40005e+06
18.104	1280.22	6.40005e+06
18.105	1280.29	6.40005e+06
18.106	1280.36	6.40005e+06
18.107	1280.43	6.40005e+06
18.108	1280.5	6.40005e+06
18.109	1280.57	6.40005e+06
18.11	1280.64	6.40005e+06
18.111	1280.71	6.40005e+06
18.112	1280.78	6.40005e+06
18.113	1280.85	6.40005e+06
18.114	1280.92	6.40005e+06
18.115	1280.99	6.40005e+06
18.116	1281.07	6.40005e+06
18.117	1281.14	6.40005e+06
18.118	1281.21	6.40005e+06
18.119	1281.28	6.40005e+06
18.12	1281.35	6.40005e+06
18.121	1281.42	6.40005e+06
18.122	1281.49	6.40005e+06
18.123	1281.56	6.40005e+06
18.124	1281.63	6.40005e+06
18.125	1281.7	6.40005e+06
18.126	1281.77	6.40005e+06
18.127	1281.84	6.40005e+06
18.128	1281.91	6.40005e+06
18.129	1281.98	6.40005e+06
18.13	1282.06	6.40005e+06
18.131	1282.13	6.40005e+06
18.132	1282.2	6.40005e+06
18.133	1282.27	6.40005e+06
18.134	1282.34	6.40005e+06
18.135	1282.41	6.40005e+06
18.136	1282.48	6.40005e+06
18.137	1282.55	6.40005e+06
18.138	1282.62	6.40005e+06
18.139	1282.69	6.40005e+06
18.14	1282.76	6.40005e+06
18.141	1282.83	6.40005e+06
18.142	1282.9	6.40005e+06
18.143	1282.97	6.40005e+06
18.144	1283.05	6.40005e+06
18.145	1283.12	6.40005e+06
18.146	1283.19	6.40005e+06
18.147	1283.26	6.40005e+06
18.148	1283.33	6.40005e+06
18.149	1283.4	6.40005e+06
18.15	1283.47	6.40005e+06
18.151	1283.54	6.40005e+06
18.152	1283.61	6.40005e+06
18.153	1283.68	6.40005e+06
18.154	1283.75	6.40005e+06
18.155	1283.82	6.40005e+06
18.156	1283.89	6.40005e+06
18.157	1283.96	6.40005e+06
18.158	1284.04	6.40005e+06
18.159	1284.11	6.40005e+06
18.16	1284.18	6.40005e+06
18.161	1284.25	6.40005e+06
18.162	1284.32	6.40005e+06
18.163	1284.39	6.40005e+06
18.164	1284.46	6.40005e+06
18.165	1284.53	6.40005e+06
18.166	1284.6	6.40005e+06
18.167	1284.67	6.40005e+06
18.168	1284.74	6.40005e+06
18.169	1284.81	6.40004e+06
18.17	1284.88	6.40004e+06
18.171	1284.95	6.40004e+06
18.172	1285.03	6.40004e+06
18.173	1285.1	6.40004e+06
18.174	1285.17	6.40004e+06
18.175	1285.24	6.40004e+06
18.176	1285.31	6.40004e+06
18.177	1285.38	6.40004e+06
18.178	1285.45	6.40004e+06
18.179	1285.52	6.40004e+06
18.18	1285.59	6.40004e+06
18.181	1285.66	6.40004e+06
18.182	1285.73	6.40004e+06
18.183	1285.8	6.40004e+06
18.184	1285.87	6.40004e+06
18.185	1285.94	6.40004e+06
18.186	1286.02	6.40004e+06
18.187	1286.09	6.40004e+06
18.188	1286.16	6.40004e+06
18.189	1286.23	6.40004e+06
18.19	1286.3	6.40004e+06
18.191	1286.37	6.40004e+06
18.192	1286.44	6.40004e+06
18.193	1286.51	6.40004e+06
18.194	1286.58	6.40004e+06
18.195	1286.65	6.40004e+06
18.196	1286.72	6.40004e+06
18.197	1286.79	6.40004e+06
18.198	1286.86	6.40004e+06
18.199	1286.93	6.40004e+06
18.2	1287.01	6.40004e+06
18.201	1287.08	6.40004e+06
18.202	1287.15	6.40004e+06
18.203	1287.22	6.40004e+06
18.204	1287.29	6.40004e+06
18.205	1287.36	6.40004e+06
18.206	1287.43	6.40004e+06
18.207	1287.5	6.40004e+06
18.208	1287.57	6.40004e+06
18.209	1287.64	6.40004e+06
18.21	1287.71	6.40004e+06
18.211	1287.78	6.40004e+06
18.212	1287.85	6.40004e+06
18.213	1287.92	6.40004e+06
18.214	1288	6.40004e+06
18.215	1288.07	6.40004e+06
18.216	1288.14	6.40004e+06
18.217	1288.21	6.40004e+06
18.218	1288.28	6.40004e+06
18.219	1288.35	6.40004e+06
18.22	1288.42	6.40004e+06
18.221	1288.49	6.40004e+06
18.222	1288.56	6.40004e+06
18.223	1288.63	6.40004e+06
18.224	1288.7	6.40004e+06
18.225	1288.77	6.40004e+06
18.226	1288.84	6.40004e+06
18.227	1288.91	6.40004e+06
18.228	1288.98	6.40004e+06
18.229	1289.06	6.40004e+06
18.23	1289.13	6.40004e+06
18.231	1289.2	6.40004e+06
18.232	1289.27	6.40004e+06
18.233	1289.34	6.40004e+06
18.234	1289.41	6.40004e+06
18.235	1289.48	6.40004e+06
18.236	1289.55	6.40004e+06
18.237	1289.62	6.40004e+06
18.238	1289.69	6.40004e+06
18.239	1289.76	6.40004e+06
18.24	1289.83	6.40004e+06
18.241	1289.9	6.40004e+06
18.242	1289.97	6.40004e+06
18.243	1290.05	6.40004e+06
18.244	1290.12	6.40004e+06
18.245	1290.19	6.40004e+06
18.246	1290.26	6.40004e+06
18.247	1290.33	6.40004e+06
18.248	1290.4	6.40004e+06
18.249	1290.47	6.40004e+06
18.25	1290.54	6.40004e+06
18.251	1290.61	6.40004e+06
18.252	1290.68	6.40004e+06
18.253	1290.75	6.40004e+06
18.254	1290.82	6.40004e+06
18.255	1290.89	6.40004e+06
18.256	1290.96	6.40004e+06
18.257	1291.04	6.40004e+06
18.258	1291.11	6.40004e+06
18.259	1291.18	6.40004e+06
18.26	1291.25	6.40004e+06
18.261	1291.32	6.40004e+06
18.262	1291.39	6.40004e+06
18.263	1291.46	6.40004e+06
18.264	1291.53	6.40004e+06
18.265	1291.6	6.40004e+06
18.266	1291.67	6.40004e+06
18.267	1291.74	6.40004e+06
18.268	1291.81	6.40004e+06
18.269	1291.88	6.40004e+06
18.27	1291.95	6.40004e+06
18.271	1292.03	6.40004e+06
18.272	1292.1	6.40004e+06
18.273	1292.17	6.40004e+06
18.274	1292.24	6.40004e+06
18.275	1292.31	6.40004e+06
18.276	1292.38	6.40004e+06
18.277	1292.45	6.40004e+06
18.278	1292.52	6.40004e+06
18.279	1292.59	6.40004e+06
18.28	1292.66	6.40004e+06
18.281	1292.73	6.40004e+06
18.282	1292.8	6.40004e+06
18.283	1292.87	6.40004e+06
18.284	1292.94	6.40004e+06
18.285	1293.02	6.40004e+06
18.286	1293.09	6.40004e+06
18.287	1293.16	6.40004e+06
18.288	1293.23	6.40004e+06
18.289	1293.3	6.40004e+06
18.29	1293.37	6.40004e+06
18.291	1293.44	6.40004e+06
18.292	1293.51	6.40004e+06
18.293	1293.58	6.40004e+06
18.294	1293.65	6.40004e+06
18.295	1293.72	6.40004e+06
18.296	1293.79	6.40004e+06
18.297	1293.86	6.40004e+06
18.298	1293.93	6.40004e+06
18.299	1294.01	6.40004e+06
18.3	1294.08	6.40004e+06
18.301	1294.15	6.40004e+06
18.302	1294.22	6.40004e+06
18.303	1294.29	6.40004e+06
18.304	1294.36	6.40004e+06
18.305	1294.43	6.40004e+06
18.306	1294.5	6.40004e+06
18.307	1294.57	6.40004e+06
18.308	1294.64	6.40004e+06
18.309	1294.71	6.40004e+06
18.31	1294.78	6.40004e+06
18.311	1294.85	6.40004e+06
18.312	1294.92	6.40004e+06
18.313	1295	6.40004e+06
18.314	1295.07	6.40004e+06
18.315	1295.14	6.40004e+06
18.316	1295.21	6.40004e+06
18.317	1295.28	6.40004e+06
18.318	1295.35	6.40004e+06
18.319	1295.42	6.40004e+06
18.32	1295.49	6.40004e+06
18.321	1295.56	6.40004e+06
18.322	1295.63	6.40004e+06
18.323	1295.7	6.40004e+06
18.324	1295.77	6.40004e+06
18.325	1295.84	6.40004e+06
18.326	1295.91	6.40004e+06
18.327	1295.99	6.40004e+06
18.328	1296.06	6.40003e+06
18.329	1296.13	6.40003e+06
18.33	1296.2	6.40003e+06
18.331	1296.27	6.40003e+06
18.332	1296.34	6.40003e+06
18.333	1296.41	6.40003e+06
18.334	1296.48	6.40003e+06
18.335	1296.55	6.40003e+06
18.336	1296.62	6.40003e+06
18.337	1296.69	6.40003e+06
18.338	1296.76	6.40003e+06
18.339	1296.83	6.40003e+06
18.34	1296.9	6.40003e+06
18.341	1296.98	6.40003e+06
18.342	1297.05	6.40003e+06
18.343	1297.12	6.40003e+06
18.344	1297.19	6.40003e+06
18.345	1297.26	6.40003e+06
18.346	1297.33	6.40003e+06
18.347	1297.4	6.40003e+06
18.348	1297.47	6.40003e+06
18.349	1297.54	6.40003e+06
18.35	1297.61	6.40003e+06
18.351	1297.68	6.40003e+06
18.352	1297.75	6.40003e+06
18.353	1297.82	6.40003e+06
18.354	1297.89	6.40003e+06
18.355	1297.97	6.40003e+06
18.356	1298.04	6.40003e+06
18.357	1298.11	6.40003e+06
18.358	1298.18	6.40003e+06
18.359	1298.25	6.40003e+06
18.36	1298.32	6.40003e+06
18.361	1298.39	6.40003e+06
18.362	1298.46	6.40003e+06
18.363	1298.53	6.40003e+06
18.364	1298.6	6.40003e+06
18.365	1298.67	6.40003e+06
18.366	1298.74	6.40003e+06
18.367	1298.81	6.40003e+06
18.368	1298.88	6.40003e+06
18.369	1298.96	6.40003e+06
18.37	1299.03	6.40003e+06
18.371	1299.1	6.40003e+06
18.372	1299.17	6.40003e+06
18.373	1299.24	6.40003e+06
18.374	1299.31	6.40003e+06
18.375	1299.38	6.40003e+06
18.376	1299.45	6.40003e+06
18.377	1299.52	6.40003e+06
18.378	1299.59	6.40003e+06
18.379	1299.66	6.40003e+06
18.38	1299.73	6.40003e+06
18.381	1299.8	6.40003e+06
18.382	1299.87	6.40003e+06
18.383	1299.95	6.40003e+06
18.384	1300.02	6.40003e+06
18.385	1300.09	6.40003e+06
18.386	1300.16	6.40003e+06
18.387	1300.23	6.40003e+06
18.388	1300.3	6.40003e+06
18.389	1300.37	6.40003e+06
18.39	1300.44	6.40003e+06
18.391	1300.51	6.40003e+06
18.392	1300.58	6.40003e+06
18.393	1300.65	6.40003e+06
18.394	1300.72	6.40003e+06
18.395	1300.79	6.40003e+06
18.396	1300.86	6.40003e+06
18.397	1300.94	6.40003e+06
18.398	1301.01	6.40003e+06
18.399	1301.08	6.40003e+06
18.4	1301.15	6.40003e+06
18.401	1301.22	6.40003e+06
18.402	1301.29	6.40003e+06
18.403	1301.36	6.40003e+06
18.404	1301.43	6.40003e+06
18.405	1301.5	6.40003e+06
18.406	1301.57	6.40003e+06
18.407	1301.64	6.40003e+06
18.408	1301.71	6.40003e+06
18.409	1301.78	6.40003e+06
18.41	1301.85	6.40003e+06
18.411	1301.93	6.40003e+06
18.412	1302	6.40003e+06
18.413	1302.07	6.40003e+06
18.414	1302.14	6.40003e+06
18.415	1302.21	6.40003e+06
18.416	1302.28	6.40003e+06
18.417	1302.35	6.40003e+06
18.418	1302.42	6.40003e+06
18.419	1302.49	6.40003e+06
18.42	1302.56	6.40003e+06
18.421	1302.63	6.40003e+06
18.422	1302.7	6.40003e+06
18.423	1302.77	6.40003e+06
18.424	1302.84	6.40003e+06
18.425	1302.91	6.40003e+06
18.426	1302.99	6.40003e+06
18.427	1303.06	6.40003e+06
18.428	1303.13	6.40003e+06
18.429	1303.2	6.40003e+06
18.43	1303.27	6.40003e+06
18.431	1303.34	6.40003e+06
18.432	1303.41	6.40003e+06
18.433	1303.48	6.40003e+06
18.434	1303.55	6.40003e+06
18.435	1303.62	6.40003e+06
18.436	1303.69	6.40003e+06
18.437	1303.76	6.40003e+06
18.438	1303.83	6.40003e+06
18.439	1303.9	6.40003e+06
18.44	1303.98	6.40003e+06
18.441	1304.05	6.40003e+06
18.442	1304.12	6.40003e+06
18.443	1304.19	6.40003e+06
18.444	1304.26	6.40003e+06
18.445	1304.33	6.40003e+06
18.446	1304.4	6.40003e+06
18.447	1304.47	6.40003e+06
18.448	1304.54	6.40003e+06
18.449	1304.61	6.40003e+06
18.45	1304.68	6.40003e+06
18.451	1304.75	6.40003e+06
18.452	1304.82	6.40003e+06
18.453	1304.89	6.40003e+06
18.454	1304.97	6.40003e+06
18.455	1305.04	6.40003e+06
18.456	1305.11	6.40003e+06
18.457	1305.18	6.40003e+06
18.458	1305.25	6.40003e+06
18.459	1305.32	6.40003e+06
18.46	1305.39	6.40003e+06
18.461	1305.46	6.40003e+06
18.462	1305.53	6.40003e+06
18.463	1305.6	6.40003e+06
18.464	1305.67	6.40003e+06
18.465	1305.74	6.40003e+06
18.466	1305.81	6.40003e+06
18.467	1305.88	6.40003e+06
18.468	1305.96	6.40003e+06
18.469	1306.03	6.40003e+06
18.47	1306.1	6.40003e+06
18.471	1306.17	6.40003e+06
18.472	1306.24	6.40003e+06
18.473	1306.31	6.40003e+06
18.474	1306.38	6.40003e+06
18.475	1306.45	6.40003e+06
18.476	1306.52	6.40003e+06
18.477	1306.59	6.40003e+06
18.478	1306.66	6.40003e+06
18.479	1306.73	6.40003e+06
18.48	1306.8	6.40003e+06
18.481	1306.87	6.40003e+06
18.482	1306.95	6.40003e+06
18.483	1307.02	6.40003e+06
18.484	1307.09	6.40002e+06
18.485	1307.16	6.40002e+06
18.486	1307.23	6.40002e+06
18.487	1307.3	6.40002e+06
18.488	1307.37	6.40002e+06
18.489	1307.44	6.40002e+06
18.49	1307.51	6.40002e+06
18.491	1307.58	6.40002e+06
18.492	1307.65	6.40002e+06
18.493	1307.72	6.40002e+06
18.494	1307.79	6.40002e+06
18.495	1307.86	6.40002e+06
18.496	1307.94	6.40002e+06
18.497	1308.01	6.40002e+06
18.498	1308.08	6.40002e+06
18.499	1308.15	6.40002e+06
18.5	1308.22	6.40002e+06
18.501	1308.29	6.40002e+06
18.502	1308.36	6.40002e+06
18.503	1308.43	6.40002e+06
18.504	1308.5	6.40002e+06
18.505	1308.57	6.40002e+06
18.506	1308.64	6.40002e+06
18.507	1308.71	6.40002e+06
18.508	1308.78	6.40002e+06
18.509	1308.85	6.40002e+06
18.51	1308.93	6.40002e+06
18.511	1309	6.40002e+06
18.512	1309.07	6.40002e+06
18.513	1309.14	6.40002e+06
18.514	1309.21	6.40002e+06
18.515	1309.28	6.40002e+06
18.516	1309.35	6.40002e+06
18.517	1309.42	6.40002e+06
18.518	1309.49	6.40002e+06
18.519	1309.56	6.40002e+06
18.52	1309.63	6.40002e+06
18.521	1309.7	6.40002e+06
18.522	1309.77	6.40002e+06
18.523	1309.84	6.40002e+06
18.524	1309.92	6.40002e+06
18.525	1309.99	6.40002e+06
18.526	1310.06	6.40002e+06
18.527	1310.13	6.40002e+06
18.528	1310.2	6.40002e+06
18.529	1310.27	6.40002e+06
18.53	1310.34	6.40002e+06
18.531	1310.41	6.40002e+06
18.532	1310.48	6.40002e+06
18.533	1310.55	6.40002e+06
18.534	1310.62	6.40002e+06
18.535	1310.69	6.40002e+06
18.536	1310.76	6.40002e+06
18.537	1310.83	6.40002e+06
18.538	1310.91	6.40002e+06
18.539	1310.98	6.40002e+06
18.54	1311.05	6.40002e+06
18.541	1311.12	6.40002e+06
18.542	1311.19	6.40002e+06
18.543	1311.26	6.40002e+06
18.544	1311.33	6.40002e+06
18.545	1311.4	6.40002e+06
18.546	1311.47	6.40002e+06
18.547	1311.54	6.40002e+06
18.548	1311.61	6.40002e+06
18.549	1311.68	6.40002e+06
18.55	1311.75	6.40002e+06
18.551	1311.82	6.40002e+06
18.552	1311.9	6.40002e+06
18.553	1311.97	6.40002e+06
18.554	1312.04	6.40002e+06
18.555	1312.11	6.40002e+06
18.556	1312.18	6.40002e+06
18.557	1312.25	6.40002e+06
18.558	1312.32	6.40002e+06
18.559	1312.39	6.40002e+06
18.56	1312.46	6.40002e+06
18.561	1312.53	6.40002e+06
18.562	1312.6	6.40002e+06
18.563	1312.67	6.40002e+06
18.564	1312.74	6.40002e+06
18.565	1312.81	6.40002e+06
18.566	1312.89	6.40002e+06
18.567	1312.96	6.40002e+06
18.568	1313.03	6.40002e+06
18.569	1313.1	6.40002e+06
18.57	1313.17	6.40002e+06
18.571	1313.24	6.40002e+06
18.572	1313.31	6.40002e+06
18.573	1313.38	6.40002e+06
18.574	1313.45	6.40002e+06
18.575	1313.52	6.40002e+06
18.576	1313.59	6.40002e+06
18.577	1313.66	6.40002e+06
18.578	1313.73	6.40002e+06
18.579	1313.8	6.40002e+06
18.58	1313.88	6.40002e+06
18.581	1313.95	6.40002e+06
18.582	1314.02	6.40002e+06
18.583	1314.09	6.40002e+06
18.584	1314.16	6.40002e+06
18.585	1314.23	6.40002e+06
18.586	1314.3	6.40002e+06
18.587	1314.37	6.40002e+06
18.588	1314.44	6.40002e+06
18.589	1314.51	6.40002e+06
18.59	1314.58	6.40002e+06
18.591	1314.65	6.40002e+06
18.592	1314.72	6.40002e+06
18.593	1314.79	6.40002e+06
18.594	1314.87	6.40002e+06
18.595	1314.94	6.40002e+06
18.596	1315.01	6.40002e+06
18.597	1315.08	6.40002e+06
18.598	1315.15	6.40002e+06
18.599	1315.22	6.40002e+06
18.6	1315.29	6.40002e+06
18.601	1315.36	6.40002e+06
18.602	1315.43	6.40002e+06
18.603	1315.5	6.40002e+06
18.604	1315.57	6.40002e+06
18.605	1315.64	6.40002e+06
18.606	1315.71	6.40002e+06
18.607	1315.78	6.40002e+06
18.608	1315.86	6.40002e+06
18.609	1315.93	6.40002e+06
18.61	1316	6.40002e+06
18.611	1316.07	6.40002e+06
18.612	1316.14	6.40002e+06
18.613	1316.21	6.40002e+06
18.614	1316.28	6.40002e+06
18.615	1316.35	6.40002e+06
18.616	1316.42	6.40002e+06
18.617	1316.49	6.40002e+06
18.618	1316.56	6.40002e+06
18.619	1316.63	6.40002e+06
18.62	1316.7	6.40002e+06
18.621	1316.77	6.40002e+06
18.622	1316.84	6.40002e+06
18.623	1316.92	6.40002e+06
18.624	1316.99	6.40002e+06
18.625	1317.06	6.40002e+06
18.626	1317.13	6.40002e+06
18.627	1317.2	6.40002e+06
18.628	1317.27	6.40002e+06
18.629	1317.34	6.40002e+06
18.63	1317.41	6.40002e+06
18.631	1317.48	6.40002e+06
18.632	1317.55	6.40002e+06
18.633	1317.62	6.40002e+06
18.634	1317.69	6.40002e+06
18.635	1317.76	6.40002e+06
18.636	1317.83	6.40002e+06
18.637	1317.91	6.40002e+06
18.638	1317.98	6.40001e+06
18.639	1318.05	6.40001e+06
18.64	1318.12	6.40001e+06
18.641	1318.19	6.40001e+06
18.642	1318.26	6.40001e+06
18.643	1318.33	6.40001e+06
18.644	1318.4	6.40001e+06
18.645	1318.47	6.40001e+06
18.646	1318.54	6.40001e+06
18.647	1318.61	6.40001e+06
18.648	1318.68	6.40001e+06
18.649	1318.75	6.40001e+06
18.65	1318.82	6.40001e+06
18.651	1318.9	6.40001e+06
18.652	1318.97	6.40001e+06
18.653	1319.04	6.40001e+06
18.654	1319.11	6.40001e+06
18.655	1319.18	6.40001e+06
18.656	1319.25	6.40001e+06
18.657	1319.32	6.40001e+06
18.658	1319.39	6.40001e+06
18.659	1319.46	6.40001e+06
18.66	1319.53	6.40001e+06
18.661	1319.6	6.40001e+06
18.662	1319.67	6.40001e+06
18.663	1319.74	6.40001e+06
18.664	1319.81	6.40001e+06
18.665	1319.89	6.40001e+06
18.666	1319.96	6.40001e+06
18.667	1320.03	6.40001e+06
18.668	1320.1	6.40001e+06
18.669	1320.17	6.40001e+06
18.67	1320.24	6.40001e+06
18.671	1320.31	6.40001e+06
18.672	1320.38	6.40001e+06
18.673	1320.45	6.40001e+06
18.674	1320.52	6.40001e+06
18.675	1320.59	6.40001e+06
18.676	1320.66	6.40001e+06
18.677	1320.73	6.40001e+06
18.678	1320.8	6.40001e+06
18.679	1320.88	6.40001e+06
18.68	1320.95	6.40001e+06
18.681	1321.02	6.40001e+06
18.682	1321.09	6.40001e+06
18.683	1321.16	6.40001e+06
18.684	1321.23	6.40001e+06
18.685	1321.3	6.40001e+06
18.686	1321.37	6.40001e+06
18.687	1321.44	6.40001e+06
18.688	1321.51	6.40001e+06
18.689	1321.58	6.40001e+06
18.69	1321.65	6.40001e+06
18.691	1321.72	6.40001e+06
18.692	1321.79	6.40001e+06
18.693	1321.87	6.40001e+06
18.694	1321.94	6.40001e+06
18.695	1322.01	6.40001e+06
18.696	1322.08	6.40001e+06
18.697	1322.15	6.40001e+06
18.698	1322.22	6.40001e+06
18.699	1322.29	6.40001e+06
18.7	1322.36	6.40001e+06
18.701	1322.43	6.40001e+06
18.702	1322.5	6.40001e+06
18.703	1322.57	6.40001e+06
18.704	1322.64	6.40001e+06
18.705	1322.71	6.40001e+06
18.706	1322.78	6.40001e+06
18.707	1322.86	6.40001e+06
18.708	1322.93	6.40001e+06
18.709	1323	6.40001e+06
18.71	1323.07	6.40001e+06
18.711	1323.14	6.40001e+06
18.712	1323.21	6.40001e+06
18.713	1323.28	6.40001e+06
18.714	1323.35	6.40001e+06
18.715	1323.42	6.40001e+06
18.716	1323.49	6.40001e+06
18.717	1323.56	6.40001e+06
18.718	1323.63	6.40001e+06
18.719	1323.7	6.40001e+06
18.72	1323.77	6.40001e+06
18.721	1323.85	6.40001e+06
18.722	1323.92	6.40001e+06
18.723	1323.99	6.40001e+06
18.724	1324.06	6.40001e+06
18.725	1324.13	6.40001e+06
18.726	1324.2	6.40001e+06
18.727	1324.27	6.40001e+06
18.728	1324.34	6.40001e+06
18.729	1324.41	6.40001e+06
18.73	1324.48	6.40001e+06
18.731	1324.55	6.40001e+06
18.732	1324.62	6.40001e+06
18.733	1324.69	6.40001e+06
18.734	1324.76	6.40001e+06
18.735	1324.84	6.40001e+06
18.736	1324.91	6.40001e+06
18.737	1324.98	6.40001e+06
18.738	1325.05	6.40001e+06
18.739	1325.12	6.40001e+06
18.74	1325.19	6.40001e+06
18.741	1325.26	6.40001e+06
18.742	1325.33	6.40001e+06
18.743	1325.4	6.40001e+06
18.744	1325.47	6.40001e+06
18.745	1325.54	6.40001e+06
18.746	1325.61	6.40001e+06
18.747	1325.68	6.40001e+06
18.748	1325.75	6.40001e+06
18.749	1325.83	6.40001e+06
18.75	1325.9	6.40001e+06
18.751	1325.97	6.40001e+06
18.752	1326.04	6.40001e+06
18.753	1326.11	6.40001e+06
18.754	1326.18	6.40001e+06
18.755	1326.25	6.40001e+06
18.756	1326.32	6.40001e+06
18.757	1326.39	6.40001e+06
18.758	1326.46	6.40001e+06
18.759	1326.53	6.40001e+06
18.76	1326.6	6.40001e+06
18.761	1326.67	6.40001e+06
18.762	1326.74	6.40001e+06
18.763	1326.82	6.40001e+06
18.764	1326.89	6.40001e+06
18.765	1326.96	6.40001e+06
18.766	1327.03	6.40001e+06
18.767	1327.1	6.40001e+06
18.768	1327.17	6.40001e+06
18.769	1327.24	6.40001e+06
18.77	1327.31	6.40001e+06
18.771	1327.38	6.40001e+06
18.772	1327.45	6.40001e+06
18.773	1327.52	6.40001e+06
18.774	1327.59	6.40001e+06
18.775	1327.66	6.40001e+06
18.776	1327.73	6.40001e+06
18.777	1327.81	6.40001e+06
18.778	1327.88	6.40001e+06
18.779	1327.95	6.40001e+06
18.78	1328.02	6.40001e+06
18.781	1328.09	6.40001e+06
18.782	1328.16	6.40001e+06
18.783	1328.23	6.40001e+06
18.784	1328.3	6.40001e+06
18.785	1328.37	6.40001e+06
18.786	1328.44	6.40001e+06
18.787	1328.51	6.40001e+06
18.788	1328.58	6.40001e+06
18.789	1328.65	6.40001e+06
18.79	1328.72	6.4e+06
18.791	1328.8	6.4e+06
18.792	1328.87	6.4e+06
18.793	1328.94	6.4e+06
18.794	1329.01	6.4e+06
18.795	1329.08	6.4e+06
18.796	1329.15	6.4e+06
18.797	1329.22	6.4e+06
18.798	1329.29	6.4e+06
18.799	1329.36	6.4e+06
18.8	1329.43	6.4e+06
18.801	1329.5	6.4e+06
18.802	1329.57	6.4e+06
18.803	1329.64	6.4e+06
18.804	1329.71	6.4e+06
18.805	1329.79	6.4e+06
18.806	1329.86	6.4e+06
18.807	1329.93	6.4e+06
18.808	1330	6.4e+06
18.809	1330.07	6.4e+06
18.81	1330.14	6.4e+06
18.811	1330.21	6.4e+06
18.812	1330.28	6.4e+06
18.813	1330.35	6.4e+06
18.814	1330.42	6.4e+06
18.815	1330.49	6.4e+06
18.816	1330.56	6.4e+06
18.817	1330.63	6.4e+06
18.818	1330.7	6.4e+06
18.819	1330.77	6.4e+06
18.82	1330.85	6.4e+06
18.821	1330.92	6.4e+06
18.822	1330.99	6.4e+06
18.823	1331.06	6.4e+06
18.824	1331.13	6.4e+06
18.825	1331.2	6.4e+06
18.826	1331.27	6.4e+06
18.827	1331.34	6.4e+06
18.828	1331.41	6.4e+06
18.829	1331.48	6.4e+06
18.83	1331.55	6.4e+06
18.831	1331.62	6.4e+06
18.832	1331.69	6.4e+06
18.833	1331.76	6.4e+06
18.834	1331.84	6.4e+06
18.835	1331.91	6.4e+06
18.836	1331.98	6.4e+06
18.837	1332.05	6.4e+06
18.838	1332.12	6.4e+06
18.839	1332.19	6.4e+06
18.84	1332.26	6.4e+06
18.841	1332.33	6.4e+06
18.842	1332.4	6.4e+06
18.843	1332.47	6.4e+06
18.844	1332.54	6.4e+06
18.845	1332.61	6.4e+06
18.846	1332.68	6.4e+06
18.847	1332.75	6.4e+06
18.848	1332.83	6.4e+06
18.849	1332.9	6.4e+06
18.85	1332.97	6.4e+06
18.851	1333.04	6.4e+06
18.852	1333.11	6.4e+06
18.853	1333.18	6.4e+06
18.854	1333.25	6.4e+06
18.855	1333.32	6.4e+06
18.856	1333.39	6.4e+06
18.857	1333.46	6.4e+06
18.858	1333.53	6.4e+06
18.859	1333.6	6.4e+06
18.86	1333.67	6.4e+06
18.861	1333.74	6.4e+06
18.862	1333.82	6.4e+06
18.863	1333.89	6.4e+06
18.864	1333.96	6.4e+06
18.865	1334.03	6.4e+06
18.866	1334.1	6.4e+06
